fog_nodes,iot_tasks,cpu_limit,algorithm,fog_energy,cloud_energy,energy_saved_percent,qos_satisfaction,throughput
56,882,345,Round Robin,297.0,512.49,42.05,82.7,15.75
97,1115,440,Reinforcement Learning,314.28,475.81,33.95,79.59,11.49
19,646,672,FCFS,112.47,306.85,63.35,68.2,34.0
76,442,570,Reinforcement Learning,374.52,616.23,39.22,73.92,5.82
65,749,553,Round Robin,294.88,531.33,44.5,76.26,11.52
25,1696,870,QoS Aware Heuristic,416.39,512.72,18.79,97.78,67.84
87,1856,106,Reinforcement Learning,426.14,551.37,22.71,77.02,21.33
91,490,287,Bin Packing,192.21,329.27,41.63,83.45,5.38
79,1910,103,FCFS,119.37,216.26,44.8,96.9,24.18
79,1690,842,Round Robin,381.29,434.33,12.21,80.74,21.39
92,1579,744,QoS Aware Heuristic,491.11,584.6,15.99,70.06,17.16
28,967,224,Reinforcement Learning,278.66,530.72,47.49,75.24,34.54
7,369,114,FCFS,203.85,390.33,47.77,75.02,52.71
26,602,624,QoS Aware Heuristic,162.67,298.08,45.43,88.59,23.15
57,1288,729,Reinforcement Learning,214.98,417.07,48.45,71.84,22.6
6,1144,339,Round Robin,231.17,466.13,50.41,89.21,190.67
92,617,874,Bin Packing,269.55,408.16,33.96,95.57,6.71
34,968,459,Bin Packing,362.16,528.68,31.5,73.44,28.47
42,285,617,Round Robin,209.27,275.32,23.99,65.41,6.79
6,1354,419,FCFS,120.39,319.66,62.34,85.54,225.67
68,1036,330,Round Robin,249.31,388.41,35.81,74.43,15.24
64,1690,129,Reinforcement Learning,442.25,600.63,26.37,81.36,26.41
25,1975,633,FCFS,299.34,454.99,34.21,85.37,79.0
37,1960,255,Bin Packing,485.91,694.01,29.99,76.31,52.97
80,1235,729,Reinforcement Learning,301.45,494.57,39.05,96.99,15.44
62,1264,951,QoS Aware Heuristic,210.36,365.89,42.51,75.98,20.39
26,1082,804,QoS Aware Heuristic,177.33,231.57,23.42,72.29,41.62
93,109,498,QoS Aware Heuristic,377.81,583.05,35.2,95.43,1.17
53,942,445,Bin Packing,314.55,584.44,46.18,65.45,17.77
95,1890,294,Round Robin,341.6,583.99,41.51,64.97,19.89
63,274,267,FCFS,402.05,697.45,42.35,97.43,4.35
46,1892,476,Bin Packing,390.36,475.13,17.84,68.36,41.13
96,749,588,Reinforcement Learning,117.35,222.98,47.37,65.94,7.8
64,631,850,Reinforcement Learning,421.03,605.85,30.51,81.41,9.86
84,1878,461,QoS Aware Heuristic,313.08,422.05,25.82,61.87,22.36
19,1360,581,FCFS,256.68,315.32,18.6,84.8,71.58
66,1043,343,QoS Aware Heuristic,315.01,465.58,32.34,78.12,15.8
66,218,680,Reinforcement Learning,344.98,466.89,26.11,85.62,3.3
51,1135,706,Reinforcement Learning,159.8,275.74,42.05,71.36,22.25
66,1422,688,Round Robin,266.97,555.26,51.92,96.22,21.55
55,1515,270,Round Robin,234.23,343.84,31.88,70.82,27.55
59,63,612,Round Robin,240.16,322.52,25.54,85.5,1.07
68,213,505,QoS Aware Heuristic,136.53,217.86,37.33,97.8,3.13
7,1493,673,FCFS,163.94,415.52,60.55,76.03,213.29
55,806,306,Round Robin,164.73,393.44,58.13,66.46,14.65
11,1920,253,Bin Packing,249.29,331.66,24.84,62.74,174.55
25,1593,885,Round Robin,457.8,562.74,18.65,98.52,63.72
77,1739,147,QoS Aware Heuristic,182.41,419.25,56.49,90.55,22.58
43,1621,748,FCFS,266.48,385.13,30.81,96.76,37.7
22,1633,100,Round Robin,224.64,520.03,56.8,87.95,74.23
8,1670,846,FCFS,414.95,600.09,30.85,73.7,208.75
93,1101,867,Bin Packing,120.05,218.05,44.94,64.92,11.84
64,1781,506,Reinforcement Learning,178.62,443.32,59.71,97.17,27.83
18,495,206,FCFS,184.26,314.13,41.34,79.58,27.5
13,1281,272,Round Robin,497.19,619.39,19.73,75.86,98.54
94,1543,605,QoS Aware Heuristic,328.31,460.17,28.65,83.11,16.41
57,765,229,QoS Aware Heuristic,155.58,397.63,60.87,64.26,13.42
6,1025,497,QoS Aware Heuristic,208.88,302.18,30.88,72.37,170.83
88,868,393,QoS Aware Heuristic,167.13,312.58,46.53,85.52,9.86
96,153,651,FCFS,149.84,207.55,27.81,64.0,1.59
64,791,546,QoS Aware Heuristic,418.87,675.53,37.99,65.41,12.36
75,475,949,Reinforcement Learning,298.3,433.48,31.18,80.42,6.33
48,1174,115,Bin Packing,352.48,464.52,24.12,84.94,24.46
12,1614,738,FCFS,232.5,427.47,45.61,67.48,134.5
51,688,984,FCFS,321.48,547.73,41.31,61.32,13.49
39,899,448,QoS Aware Heuristic,203.03,456.25,55.5,98.33,23.05
82,1595,302,QoS Aware Heuristic,223.21,360.16,38.02,61.1,19.45
85,1179,233,FCFS,360.9,613.98,41.22,60.08,13.87
40,1752,870,QoS Aware Heuristic,160.14,326.36,50.93,72.93,43.8
54,818,625,QoS Aware Heuristic,346.89,422.18,17.83,68.9,15.15
8,1880,607,QoS Aware Heuristic,440.89,702.47,37.24,82.94,235.0
6,326,165,QoS Aware Heuristic,148.17,335.08,55.78,95.77,54.33
10,1138,579,QoS Aware Heuristic,458.98,659.6,30.42,79.24,113.8
58,1856,962,Round Robin,131.78,416.15,68.33,90.93,32.0
8,949,558,Round Robin,239.56,429.35,44.2,96.37,118.62
58,237,441,Round Robin,344.2,395.6,12.99,67.58,4.09
97,1390,806,FCFS,323.77,591.42,45.26,79.53,14.33
67,1989,725,Bin Packing,138.56,259.75,46.66,85.68,29.69
22,1211,258,FCFS,419.57,595.01,29.49,73.28,55.05
94,1416,260,Round Robin,489.26,590.48,17.14,89.59,15.06
48,154,353,FCFS,172.49,296.74,41.87,88.21,3.21
38,595,996,Bin Packing,458.05,679.71,32.61,76.84,15.66
78,429,626,QoS Aware Heuristic,322.72,480.11,32.78,63.52,5.5
66,159,648,Reinforcement Learning,474.37,681.15,30.36,60.46,2.41
18,594,254,Round Robin,170.43,426.32,60.02,74.77,33.0
99,403,585,Round Robin,416.81,552.02,24.49,63.28,4.07
52,792,531,Bin Packing,123.91,316.0,60.79,91.26,15.23
19,366,126,QoS Aware Heuristic,453.28,697.68,35.03,73.37,19.26
76,1339,111,QoS Aware Heuristic,369.66,598.44,38.23,86.64,17.62
82,1767,166,Reinforcement Learning,248.1,433.06,42.71,73.86,21.55
91,1925,641,QoS Aware Heuristic,176.19,322.04,45.29,91.84,21.15
66,1138,195,Bin Packing,426.61,578.49,26.25,95.54,17.24
44,382,314,QoS Aware Heuristic,341.3,499.58,31.68,93.5,8.68
89,1586,293,Bin Packing,244.17,381.38,35.98,79.38,17.82
84,1206,746,Round Robin,277.53,502.3,44.75,63.36,14.36
86,641,389,Round Robin,430.62,511.97,15.89,74.87,7.45
57,832,643,Round Robin,235.57,527.43,55.34,76.98,14.6
28,1826,984,FCFS,135.85,380.6,64.31,98.41,65.21
30,589,138,Round Robin,464.51,589.05,21.14,82.62,19.63
93,784,963,Bin Packing,254.94,315.58,19.22,85.63,8.43
64,1608,305,Reinforcement Learning,239.36,467.19,48.77,91.28,25.12
45,1569,998,QoS Aware Heuristic,181.76,415.35,56.24,82.73,34.87
33,670,654,Round Robin,458.97,749.88,38.79,83.94,20.3
19,668,583,FCFS,187.0,300.43,37.76,69.81,35.16
49,1730,436,FCFS,354.67,425.35,16.62,62.35,35.31
69,1442,595,Bin Packing,452.31,731.09,38.13,88.86,20.9
93,1939,870,Reinforcement Learning,113.97,228.63,50.15,93.95,20.85
75,958,348,Round Robin,431.52,661.9,34.81,76.48,12.77
13,1983,173,Round Robin,264.24,329.4,19.78,81.96,152.54
92,1724,472,FCFS,363.19,603.34,39.8,72.29,18.74
5,1869,930,Bin Packing,248.96,330.72,24.72,78.01,373.8
12,1883,978,FCFS,378.21,602.11,37.19,68.36,156.92
92,1041,907,FCFS,201.72,384.81,47.58,90.4,11.32
67,148,885,Reinforcement Learning,108.77,397.64,72.65,79.68,2.21
15,366,934,Bin Packing,479.12,538.35,11.0,81.89,24.4
85,172,970,Reinforcement Learning,106.55,229.56,53.59,61.48,2.02
12,1393,801,Bin Packing,429.64,497.02,13.56,84.9,116.08
39,848,237,Round Robin,167.66,437.46,61.67,68.11,21.74
39,1666,556,QoS Aware Heuristic,256.89,455.37,43.59,75.34,42.72
37,1568,913,QoS Aware Heuristic,429.0,612.74,29.99,76.51,42.38
9,506,922,Bin Packing,182.37,265.23,31.24,77.95,56.22
45,571,942,QoS Aware Heuristic,446.28,618.54,27.85,69.1,12.69
32,569,543,FCFS,299.1,448.78,33.35,94.0,17.78
11,966,452,Round Robin,246.46,375.4,34.35,77.11,87.82
77,766,893,Round Robin,364.98,608.03,39.97,84.49,9.95
76,364,510,QoS Aware Heuristic,236.56,301.88,21.64,84.56,4.79
16,758,777,Bin Packing,238.92,450.59,46.98,84.28,47.38
38,759,889,FCFS,393.41,649.16,39.4,82.37,19.97
37,1615,637,Bin Packing,223.93,500.76,55.28,92.91,43.65
52,1552,552,QoS Aware Heuristic,180.31,416.79,56.74,92.5,29.85
27,1986,518,Round Robin,423.06,543.67,22.18,76.69,73.56
66,1093,549,Round Robin,422.15,622.28,32.16,85.43,16.56
92,609,684,Bin Packing,299.03,384.38,22.2,64.11,6.62
41,1018,214,Reinforcement Learning,310.66,389.93,20.33,63.63,24.83
48,1203,150,Bin Packing,378.43,588.09,35.65,79.2,25.06
90,1366,468,Reinforcement Learning,303.71,566.49,46.39,96.01,15.18
95,1970,782,Bin Packing,266.82,333.63,20.03,86.0,20.74
39,1205,879,Reinforcement Learning,497.96,574.46,13.32,86.77,30.9
69,405,614,Reinforcement Learning,159.06,350.46,54.61,66.31,5.87
51,1127,309,Reinforcement Learning,337.09,441.64,23.67,78.13,22.1
82,939,987,Reinforcement Learning,454.35,657.3,30.88,76.03,11.45
7,842,949,FCFS,374.89,478.53,21.66,91.32,120.29
5,1460,912,Reinforcement Learning,452.37,531.49,14.89,65.51,292.0
9,314,994,Reinforcement Learning,234.53,420.92,44.28,81.57,34.89
94,1031,953,Round Robin,208.8,474.35,55.98,96.45,10.97
18,1288,726,FCFS,440.51,661.79,33.44,95.7,71.56
31,1533,778,Reinforcement Learning,257.65,512.33,49.71,94.09,49.45
13,1531,534,QoS Aware Heuristic,383.87,500.45,23.3,75.0,117.77
83,851,876,FCFS,159.1,430.59,63.05,97.64,10.25
19,92,326,Round Robin,402.34,546.6,26.39,92.21,4.84
94,1659,762,Bin Packing,319.59,582.7,45.15,94.05,17.65
46,911,367,Round Robin,207.44,375.23,44.72,97.29,19.8
81,1351,215,Round Robin,297.8,414.76,28.2,97.48,16.68
55,1911,699,FCFS,378.78,493.84,23.3,69.6,34.75
67,1827,929,FCFS,104.75,296.67,64.69,65.11,27.27
56,1203,853,QoS Aware Heuristic,354.99,424.74,16.42,87.63,21.48
8,399,459,QoS Aware Heuristic,316.64,599.15,47.15,82.53,49.88
98,1779,428,FCFS,188.11,305.98,38.52,73.1,18.15
27,1617,944,FCFS,401.19,535.1,25.03,87.38,59.89
19,1179,139,FCFS,221.38,329.71,32.86,62.48,62.05
47,961,281,Bin Packing,210.74,261.49,19.41,61.89,20.45
33,1789,589,Round Robin,288.49,511.63,43.61,74.17,54.21
40,50,308,QoS Aware Heuristic,370.46,568.1,34.79,67.75,1.25
17,1830,372,QoS Aware Heuristic,471.54,723.95,34.87,88.74,107.65
36,633,218,Reinforcement Learning,156.54,216.79,27.79,97.92,17.58
75,481,481,Bin Packing,258.59,540.75,52.18,86.47,6.41
63,1379,635,FCFS,126.8,259.52,51.14,86.19,21.89
90,1982,357,FCFS,403.42,681.69,40.82,60.26,22.02
32,1600,582,Bin Packing,279.09,355.87,21.58,80.49,50.0
70,102,608,QoS Aware Heuristic,382.77,618.75,38.14,92.68,1.46
46,989,191,FCFS,228.88,423.72,45.98,86.16,21.5
49,569,260,Reinforcement Learning,437.73,577.28,24.17,69.11,11.61
66,1403,248,QoS Aware Heuristic,313.93,383.72,18.19,93.94,21.26
61,1631,216,Round Robin,477.44,678.62,29.65,98.58,26.74
10,1398,557,Bin Packing,131.53,188.14,30.09,71.16,139.8
32,1187,664,QoS Aware Heuristic,305.71,481.03,36.45,68.28,37.09
32,196,913,Round Robin,406.58,607.63,33.09,73.54,6.12
48,1239,144,Reinforcement Learning,340.06,573.19,40.67,62.53,25.81
88,1452,876,Bin Packing,109.28,407.11,73.16,94.94,16.5
34,1212,873,FCFS,488.94,603.96,19.04,97.17,35.65
66,678,918,FCFS,219.31,349.91,37.32,85.33,10.27
79,348,333,Round Robin,199.71,335.0,40.39,90.57,4.41
96,1349,474,QoS Aware Heuristic,294.26,527.16,44.18,86.75,14.05
93,1989,646,Reinforcement Learning,316.86,599.81,47.17,75.09,21.39
66,838,949,Round Robin,406.52,700.1,41.93,85.28,12.7
5,899,296,Reinforcement Learning,257.31,543.76,52.68,93.45,179.8
31,1898,124,Reinforcement Learning,275.98,545.83,49.44,92.4,61.23
66,227,494,Reinforcement Learning,313.98,611.72,48.67,63.24,3.44
81,891,813,Bin Packing,257.75,401.74,35.84,78.5,11.0
7,1427,884,Round Robin,465.82,752.9,38.13,75.89,203.86
74,1227,135,Bin Packing,440.5,680.75,35.29,90.08,16.58
76,1999,573,QoS Aware Heuristic,281.99,374.1,24.62,80.06,26.3
31,1274,322,QoS Aware Heuristic,100.08,161.45,38.01,73.99,41.1
13,927,963,FCFS,460.37,563.99,18.37,88.25,71.31
66,1188,888,FCFS,149.73,394.42,62.04,78.94,18.0
41,1744,629,FCFS,197.8,405.72,51.25,70.26,42.54
55,1627,287,QoS Aware Heuristic,160.94,267.03,39.73,95.62,29.58
48,808,501,Reinforcement Learning,171.93,407.41,57.8,64.52,16.83
28,1141,356,Reinforcement Learning,421.15,506.48,16.85,60.72,40.75
83,1518,753,Round Robin,331.8,587.26,43.5,65.76,18.29
63,494,235,QoS Aware Heuristic,482.44,730.98,34.0,66.55,7.84
36,1399,918,FCFS,192.58,485.72,60.35,81.52,38.86
92,1919,690,QoS Aware Heuristic,294.25,381.82,22.93,84.99,20.86
56,757,543,Reinforcement Learning,490.97,767.62,36.04,77.94,13.52
66,651,517,Reinforcement Learning,430.58,565.86,23.91,68.17,9.86
62,1696,391,Bin Packing,391.45,545.46,28.23,65.29,27.35
56,1953,673,Bin Packing,175.59,342.7,48.76,79.69,34.88
16,1432,228,Round Robin,407.76,614.49,33.64,82.62,89.5
43,194,440,QoS Aware Heuristic,239.03,537.72,55.55,72.16,4.51
6,324,909,Bin Packing,312.21,512.2,39.05,68.82,54.0
7,558,356,Bin Packing,343.66,625.34,45.04,63.22,79.71
60,1252,823,QoS Aware Heuristic,343.75,457.51,24.87,61.05,20.87
85,802,665,Reinforcement Learning,390.61,540.21,27.69,64.23,9.44
63,1911,786,Round Robin,364.68,540.8,32.57,89.68,30.33
6,1904,199,Round Robin,127.35,258.08,50.65,73.76,317.33
6,526,138,Round Robin,282.94,577.16,50.98,61.1,87.67
96,1916,362,Bin Packing,365.61,597.03,38.76,80.33,19.96
58,1487,249,Reinforcement Learning,218.4,388.12,43.73,81.44,25.64
91,1226,732,Round Robin,225.22,463.05,51.36,77.15,13.47
5,1177,789,QoS Aware Heuristic,149.83,316.69,52.69,64.43,235.4
23,1148,912,Round Robin,267.45,321.76,16.88,90.2,49.91
6,1201,429,FCFS,494.73,680.53,27.3,87.56,200.17
57,1784,219,Reinforcement Learning,214.13,420.43,49.07,75.79,31.3
48,715,683,FCFS,312.57,607.87,48.58,75.23,14.9
94,617,318,Reinforcement Learning,397.29,457.49,13.16,66.24,6.56
36,1863,913,QoS Aware Heuristic,105.4,283.42,62.81,90.14,51.75
74,1418,222,Bin Packing,460.18,534.72,13.94,83.98,19.16
36,580,343,Bin Packing,254.62,341.87,25.52,63.43,16.11
72,208,985,Reinforcement Learning,447.65,650.27,31.16,75.12,2.89
59,1611,686,Round Robin,115.58,223.47,48.28,96.14,27.31
79,1499,617,FCFS,158.27,395.56,59.99,78.09,18.97
60,730,120,QoS Aware Heuristic,229.01,407.56,43.81,73.0,12.17
21,72,289,Round Robin,238.18,342.73,30.51,85.75,3.43
42,1120,324,Bin Packing,439.12,612.57,28.32,68.12,26.67
28,574,714,Round Robin,104.48,154.7,32.46,80.95,20.5
73,778,955,FCFS,356.44,622.13,42.71,86.78,10.66
74,1907,565,Bin Packing,152.52,205.69,25.85,94.2,25.77
90,1779,198,Reinforcement Learning,429.29,481.04,10.76,87.7,19.77
15,193,929,QoS Aware Heuristic,411.43,614.31,33.03,75.38,12.87
20,1658,462,QoS Aware Heuristic,299.97,593.35,49.44,90.71,82.9
77,717,182,Bin Packing,185.07,449.05,58.79,95.94,9.31
63,1662,792,Reinforcement Learning,353.8,466.8,24.21,79.11,26.38
74,1492,763,FCFS,162.5,261.67,37.9,60.18,20.16
84,730,155,QoS Aware Heuristic,176.01,382.54,53.99,95.24,8.69
97,1022,801,Bin Packing,350.68,606.34,42.16,66.62,10.54
7,848,121,QoS Aware Heuristic,496.49,637.01,22.06,65.05,121.14
24,134,679,Reinforcement Learning,456.42,614.51,25.73,72.31,5.58
63,465,284,FCFS,337.24,416.11,18.95,75.2,7.38
40,743,621,Reinforcement Learning,315.41,403.62,21.85,91.98,18.58
23,531,677,Round Robin,499.35,691.44,27.78,75.57,23.09
94,505,363,Reinforcement Learning,318.96,394.62,19.17,61.95,5.37
71,876,324,Reinforcement Learning,268.05,368.56,27.27,85.44,12.34
23,346,734,QoS Aware Heuristic,463.82,572.49,18.98,86.85,15.04
24,1185,137,Reinforcement Learning,193.67,354.65,45.39,92.57,49.38
75,1303,222,Bin Packing,139.01,200.41,30.64,75.95,17.37
56,1169,929,QoS Aware Heuristic,353.64,528.58,33.1,63.44,20.88
37,999,255,QoS Aware Heuristic,138.34,420.51,67.1,82.12,27.0
44,729,400,Round Robin,249.26,305.38,18.38,64.84,16.57
43,427,932,Bin Packing,269.43,477.18,43.54,60.68,9.93
86,1229,166,Reinforcement Learning,319.02,577.98,44.8,91.14,14.29
5,470,744,Round Robin,496.66,624.78,20.51,76.14,94.0
15,154,973,Bin Packing,188.39,271.27,30.55,81.0,10.27
96,1778,493,Round Robin,250.3,311.13,19.55,86.51,18.52
61,379,751,FCFS,152.9,363.88,57.98,76.04,6.21
93,488,693,Reinforcement Learning,343.05,531.11,35.41,62.05,5.25
54,1205,669,Round Robin,391.07,498.39,21.53,70.11,22.31
27,1940,760,FCFS,292.83,550.73,46.83,67.77,71.85
35,431,504,Reinforcement Learning,198.33,432.21,54.11,99.1,12.31
98,187,548,Round Robin,348.36,467.47,25.48,89.58,1.91
46,992,230,Round Robin,315.66,554.0,43.02,78.06,21.57
11,892,168,Round Robin,168.47,279.72,39.77,62.53,81.09
20,319,444,Round Robin,262.27,481.09,45.48,64.63,15.95
94,1623,861,QoS Aware Heuristic,274.08,353.72,22.51,92.52,17.27
64,445,419,Round Robin,493.05,716.11,31.15,97.82,6.95
6,1630,276,QoS Aware Heuristic,439.71,549.4,19.97,61.25,271.67
5,962,683,QoS Aware Heuristic,393.75,586.87,32.91,96.42,192.4
52,513,628,FCFS,455.51,548.63,16.97,75.22,9.87
16,1748,940,Reinforcement Learning,394.19,625.68,37.0,68.55,109.25
73,499,259,QoS Aware Heuristic,461.36,526.58,12.39,64.09,6.84
41,1404,681,Bin Packing,121.82,213.17,42.85,90.87,34.24
36,1326,724,QoS Aware Heuristic,282.43,378.46,25.37,78.76,36.83
13,1754,843,Bin Packing,398.76,459.1,13.14,93.3,134.92
23,1358,632,FCFS,333.32,569.57,41.48,69.05,59.04
52,1347,234,Bin Packing,170.07,465.31,63.45,87.14,25.9
84,69,874,FCFS,236.2,480.8,50.87,64.72,0.82
7,288,210,FCFS,227.11,492.27,53.86,63.59,41.14
24,1343,857,FCFS,204.54,256.04,20.11,65.34,55.96
28,467,382,Bin Packing,237.25,316.72,25.09,92.36,16.68
58,1383,619,Bin Packing,305.94,495.7,38.28,86.22,23.84
37,1104,895,FCFS,441.95,736.42,39.99,66.64,29.84
28,1899,818,FCFS,396.81,611.99,35.16,75.39,67.82
79,1177,293,Reinforcement Learning,434.1,577.63,24.85,90.55,14.9
76,1755,146,FCFS,453.44,539.98,16.03,71.43,23.09
40,235,441,Round Robin,266.46,354.67,24.87,96.85,5.88
42,1201,341,Reinforcement Learning,238.41,379.1,37.11,96.58,28.6
88,1283,621,Reinforcement Learning,123.05,351.5,64.99,82.12,14.58
93,1487,469,Reinforcement Learning,472.2,530.15,10.93,85.28,15.99
29,1354,900,Round Robin,126.33,389.37,67.56,86.13,46.69
97,302,230,Reinforcement Learning,396.45,681.84,41.86,70.34,3.11
22,68,369,Reinforcement Learning,251.24,523.44,52.0,74.61,3.09
86,761,913,Bin Packing,479.51,757.77,36.72,65.44,8.85
70,1805,160,Bin Packing,267.84,321.67,16.73,96.99,25.79
58,1209,263,FCFS,426.64,721.09,40.83,88.95,20.84
39,272,624,FCFS,213.06,354.65,39.92,61.85,6.97
84,52,371,QoS Aware Heuristic,219.64,486.96,54.9,81.98,0.62
65,1309,819,Round Robin,338.21,434.91,22.23,73.72,20.14
45,903,857,Bin Packing,499.19,660.82,24.46,92.61,20.07
37,1538,232,FCFS,307.03,368.07,16.58,73.75,41.57
72,277,343,Round Robin,474.52,534.54,11.23,85.77,3.85
37,962,905,Reinforcement Learning,414.5,700.32,40.81,66.63,26.0
18,1727,533,Round Robin,418.35,671.0,37.65,82.35,95.94
25,548,137,Bin Packing,274.38,456.84,39.94,71.76,21.92
52,570,970,QoS Aware Heuristic,254.62,435.98,41.6,66.6,10.96
24,751,667,Bin Packing,176.77,413.96,57.3,84.77,31.29
12,1935,418,FCFS,485.58,621.0,21.81,85.55,161.25
11,966,609,FCFS,483.76,724.23,33.2,99.33,87.82
71,1750,475,Round Robin,398.83,570.08,30.04,86.76,24.65
21,1212,659,Bin Packing,218.5,427.98,48.95,80.63,57.71
37,1349,716,FCFS,198.07,489.28,59.52,96.5,36.46
52,340,573,Reinforcement Learning,495.44,663.27,25.3,93.13,6.54
80,1126,158,Reinforcement Learning,126.62,281.22,54.97,81.95,14.08
63,1760,688,QoS Aware Heuristic,437.43,713.87,38.72,80.45,27.94
90,1183,598,Round Robin,242.18,517.83,53.23,97.68,13.14
26,764,317,FCFS,267.55,565.65,52.7,84.69,29.38
34,997,994,QoS Aware Heuristic,432.79,620.51,30.25,88.55,29.32
42,697,666,Reinforcement Learning,136.24,272.31,49.97,63.47,16.6
55,1077,666,QoS Aware Heuristic,241.67,351.77,31.3,88.73,19.58
58,1740,228,QoS Aware Heuristic,480.81,539.33,10.85,70.59,30.0
12,733,482,FCFS,379.63,611.31,37.9,64.62,61.08
31,919,487,FCFS,401.98,510.35,21.23,93.99,29.65
31,1120,184,FCFS,403.0,604.66,33.35,87.65,36.13
25,143,609,Round Robin,124.23,403.38,69.2,76.3,5.72
34,989,825,QoS Aware Heuristic,181.28,468.83,61.33,77.26,29.09
32,609,726,QoS Aware Heuristic,296.51,347.61,14.7,67.88,19.03
68,1825,536,Round Robin,247.26,376.53,34.33,60.38,26.84
73,1932,925,Reinforcement Learning,264.36,523.7,49.52,73.97,26.47
65,262,392,Bin Packing,412.58,596.69,30.86,65.94,4.03
52,485,148,Reinforcement Learning,105.87,357.75,70.41,76.87,9.33
23,901,166,Round Robin,364.2,627.53,41.96,93.35,39.17
8,557,886,QoS Aware Heuristic,100.04,260.7,61.63,64.59,69.62
39,885,228,QoS Aware Heuristic,125.22,264.97,52.74,63.67,22.69
68,700,128,FCFS,263.31,427.17,38.36,96.08,10.29
53,254,442,FCFS,436.38,649.58,32.82,89.81,4.79
21,430,644,QoS Aware Heuristic,158.0,299.79,47.3,62.12,20.48
48,1146,218,QoS Aware Heuristic,321.85,565.6,43.1,63.18,23.88
96,1589,791,FCFS,371.4,647.4,42.63,87.4,16.55
34,1149,762,FCFS,191.81,312.39,38.6,74.81,33.79
97,1914,232,Reinforcement Learning,304.93,596.18,48.85,88.97,19.73
50,126,426,QoS Aware Heuristic,464.56,670.24,30.69,76.18,2.52
10,865,284,QoS Aware Heuristic,304.89,574.43,46.92,98.71,86.5
41,817,605,Round Robin,162.93,238.91,31.8,87.78,19.93
28,459,745,Reinforcement Learning,351.13,464.0,24.33,61.86,16.39
97,1687,788,Bin Packing,336.88,467.13,27.88,73.22,17.39
50,155,633,Bin Packing,110.78,236.49,53.16,82.54,3.1
57,1918,340,Bin Packing,136.24,229.21,40.56,65.67,33.65
99,600,688,FCFS,162.71,429.76,62.14,60.1,6.06
64,1549,815,Bin Packing,154.52,309.17,50.02,63.17,24.2
67,875,615,Round Robin,203.79,494.57,58.79,80.97,13.06
89,1348,939,FCFS,281.64,477.51,41.02,85.29,15.15
36,137,264,FCFS,248.69,333.29,25.38,63.72,3.81
91,1796,739,Bin Packing,456.26,642.74,29.01,86.61,19.74
37,930,656,FCFS,344.84,643.23,46.39,84.68,25.14
71,1150,317,Reinforcement Learning,450.46,641.75,29.81,97.6,16.2
22,1150,846,Reinforcement Learning,310.82,361.29,13.97,93.63,52.27
29,1515,747,Bin Packing,135.95,419.22,67.57,97.73,52.24
99,589,779,Round Robin,285.31,394.03,27.59,98.64,5.95
58,294,848,FCFS,428.81,650.94,34.12,77.63,5.07
62,627,704,QoS Aware Heuristic,177.64,356.41,50.16,79.52,10.11
71,1851,104,Bin Packing,136.49,267.85,49.04,71.26,26.07
50,1455,767,FCFS,231.77,352.43,34.24,80.34,29.1
28,1031,856,Bin Packing,255.56,537.75,52.48,66.03,36.82
36,766,971,Bin Packing,222.5,500.48,55.54,86.86,21.28
51,1643,180,Round Robin,154.1,332.38,53.64,61.0,32.22
90,1786,346,QoS Aware Heuristic,200.34,314.96,36.39,69.43,19.84
27,1810,954,FCFS,372.91,448.5,16.85,68.32,67.04
70,191,592,Bin Packing,254.37,343.51,25.95,97.52,2.73
31,942,748,Bin Packing,353.02,533.58,33.84,65.8,30.39
6,1441,485,FCFS,314.52,441.48,28.76,95.63,240.17
94,1157,674,Bin Packing,319.62,380.14,15.92,64.97,12.31
21,1216,406,Bin Packing,199.42,363.21,45.1,86.03,57.9
37,401,727,Bin Packing,308.62,545.17,43.39,72.8,10.84
13,594,724,Reinforcement Learning,109.44,382.36,71.38,72.64,45.69
47,962,642,Reinforcement Learning,272.7,469.02,41.86,99.93,20.47
52,201,106,QoS Aware Heuristic,329.05,559.87,41.23,69.04,3.87
43,1231,614,Round Robin,172.8,313.82,44.94,68.1,28.63
97,1519,918,FCFS,202.62,376.68,46.21,83.57,15.66
46,702,854,Round Robin,187.81,420.22,55.31,89.63,15.26
30,1007,667,Round Robin,128.22,360.13,64.4,99.3,33.57
54,812,172,Reinforcement Learning,239.14,395.27,39.5,88.06,15.04
29,1376,109,QoS Aware Heuristic,491.59,677.51,27.44,82.47,47.45
28,673,672,Round Robin,241.55,522.51,53.77,76.37,24.04
17,705,661,Round Robin,284.21,492.21,42.26,83.8,41.47
64,499,221,Bin Packing,361.23,571.87,36.83,84.03,7.8
11,770,786,FCFS,359.4,605.56,40.65,68.71,70.0
61,1297,612,QoS Aware Heuristic,479.96,558.77,14.1,86.85,21.26
40,92,540,FCFS,443.03,623.75,28.97,68.18,2.3
49,313,137,Reinforcement Learning,417.58,707.44,40.97,79.6,6.39
24,1829,801,Round Robin,480.65,621.07,22.61,70.39,76.21
69,1076,690,Round Robin,192.31,316.04,39.15,72.51,15.59
12,1710,444,FCFS,346.82,547.12,36.61,84.56,142.5
20,1341,437,Reinforcement Learning,454.88,560.16,18.79,62.58,67.05
18,645,801,Bin Packing,349.66,538.65,35.09,60.48,35.83
80,1089,283,Bin Packing,490.97,579.88,15.33,65.22,13.61
91,1407,166,Round Robin,140.14,335.09,58.18,66.75,15.46
19,1537,116,Round Robin,275.73,476.32,42.11,67.91,80.89
96,1132,482,QoS Aware Heuristic,490.95,645.55,23.95,90.96,11.79
70,1062,467,FCFS,251.83,397.52,36.65,77.87,15.17
36,226,415,Round Robin,395.82,507.18,21.96,78.8,6.28
91,112,596,Reinforcement Learning,112.16,244.89,54.2,85.77,1.23
67,1007,907,FCFS,377.93,552.52,31.6,89.16,15.03
90,1052,820,QoS Aware Heuristic,473.85,585.76,19.11,60.14,11.69
55,610,444,Bin Packing,253.08,498.79,49.26,94.27,11.09
29,1380,652,QoS Aware Heuristic,108.52,335.78,67.68,99.54,47.59
62,1319,572,FCFS,111.16,228.49,51.35,64.87,21.27
67,1362,214,Bin Packing,456.81,531.17,14.0,86.04,20.33
66,1871,199,Reinforcement Learning,389.01,439.06,11.4,60.1,28.35
26,1004,984,Bin Packing,142.67,341.85,58.27,61.96,38.62
62,1405,537,Bin Packing,121.84,224.68,45.77,71.4,22.66
62,1600,444,Reinforcement Learning,421.93,475.08,11.19,93.86,25.81
90,899,448,Round Robin,423.94,563.71,24.79,86.1,9.99
53,1328,238,Round Robin,148.21,438.71,66.22,77.83,25.06
56,653,927,Bin Packing,220.61,443.1,50.21,77.54,11.66
46,1583,423,Bin Packing,412.01,676.45,39.09,78.64,34.41
74,1864,945,QoS Aware Heuristic,310.16,396.34,21.74,72.44,25.19
19,1791,401,Round Robin,482.63,550.95,12.4,95.11,94.26
58,655,393,Reinforcement Learning,292.43,345.31,15.31,82.71,11.29
64,1810,628,Bin Packing,370.78,659.7,43.8,79.36,28.28
12,1886,933,Bin Packing,303.91,428.96,29.15,78.6,157.17
57,879,391,QoS Aware Heuristic,477.19,642.07,25.68,97.43,15.42
64,1536,173,QoS Aware Heuristic,259.46,408.09,36.42,88.95,24.0
9,1272,874,QoS Aware Heuristic,191.92,424.53,54.79,65.79,141.33
72,1344,583,FCFS,230.65,358.14,35.6,77.48,18.67
10,795,115,Reinforcement Learning,441.11,624.97,29.42,71.53,79.5
98,607,625,FCFS,299.18,598.08,49.98,99.47,6.19
51,113,435,Bin Packing,241.7,402.72,39.98,76.62,2.22
59,1303,892,QoS Aware Heuristic,317.7,505.52,37.15,62.71,22.08
44,991,972,QoS Aware Heuristic,153.29,328.92,53.4,76.45,22.52
56,298,615,QoS Aware Heuristic,102.14,352.94,71.06,72.85,5.32
20,1319,226,Round Robin,212.23,328.94,35.48,83.98,65.95
17,989,923,Reinforcement Learning,342.0,434.61,21.31,69.04,58.18
34,1660,617,FCFS,384.67,623.19,38.27,61.44,48.82
23,206,228,Reinforcement Learning,430.64,584.54,26.33,63.84,8.96
21,784,610,QoS Aware Heuristic,470.67,749.1,37.17,71.33,37.33
67,1775,522,Bin Packing,264.84,475.88,44.35,73.93,26.49
23,1034,484,Round Robin,396.21,587.3,32.54,93.38,44.96
96,1637,982,Reinforcement Learning,129.87,197.48,34.24,70.8,17.05
62,1161,331,Bin Packing,123.01,355.61,65.41,61.26,18.73
59,1386,924,QoS Aware Heuristic,149.92,371.43,59.64,91.23,23.49
94,1924,294,QoS Aware Heuristic,279.43,489.45,42.91,94.76,20.47
94,1139,164,QoS Aware Heuristic,184.51,301.49,38.8,79.69,12.12
66,711,932,QoS Aware Heuristic,214.77,501.45,57.17,71.4,10.77
27,1093,714,Round Robin,359.15,489.56,26.64,90.89,40.48
13,82,376,Round Robin,243.41,331.47,26.57,60.36,6.31
16,1913,769,Reinforcement Learning,322.95,619.75,47.89,96.96,119.56
5,1866,323,QoS Aware Heuristic,264.96,501.52,47.17,94.62,373.2
62,607,900,Round Robin,167.59,321.29,47.84,81.79,9.79
5,122,377,Bin Packing,129.61,413.59,68.66,71.1,24.4
38,1939,793,Round Robin,194.49,267.27,27.23,61.31,51.03
52,874,465,Round Robin,123.08,195.0,36.88,99.99,16.81
93,1416,615,Reinforcement Learning,347.44,568.05,38.84,90.48,15.23
5,1206,314,Round Robin,418.29,512.78,18.43,73.55,241.2
20,1128,538,Bin Packing,235.9,515.18,54.21,60.77,56.4
65,110,527,QoS Aware Heuristic,254.84,514.93,50.51,85.57,1.69
68,1930,828,FCFS,426.48,553.07,22.89,99.48,28.38
67,1593,495,Reinforcement Learning,189.05,461.26,59.01,88.28,23.78
73,321,308,Bin Packing,147.66,208.38,29.14,63.35,4.4
26,295,600,Reinforcement Learning,300.45,487.61,38.38,76.09,11.35
97,1249,562,QoS Aware Heuristic,358.48,642.37,44.19,64.37,12.88
71,677,685,Round Robin,339.86,603.71,43.7,96.49,9.54
80,1390,326,Round Robin,385.55,524.57,26.5,73.22,17.38
30,1856,474,Bin Packing,122.7,218.42,43.82,89.34,61.87
20,754,599,QoS Aware Heuristic,271.28,373.92,27.45,63.39,37.7
55,711,192,FCFS,195.43,374.06,47.75,65.14,12.93
90,1204,559,FCFS,403.65,602.84,33.04,87.18,13.38
61,1175,676,Round Robin,449.09,507.29,11.47,93.74,19.26
33,359,420,QoS Aware Heuristic,212.53,365.92,41.92,68.06,10.88
82,1855,109,QoS Aware Heuristic,138.09,395.69,65.1,76.73,22.62
96,1365,402,Bin Packing,201.37,362.45,44.44,84.78,14.22
73,1795,421,FCFS,141.6,233.89,39.46,91.85,24.59
51,544,916,Bin Packing,228.97,517.69,55.77,85.13,10.67
98,1434,555,Reinforcement Learning,315.28,431.85,26.99,63.82,14.63
66,387,377,QoS Aware Heuristic,489.47,739.08,33.77,81.71,5.86
73,628,697,FCFS,259.75,358.2,27.48,95.38,8.6
80,59,637,Bin Packing,188.02,343.81,45.31,94.72,0.74
20,98,829,Round Robin,166.72,339.33,50.87,83.4,4.9
94,1560,492,Reinforcement Learning,169.22,344.38,50.86,99.83,16.6
94,672,194,Bin Packing,177.04,356.16,50.29,64.2,7.15
52,1394,855,Round Robin,404.91,511.15,20.78,79.14,26.81
89,780,206,FCFS,124.41,303.39,58.99,91.0,8.76
43,1642,489,FCFS,498.96,669.39,25.46,65.64,38.19
37,844,859,Reinforcement Learning,309.07,411.25,24.85,98.91,22.81
98,1020,625,Round Robin,317.71,614.76,48.32,74.16,10.41
27,1698,772,QoS Aware Heuristic,243.03,509.42,52.29,74.01,62.89
14,182,170,FCFS,376.1,647.99,41.96,68.53,13.0
73,1656,763,QoS Aware Heuristic,288.58,509.97,43.41,71.52,22.68
38,132,686,QoS Aware Heuristic,231.62,321.59,27.98,83.1,3.47
56,106,475,Bin Packing,206.06,398.08,48.24,77.17,1.89
99,425,826,Bin Packing,470.26,725.62,35.19,67.74,4.29
14,398,467,FCFS,216.4,276.08,21.62,92.37,28.43
23,320,150,QoS Aware Heuristic,274.56,448.52,38.79,62.49,13.91
62,1556,997,Bin Packing,240.14,389.17,38.29,93.39,25.1
5,160,242,Round Robin,134.47,237.5,43.38,71.0,32.0
73,918,518,Round Robin,174.37,318.93,45.33,79.84,12.58
8,936,647,Round Robin,175.8,471.67,62.73,75.24,117.0
20,125,599,Round Robin,377.46,608.27,37.95,82.82,6.25
28,1231,985,QoS Aware Heuristic,262.63,387.51,32.23,91.84,43.96
84,1605,266,Round Robin,412.79,614.13,32.78,99.57,19.11
6,1716,847,QoS Aware Heuristic,383.58,495.24,22.55,72.24,286.0
96,378,359,FCFS,176.82,379.53,53.41,82.15,3.94
36,171,291,FCFS,325.17,599.21,45.73,78.64,4.75
95,90,301,Round Robin,397.16,586.38,32.27,99.96,0.95
88,1240,873,Round Robin,353.22,586.55,39.78,92.36,14.09
28,971,284,Round Robin,340.01,503.34,32.45,75.88,34.68
16,691,257,FCFS,395.84,576.87,31.38,79.08,43.19
54,1096,857,Bin Packing,122.71,346.48,64.58,69.84,20.3
39,328,721,FCFS,392.57,645.67,39.2,90.21,8.41
37,812,198,Round Robin,209.06,423.92,50.68,93.81,21.95
37,518,340,Bin Packing,328.75,623.12,47.24,98.6,14.0
65,1473,590,Bin Packing,196.92,451.88,56.42,82.63,22.66
55,58,301,Reinforcement Learning,435.53,679.82,35.93,86.83,1.05
47,62,733,QoS Aware Heuristic,292.22,553.5,47.21,77.84,1.32
16,973,608,Round Robin,357.18,477.48,25.19,84.37,60.81
71,972,728,QoS Aware Heuristic,417.63,575.64,27.45,73.95,13.69
69,1892,195,Reinforcement Learning,458.13,649.25,29.44,89.51,27.42
37,1905,845,QoS Aware Heuristic,392.82,558.42,29.66,60.91,51.49
44,1125,589,Round Robin,159.51,421.37,62.14,61.14,25.57
78,1282,678,Reinforcement Learning,441.81,498.58,11.39,88.64,16.44
47,1623,987,QoS Aware Heuristic,347.43,449.72,22.75,97.23,34.53
48,1685,317,FCFS,343.78,614.21,44.03,85.29,35.1
33,1778,626,Bin Packing,468.54,533.32,12.15,89.06,53.88
17,1475,372,Reinforcement Learning,199.53,306.28,34.85,92.96,86.76
16,1264,318,FCFS,195.84,333.65,41.3,74.47,79.0
99,1124,885,Round Robin,305.28,542.97,43.78,64.32,11.35
50,1466,982,Bin Packing,400.35,590.4,32.19,97.32,29.32
6,702,758,Reinforcement Learning,278.9,567.55,50.86,97.54,117.0
39,1753,431,Bin Packing,353.56,460.53,23.23,77.67,44.95
91,1896,955,Reinforcement Learning,281.01,549.04,48.82,68.69,20.84
85,670,552,Reinforcement Learning,344.15,464.88,25.97,95.69,7.88
94,1792,251,QoS Aware Heuristic,428.9,540.27,20.61,88.34,19.06
12,1373,446,Bin Packing,172.19,346.78,50.35,60.33,114.42
97,1695,915,Bin Packing,378.15,445.95,15.2,64.31,17.47
30,245,513,FCFS,414.97,561.05,26.04,99.33,8.17
78,466,626,Round Robin,278.84,417.76,33.25,61.53,5.97
94,713,530,FCFS,229.29,319.32,28.19,71.3,7.59
38,1493,478,QoS Aware Heuristic,105.42,370.62,71.56,81.94,39.29
11,1828,994,Reinforcement Learning,418.84,565.31,25.91,67.37,166.18
72,1713,527,QoS Aware Heuristic,231.18,526.66,56.1,69.28,23.79
62,1690,965,QoS Aware Heuristic,242.92,517.85,53.09,74.12,27.26
79,1595,183,FCFS,234.4,333.1,29.63,70.78,20.19
33,1429,291,Reinforcement Learning,299.5,475.78,37.05,92.13,43.3
40,197,140,Round Robin,381.0,581.45,34.47,80.01,4.92
93,1050,963,QoS Aware Heuristic,408.75,663.49,38.39,71.14,11.29
25,1438,935,Round Robin,257.03,528.44,51.36,72.52,57.52
40,413,872,Reinforcement Learning,365.24,571.24,36.06,61.59,10.32
14,1725,408,Reinforcement Learning,388.27,447.05,13.15,61.98,123.21
77,1775,477,FCFS,218.77,389.09,43.77,88.72,23.05
28,451,235,Bin Packing,138.65,409.85,66.17,64.52,16.11
68,655,889,FCFS,457.87,686.39,33.29,79.03,9.63
53,1565,205,Round Robin,370.85,638.39,41.91,93.69,29.53
40,278,618,FCFS,359.24,577.76,37.82,74.74,6.95
86,1648,913,Reinforcement Learning,123.56,184.57,33.06,73.83,19.16
28,1925,641,QoS Aware Heuristic,427.15,719.15,40.6,94.92,68.75
27,586,225,Bin Packing,326.42,605.92,46.13,94.59,21.7
66,317,456,Reinforcement Learning,439.15,520.79,15.68,95.21,4.8
41,1478,499,QoS Aware Heuristic,489.82,567.99,13.76,82.88,36.05
16,1866,178,Round Robin,482.84,667.61,27.68,98.09,116.62
59,1084,488,Round Robin,442.44,681.7,35.1,92.76,18.37
17,1393,678,Round Robin,104.38,249.92,58.23,76.63,81.94
27,1786,634,FCFS,454.29,538.39,15.62,85.18,66.15
93,175,800,Round Robin,130.02,307.66,57.74,64.87,1.88
34,355,173,Round Robin,440.48,574.87,23.38,82.05,10.44
21,1775,104,FCFS,212.07,350.01,39.41,70.53,84.52
66,1584,562,QoS Aware Heuristic,344.03,555.28,38.04,71.34,24.0
88,1162,181,Reinforcement Learning,115.23,386.63,70.2,65.03,13.2
93,1428,636,Bin Packing,408.47,598.12,31.71,74.33,15.35
90,677,875,Round Robin,144.68,366.58,60.53,79.26,7.52
17,1425,504,Round Robin,264.28,479.27,44.86,84.01,83.82
63,738,613,Round Robin,426.98,614.77,30.55,72.19,11.71
23,1087,377,FCFS,378.14,505.83,25.24,91.69,47.26
53,1330,939,FCFS,102.42,246.87,58.51,80.84,25.09
16,1282,954,FCFS,261.21,390.14,33.05,85.52,80.12
65,330,323,Bin Packing,116.77,396.14,70.52,71.13,5.08
23,492,683,Reinforcement Learning,369.4,626.05,41.0,92.57,21.39
80,1913,167,Round Robin,487.58,682.42,28.55,84.97,23.91
13,886,419,QoS Aware Heuristic,362.1,640.16,43.44,94.49,68.15
75,438,705,Round Robin,189.75,461.35,58.87,66.4,5.84
32,666,118,Round Robin,242.09,524.01,53.8,75.23,20.81
82,1556,739,Round Robin,490.66,596.1,17.69,64.52,18.98
99,196,442,Round Robin,189.62,419.0,54.74,68.62,1.98
56,1352,693,Reinforcement Learning,324.61,526.92,38.39,75.78,24.14
87,570,865,QoS Aware Heuristic,260.18,493.64,47.29,95.78,6.55
20,679,832,FCFS,407.33,523.17,22.14,82.28,33.95
73,1679,442,QoS Aware Heuristic,446.96,670.66,33.36,73.22,23.0
16,483,196,Round Robin,236.33,388.79,39.21,89.88,30.19
29,193,151,QoS Aware Heuristic,364.16,622.68,41.52,60.79,6.66
56,338,274,Round Robin,319.62,568.46,43.77,74.8,6.04
89,1459,437,QoS Aware Heuristic,211.38,314.22,32.73,84.03,16.39
57,63,793,Bin Packing,208.78,304.74,31.49,83.33,1.11
27,306,452,QoS Aware Heuristic,315.45,544.88,42.11,84.3,11.33
20,1419,490,FCFS,161.6,349.22,53.73,68.46,70.95
61,1771,214,FCFS,424.32,613.62,30.85,73.48,29.03
43,1418,447,QoS Aware Heuristic,127.6,365.73,65.11,97.26,32.98
57,1473,100,QoS Aware Heuristic,137.83,401.57,65.68,98.96,25.84
46,1280,162,Reinforcement Learning,236.89,346.63,31.66,72.48,27.83
62,907,859,QoS Aware Heuristic,147.24,336.12,56.19,85.78,14.63
43,992,842,FCFS,290.28,547.52,46.98,69.65,23.07
18,1245,325,Bin Packing,259.87,528.07,50.79,74.74,69.17
99,513,522,FCFS,388.72,510.57,23.87,91.69,5.18
9,319,118,Reinforcement Learning,481.2,557.24,13.65,80.05,35.44
39,1294,130,QoS Aware Heuristic,401.42,509.63,21.23,93.98,33.18
91,1225,944,Bin Packing,171.78,458.15,62.51,85.15,13.46
97,672,732,FCFS,474.21,639.83,25.89,85.16,6.93
79,1256,123,Bin Packing,256.85,411.49,37.58,61.36,15.9
22,1472,936,Round Robin,289.68,342.95,15.53,89.99,66.91
80,1924,310,FCFS,268.63,331.38,18.94,99.11,24.05
13,121,260,Round Robin,212.22,429.39,50.58,78.92,9.31
78,1491,354,Bin Packing,458.02,655.48,30.12,66.34,19.12
62,1971,670,QoS Aware Heuristic,232.9,426.78,45.43,99.08,31.79
21,1356,213,QoS Aware Heuristic,331.44,409.02,18.97,71.61,64.57
11,123,603,QoS Aware Heuristic,196.01,334.03,41.32,76.37,11.18
50,404,771,Round Robin,418.95,672.04,37.66,63.09,8.08
17,1800,319,QoS Aware Heuristic,409.68,503.41,18.62,64.43,105.88
44,546,456,Reinforcement Learning,218.52,489.19,55.33,68.66,12.41
46,1401,268,FCFS,372.62,452.99,17.74,81.94,30.46
13,1037,623,FCFS,381.55,473.84,19.48,82.31,79.77
54,1608,341,Bin Packing,325.0,494.44,34.27,84.25,29.78
31,629,474,Round Robin,340.24,626.56,45.7,83.35,20.29
70,959,238,FCFS,329.78,462.17,28.65,79.81,13.7
9,1520,196,Round Robin,132.75,347.3,61.78,92.08,168.89
33,422,246,Bin Packing,368.11,565.28,34.88,97.36,12.79
41,411,281,QoS Aware Heuristic,287.91,375.32,23.29,70.79,10.02
42,142,156,Bin Packing,275.38,387.42,28.92,65.21,3.38
87,1394,141,Reinforcement Learning,444.0,726.54,38.89,77.0,16.02
12,373,965,QoS Aware Heuristic,109.29,205.5,46.82,61.06,31.08
69,433,810,QoS Aware Heuristic,200.53,424.28,52.74,95.33,6.28
90,624,642,QoS Aware Heuristic,148.56,439.73,66.22,69.59,6.93
21,785,791,Bin Packing,114.14,194.02,41.17,81.97,37.38
75,786,101,Reinforcement Learning,210.27,360.07,41.6,64.6,10.48
93,1954,387,Round Robin,495.39,601.37,17.62,82.13,21.01
49,395,237,Bin Packing,208.09,313.48,33.62,61.56,8.06
8,1922,716,FCFS,365.48,445.23,17.91,90.75,240.25
40,1176,611,FCFS,147.32,359.71,59.04,98.22,29.4
74,1288,829,Bin Packing,340.74,577.33,40.98,72.28,17.41
35,1265,321,Round Robin,493.79,712.99,30.74,70.33,36.14
23,1745,430,FCFS,216.74,497.9,56.47,77.92,75.87
65,1957,716,Round Robin,439.23,525.65,16.44,84.8,30.11
58,768,503,QoS Aware Heuristic,499.03,628.99,20.66,67.56,13.24
43,830,607,Bin Packing,335.42,471.56,28.87,92.13,19.3
95,1069,226,QoS Aware Heuristic,223.76,331.78,32.56,67.94,11.25
78,1267,364,FCFS,369.41,454.96,18.8,60.22,16.24
94,1453,811,Round Robin,437.94,609.62,28.16,80.97,15.46
23,1476,863,QoS Aware Heuristic,168.54,427.15,60.54,64.61,64.17
43,713,114,FCFS,281.01,569.64,50.67,87.93,16.58
71,1822,325,Reinforcement Learning,227.68,310.02,26.56,66.7,25.66
49,649,964,QoS Aware Heuristic,213.34,469.13,54.52,92.7,13.24
17,60,204,Reinforcement Learning,444.33,700.48,36.57,78.81,3.53
96,236,844,Reinforcement Learning,268.66,415.9,35.4,82.65,2.46
62,775,592,FCFS,235.63,313.14,24.75,67.46,12.5
24,1088,418,Bin Packing,341.4,638.9,46.56,65.87,45.33
96,827,318,Round Robin,187.76,401.66,53.25,85.25,8.61
76,1370,376,FCFS,191.96,487.51,60.62,70.22,18.03
65,460,872,QoS Aware Heuristic,308.12,479.03,35.68,75.44,7.08
43,1005,992,Round Robin,263.71,412.51,36.07,79.18,23.37
5,634,440,Bin Packing,217.99,329.79,33.9,69.19,126.8
7,1125,551,FCFS,121.58,417.47,70.88,91.82,160.71
81,1713,468,Bin Packing,308.31,421.62,26.87,97.58,21.15
96,1101,947,QoS Aware Heuristic,426.64,482.58,11.59,77.28,11.47
66,626,573,FCFS,440.55,618.67,28.79,96.7,9.48
67,1090,289,QoS Aware Heuristic,194.18,338.44,42.62,95.31,16.27
29,1424,983,Round Robin,339.86,455.21,25.34,66.64,49.1
60,1501,518,Round Robin,442.35,651.0,32.05,66.94,25.02
37,1723,809,Bin Packing,263.49,404.56,34.87,79.1,46.57
42,1904,964,Bin Packing,472.85,623.41,24.15,81.03,45.33
10,1302,888,Round Robin,461.19,516.95,10.79,73.65,130.2
62,1839,947,Reinforcement Learning,183.25,380.52,51.84,72.52,29.66
48,1038,594,Round Robin,203.59,284.11,28.34,77.25,21.62
49,1283,138,FCFS,172.18,275.63,37.53,87.62,26.18
36,1504,261,QoS Aware Heuristic,178.42,407.7,56.24,63.38,41.78
49,1367,220,Round Robin,463.14,591.45,21.69,88.42,27.9
65,792,991,Round Robin,472.46,563.26,16.12,97.05,12.18
51,1826,498,QoS Aware Heuristic,120.76,315.12,61.68,90.54,35.8
25,1655,361,QoS Aware Heuristic,337.44,441.17,23.51,67.67,66.2
84,1177,827,FCFS,325.69,443.43,26.55,63.5,14.01
89,253,923,QoS Aware Heuristic,256.22,461.55,44.49,79.62,2.84
79,1126,660,Bin Packing,352.68,587.65,39.98,98.26,14.25
40,1023,703,Round Robin,478.95,713.86,32.91,92.76,25.58
23,989,228,QoS Aware Heuristic,168.1,338.66,50.36,82.51,43.0
24,1448,932,FCFS,148.16,311.73,52.47,65.72,60.33
61,1915,639,QoS Aware Heuristic,113.36,360.27,68.53,88.55,31.39
22,1127,455,Round Robin,245.53,343.79,28.58,92.52,51.23
51,1349,759,Reinforcement Learning,235.05,323.1,27.25,97.4,26.45
53,1408,531,QoS Aware Heuristic,272.33,488.5,44.25,84.48,26.57
18,1104,939,Bin Packing,301.32,453.7,33.59,80.58,61.33
19,1208,164,Round Robin,403.13,630.63,36.08,84.77,63.58
35,1131,317,FCFS,256.85,371.0,30.77,97.73,32.31
5,154,662,Round Robin,232.25,363.47,36.1,85.13,30.8
58,1339,526,Reinforcement Learning,430.75,704.92,38.89,70.3,23.09
7,1595,916,FCFS,439.92,595.33,26.1,85.45,227.86
20,1569,173,Reinforcement Learning,193.11,390.85,50.59,95.19,78.45
91,302,559,Reinforcement Learning,225.87,302.54,25.34,82.68,3.32
61,344,524,Bin Packing,430.05,524.76,18.05,80.11,5.64
79,717,810,QoS Aware Heuristic,131.76,190.73,30.92,89.33,9.08
16,1231,291,Bin Packing,230.34,386.43,40.39,86.44,76.94
78,598,288,Bin Packing,279.34,576.57,51.55,62.27,7.67
20,680,111,Bin Packing,174.83,443.3,60.56,89.01,34.0
76,1140,338,FCFS,171.97,380.2,54.77,76.3,15.0
80,1827,971,QoS Aware Heuristic,269.94,535.21,49.56,97.64,22.84
28,348,692,QoS Aware Heuristic,401.81,600.35,33.07,98.83,12.43
32,1536,552,FCFS,436.09,578.28,24.59,77.95,48.0
12,1798,482,Bin Packing,491.69,585.08,15.96,98.75,149.83
96,1893,881,Bin Packing,129.59,342.85,62.2,72.43,19.72
40,150,901,Reinforcement Learning,186.67,284.93,34.49,87.31,3.75
94,1129,147,Reinforcement Learning,402.65,557.01,27.71,63.0,12.01
12,381,416,Round Robin,316.24,572.69,44.78,65.8,31.75
62,885,308,Reinforcement Learning,231.07,313.38,26.27,94.58,14.27
64,1824,646,QoS Aware Heuristic,182.24,264.5,31.1,95.75,28.5
54,442,218,FCFS,212.19,318.29,33.33,81.3,8.19
32,1816,676,Bin Packing,271.72,459.7,40.89,73.59,56.75
96,923,414,Round Robin,170.86,283.79,39.79,78.04,9.61
45,430,853,Reinforcement Learning,485.69,661.49,26.58,94.78,9.56
68,141,135,Round Robin,143.04,268.54,46.73,68.44,2.07
31,1864,562,FCFS,494.23,670.79,26.32,71.79,60.13
67,496,863,FCFS,436.76,556.17,21.47,91.42,7.4
21,158,854,Round Robin,269.26,564.26,52.28,97.41,7.52
77,366,653,Round Robin,395.93,569.11,30.43,63.72,4.75
37,1241,680,Round Robin,368.61,604.52,39.02,92.15,33.54
88,1885,502,Bin Packing,185.31,410.45,54.85,85.8,21.42
81,1993,206,QoS Aware Heuristic,235.63,408.27,42.29,69.23,24.6
96,1508,138,Reinforcement Learning,305.25,414.97,26.44,90.23,15.71
33,491,680,Reinforcement Learning,355.14,532.82,33.35,89.12,14.88
17,267,279,Reinforcement Learning,317.16,537.4,40.98,65.68,15.71
50,1295,111,Round Robin,289.19,454.17,36.33,80.09,25.9
39,722,438,Round Robin,277.26,347.74,20.27,90.33,18.51
10,1601,815,Round Robin,299.31,353.81,15.4,67.66,160.1
86,327,647,Bin Packing,273.74,405.71,32.53,78.51,3.8
73,1058,225,Bin Packing,316.53,404.09,21.67,64.83,14.49
51,618,162,Bin Packing,455.19,731.74,37.79,72.27,12.12
29,1647,943,Bin Packing,353.13,447.09,21.02,68.72,56.79
70,1059,181,FCFS,389.05,537.62,27.63,80.2,15.13
14,924,918,Bin Packing,338.99,567.01,40.21,65.65,66.0
60,515,398,Bin Packing,357.21,611.07,41.54,75.33,8.58
34,888,133,Bin Packing,331.34,500.77,33.83,71.01,26.12
9,803,851,Reinforcement Learning,110.75,206.03,46.25,89.84,89.22
37,1675,708,Reinforcement Learning,499.84,617.56,19.06,87.99,45.27
69,1657,148,Reinforcement Learning,113.44,268.18,57.7,63.8,24.01
22,887,757,QoS Aware Heuristic,258.06,399.21,35.36,98.14,40.32
53,79,736,FCFS,142.05,279.22,49.13,89.79,1.49
15,408,800,Round Robin,138.77,221.73,37.41,84.64,27.2
89,1992,156,Bin Packing,417.41,695.74,40.0,79.11,22.38
30,1361,960,Reinforcement Learning,270.37,327.81,17.52,67.12,45.37
67,135,208,FCFS,420.46,580.46,27.56,98.48,2.01
93,1307,616,Bin Packing,209.11,504.19,58.53,60.31,14.05
90,796,123,QoS Aware Heuristic,202.59,417.52,51.48,87.7,8.84
63,362,320,Round Robin,200.49,339.34,40.92,80.3,5.75
31,414,414,Bin Packing,346.46,432.98,19.98,96.1,13.35
53,1850,393,Round Robin,426.0,716.97,40.58,75.23,34.91
81,1872,109,Bin Packing,280.9,334.4,16.0,80.75,23.11
37,1912,776,QoS Aware Heuristic,251.7,472.05,46.68,89.69,51.68
5,954,580,FCFS,489.43,759.46,35.56,61.9,190.8
25,1342,826,Round Robin,146.7,202.99,27.73,62.18,53.68
59,747,737,Round Robin,294.65,525.94,43.98,68.47,12.66
10,180,366,FCFS,263.4,563.11,53.22,65.86,18.0
96,852,891,Round Robin,139.25,349.16,60.12,60.26,8.88
85,838,187,Reinforcement Learning,207.28,360.95,42.57,84.92,9.86
73,1905,554,FCFS,111.38,379.98,70.69,91.84,26.1
99,400,725,QoS Aware Heuristic,450.78,639.32,29.49,98.28,4.04
9,229,632,Bin Packing,343.14,580.5,40.89,77.64,25.44
7,1875,247,Bin Packing,426.01,622.95,31.61,71.19,267.86
57,1553,856,FCFS,308.62,368.19,16.18,94.56,27.25
27,1962,877,Reinforcement Learning,339.8,443.09,23.31,93.78,72.67
57,1236,828,QoS Aware Heuristic,380.34,450.03,15.49,84.99,21.68
41,1856,530,Bin Packing,463.2,539.87,14.2,70.93,45.27
78,1961,851,Bin Packing,136.7,190.55,28.26,96.34,25.14
78,1169,843,Reinforcement Learning,232.38,387.67,40.06,67.14,14.99
87,823,843,Round Robin,383.61,478.27,19.79,61.75,9.46
21,559,341,FCFS,483.34,747.26,35.32,91.86,26.62
89,414,801,Reinforcement Learning,492.32,729.83,32.54,82.55,4.65
82,1030,840,Reinforcement Learning,355.24,548.53,35.24,69.86,12.56
77,402,165,Reinforcement Learning,177.44,349.7,49.26,86.84,5.22
5,849,477,Reinforcement Learning,147.68,261.65,43.56,90.67,169.8
55,1509,487,Round Robin,478.42,647.16,26.07,93.78,27.44
49,1156,890,QoS Aware Heuristic,273.57,483.88,43.46,71.29,23.59
81,1298,880,Reinforcement Learning,177.93,423.49,57.98,61.02,16.02
8,461,308,Reinforcement Learning,473.56,543.98,12.95,80.4,57.62
66,784,514,FCFS,141.81,368.93,61.56,94.24,11.88
69,1030,115,Bin Packing,391.83,627.51,37.56,68.31,14.93
36,167,396,Round Robin,350.11,539.85,35.15,76.85,4.64
38,531,319,Reinforcement Learning,135.09,238.67,43.4,70.26,13.97
96,241,868,QoS Aware Heuristic,235.5,420.3,43.97,60.53,2.51
99,640,466,QoS Aware Heuristic,159.97,335.65,52.34,95.94,6.46
76,639,879,QoS Aware Heuristic,341.8,510.73,33.08,65.4,8.41
43,708,328,FCFS,290.85,456.01,36.22,90.67,16.47
30,156,730,QoS Aware Heuristic,101.71,179.42,43.31,73.86,5.2
38,431,539,FCFS,490.28,586.0,16.33,71.11,11.34
58,832,789,Round Robin,239.83,314.16,23.66,97.64,14.34
7,439,631,QoS Aware Heuristic,203.28,313.9,35.24,86.29,62.71
54,293,549,Bin Packing,188.98,304.85,38.01,87.48,5.43
16,634,135,Reinforcement Learning,163.53,274.8,40.49,90.39,39.62
69,918,946,Round Robin,499.65,602.38,17.05,73.64,13.3
58,517,521,Bin Packing,218.04,451.9,51.75,82.55,8.91
9,915,719,Round Robin,262.21,516.85,49.27,70.81,101.67
98,983,288,QoS Aware Heuristic,448.54,580.32,22.71,93.38,10.03
98,1611,277,Round Robin,356.76,483.04,26.14,83.97,16.44
61,1283,707,Round Robin,247.48,508.49,51.33,69.74,21.03
21,653,414,Round Robin,459.33,665.31,30.96,95.99,31.1
51,1710,119,FCFS,399.89,523.25,23.58,83.23,33.53
27,1064,775,Bin Packing,191.16,419.56,54.44,79.8,39.41
83,1146,481,QoS Aware Heuristic,357.5,493.65,27.58,61.38,13.81
89,1708,708,Reinforcement Learning,468.96,665.6,29.54,96.39,19.19
18,1382,242,QoS Aware Heuristic,298.58,596.74,49.96,98.09,76.78
70,1769,161,QoS Aware Heuristic,393.44,518.84,24.17,82.5,25.27
79,1772,341,FCFS,488.44,771.07,36.65,77.7,22.43
55,1783,337,FCFS,376.17,506.33,25.71,74.38,32.42
42,1663,230,Round Robin,140.98,326.05,56.76,70.72,39.6
68,909,704,QoS Aware Heuristic,197.82,362.82,45.48,82.98,13.37
42,1259,702,Bin Packing,338.04,583.83,42.1,65.12,29.98
54,1929,744,FCFS,210.22,275.49,23.69,96.77,35.72
86,1326,222,FCFS,483.02,689.8,29.98,67.04,15.42
34,62,539,Bin Packing,262.14,502.31,47.81,89.82,1.82
83,348,441,FCFS,282.89,450.93,37.27,72.28,4.19
95,1149,518,Bin Packing,380.64,456.96,16.7,69.04,12.09
55,1124,729,Reinforcement Learning,309.7,420.9,26.42,82.31,20.44
67,836,554,Bin Packing,252.86,472.78,46.52,90.6,12.48
56,198,297,Reinforcement Learning,130.66,404.52,67.7,89.07,3.54
42,1804,381,Round Robin,338.58,493.98,31.46,69.35,42.95
92,171,985,Round Robin,447.03,637.13,29.84,73.22,1.86
83,1284,100,FCFS,374.3,481.4,22.25,94.75,15.47
34,1353,822,Bin Packing,252.6,405.65,37.73,88.93,39.79
55,587,874,FCFS,151.09,285.29,47.04,88.51,10.67
85,1758,431,Bin Packing,426.54,640.42,33.4,70.76,20.68
9,1229,311,FCFS,476.7,772.87,38.32,91.68,136.56
33,1311,186,Round Robin,255.31,508.64,49.81,74.34,39.73
8,425,764,Round Robin,391.46,489.5,20.03,76.06,53.12
14,131,961,FCFS,264.31,458.73,42.38,71.5,9.36
60,541,798,Bin Packing,300.91,367.51,18.12,64.86,9.02
21,405,160,QoS Aware Heuristic,434.59,546.32,20.45,76.82,19.29
78,974,896,Bin Packing,133.37,226.42,41.1,60.68,12.49
21,1346,194,FCFS,312.13,446.02,30.02,78.24,64.1
88,1653,885,Bin Packing,185.85,405.55,54.17,89.0,18.78
92,1117,652,Reinforcement Learning,235.92,410.77,42.57,98.43,12.14
73,1054,246,Bin Packing,357.77,641.0,44.19,63.14,14.44
38,1646,345,Round Robin,110.89,214.08,48.2,71.25,43.32
10,172,743,Round Robin,337.53,478.58,29.47,79.77,17.2
57,1422,396,Reinforcement Learning,213.38,345.84,38.3,66.82,24.95
70,757,222,Bin Packing,367.79,476.78,22.86,64.67,10.81
81,379,754,QoS Aware Heuristic,156.63,454.92,65.57,78.09,4.68
47,1482,793,Bin Packing,394.32,541.13,27.13,83.23,31.53
79,1040,803,Round Robin,358.26,643.39,44.32,92.81,13.16
27,372,555,Round Robin,488.5,636.12,23.21,99.91,13.78
59,1184,498,FCFS,464.49,565.51,17.86,90.97,20.07
84,819,818,Round Robin,213.32,293.12,27.22,68.85,9.75
99,1162,330,FCFS,110.93,374.82,70.4,89.92,11.74
79,482,633,Round Robin,362.15,420.17,13.81,81.49,6.1
20,759,501,Round Robin,341.15,632.25,46.04,78.03,37.95
12,843,691,QoS Aware Heuristic,110.97,265.52,58.21,97.43,70.25
8,761,229,FCFS,149.07,260.91,42.87,88.08,95.12
8,1172,391,FCFS,333.88,538.24,37.97,87.27,146.5
60,588,375,Round Robin,464.73,547.96,15.19,60.47,9.8
29,650,934,FCFS,462.6,530.64,12.82,94.6,22.41
71,1219,475,Round Robin,160.59,417.54,61.54,91.73,17.17
71,1767,154,Round Robin,253.83,410.0,38.09,71.96,24.89
31,306,677,Bin Packing,117.28,296.84,60.49,71.68,9.87
97,1262,838,FCFS,287.71,381.88,24.66,62.14,13.01
36,1313,125,Reinforcement Learning,401.23,466.59,14.01,62.03,36.47
54,920,540,FCFS,415.99,557.93,25.44,86.74,17.04
65,948,864,FCFS,299.6,476.14,37.08,67.45,14.58
55,1576,296,QoS Aware Heuristic,138.35,379.71,63.56,96.94,28.65
23,1781,741,Reinforcement Learning,252.55,427.81,40.97,93.7,77.43
25,858,342,Reinforcement Learning,472.84,718.47,34.19,73.96,34.32
9,726,923,QoS Aware Heuristic,191.85,270.71,29.13,75.2,80.67
86,1892,823,QoS Aware Heuristic,227.9,293.89,22.45,73.09,22.0
96,320,289,FCFS,398.73,488.45,18.37,63.7,3.33
46,1593,901,Bin Packing,393.43,636.43,38.18,61.26,34.63
65,599,837,QoS Aware Heuristic,464.88,704.71,34.03,78.09,9.22
26,1187,857,Reinforcement Learning,255.25,340.59,25.06,97.72,45.65
25,1412,667,Reinforcement Learning,305.84,363.59,15.88,96.69,56.48
74,617,666,FCFS,286.96,508.28,43.54,92.39,8.34
5,1035,375,Bin Packing,471.1,734.92,35.9,85.14,207.0
9,408,917,Round Robin,407.73,646.26,36.91,94.25,45.33
16,1723,508,QoS Aware Heuristic,432.58,533.28,18.88,80.6,107.69
94,1687,439,QoS Aware Heuristic,153.24,349.18,56.11,67.21,17.95
50,1407,252,FCFS,416.74,656.08,36.48,87.37,28.14
38,1762,664,Bin Packing,273.19,387.15,29.44,96.83,46.37
53,1242,497,Reinforcement Learning,109.34,291.27,62.46,60.78,23.43
82,1412,543,Reinforcement Learning,124.04,252.66,50.91,70.06,17.22
94,847,722,Round Robin,371.16,477.55,22.28,70.62,9.01
49,1334,526,Reinforcement Learning,248.8,541.2,54.03,63.96,27.22
31,936,586,QoS Aware Heuristic,447.25,725.4,38.34,69.02,30.19
77,1808,303,Round Robin,393.71,555.13,29.08,75.36,23.48
30,1272,211,Bin Packing,108.67,192.86,43.65,97.59,42.4
51,260,424,Round Robin,374.76,606.74,38.23,94.41,5.1
90,336,357,Bin Packing,176.94,290.87,39.17,97.84,3.73
60,1765,627,Reinforcement Learning,269.03,361.16,25.51,64.82,29.42
98,1835,449,FCFS,349.89,495.27,29.35,61.12,18.72
67,792,777,Round Robin,449.09,631.55,28.89,64.4,11.82
52,1545,912,Round Robin,282.44,356.8,20.84,96.57,29.71
65,1555,993,QoS Aware Heuristic,423.4,616.34,31.3,66.3,23.92
85,1096,534,QoS Aware Heuristic,413.19,467.03,11.53,82.91,12.89
30,1633,525,Bin Packing,265.82,538.79,50.66,69.1,54.43
40,1182,379,FCFS,300.39,580.58,48.26,60.83,29.55
5,345,470,QoS Aware Heuristic,380.19,613.46,38.03,63.38,69.0
12,55,769,QoS Aware Heuristic,112.46,279.1,59.71,88.39,4.58
56,599,348,Reinforcement Learning,456.32,570.04,19.95,67.29,10.7
83,730,990,Reinforcement Learning,407.93,643.96,36.65,69.17,8.8
51,1941,280,QoS Aware Heuristic,199.77,482.72,58.62,75.09,38.06
60,844,802,Bin Packing,492.47,582.1,15.4,86.29,14.07
90,252,750,FCFS,171.76,338.22,49.22,78.77,2.8
18,374,177,QoS Aware Heuristic,465.63,594.45,21.67,97.78,20.78
94,874,984,Bin Packing,229.79,368.98,37.72,77.37,9.3
32,1858,435,Bin Packing,405.26,556.7,27.2,67.97,58.06
91,293,149,QoS Aware Heuristic,282.55,570.5,50.47,81.45,3.22
82,376,184,Bin Packing,394.59,509.25,22.52,78.04,4.59
92,1036,794,Round Robin,162.31,335.48,51.62,91.49,11.26
6,1120,794,Bin Packing,207.8,495.67,58.08,97.4,186.67
30,810,103,QoS Aware Heuristic,139.94,308.95,54.7,93.45,27.0
18,1664,416,Bin Packing,446.06,711.96,37.35,75.56,92.44
63,1695,210,QoS Aware Heuristic,218.52,283.21,22.84,68.64,26.9
60,1086,433,Reinforcement Learning,377.79,666.05,43.28,96.58,18.1
11,956,950,QoS Aware Heuristic,428.09,524.97,18.45,75.44,86.91
7,1453,862,Bin Packing,460.57,755.55,39.04,90.81,207.57
27,414,232,QoS Aware Heuristic,142.52,236.41,39.71,99.58,15.33
22,1675,711,FCFS,457.21,618.3,26.05,83.1,76.14
42,1415,783,QoS Aware Heuristic,178.9,306.05,41.55,79.2,33.69
19,1933,898,QoS Aware Heuristic,394.76,553.07,28.62,87.99,101.74
68,1865,218,FCFS,391.54,504.17,22.34,67.76,27.43
93,1294,449,FCFS,103.4,394.73,73.8,79.53,13.91
32,122,786,FCFS,188.25,314.68,40.18,72.49,3.81
78,1819,641,Round Robin,296.76,510.08,41.82,66.57,23.32
43,1845,154,QoS Aware Heuristic,268.01,352.37,23.94,84.41,42.91
61,1698,460,FCFS,467.43,723.53,35.4,83.03,27.84
21,1119,807,FCFS,243.9,429.53,43.22,90.45,53.29
90,1577,552,Reinforcement Learning,474.79,769.65,38.31,94.92,17.52
94,323,652,Round Robin,283.77,439.62,35.45,68.82,3.44
48,1628,784,QoS Aware Heuristic,485.74,584.6,16.91,91.19,33.92
29,257,429,Bin Packing,394.94,531.44,25.68,74.7,8.86
21,1934,318,Round Robin,431.73,665.97,35.17,85.15,92.1
17,1688,307,Round Robin,141.95,356.73,60.21,94.01,99.29
88,173,769,Reinforcement Learning,334.46,579.05,42.24,70.25,1.97
29,1083,944,QoS Aware Heuristic,157.08,225.45,30.33,84.04,37.34
72,1402,839,QoS Aware Heuristic,219.05,414.14,47.11,79.21,19.47
14,1260,184,FCFS,349.43,632.47,44.75,91.62,90.0
71,592,784,FCFS,390.49,467.47,16.47,87.89,8.34
22,1741,344,Round Robin,115.67,189.25,38.88,90.79,79.14
90,109,971,Reinforcement Learning,312.38,541.53,42.32,71.52,1.21
38,1834,784,QoS Aware Heuristic,326.13,454.93,28.31,88.17,48.26
12,948,434,Reinforcement Learning,131.53,346.17,62.0,84.23,79.0
44,935,311,Bin Packing,300.28,486.63,38.29,78.27,21.25
87,831,695,QoS Aware Heuristic,385.54,682.06,43.47,75.13,9.55
46,491,784,FCFS,121.29,393.55,69.18,73.26,10.67
45,1290,282,Round Robin,404.11,623.63,35.2,60.39,28.67
10,960,232,Reinforcement Learning,330.57,445.99,25.88,66.78,96.0
56,1075,991,FCFS,433.29,548.77,21.04,62.36,19.2
30,1609,899,Round Robin,187.23,457.79,59.1,93.93,53.63
68,1791,873,FCFS,433.31,629.65,31.18,94.4,26.34
63,881,449,QoS Aware Heuristic,137.82,385.14,64.22,93.85,13.98
60,1057,381,Reinforcement Learning,261.53,424.0,38.32,92.72,17.62
63,1784,392,Bin Packing,179.79,255.56,29.65,68.85,28.32
74,1429,368,FCFS,450.41,583.58,22.82,79.67,19.31
37,675,960,Reinforcement Learning,381.97,472.26,19.12,96.31,18.24
57,1865,296,QoS Aware Heuristic,110.14,355.6,69.03,90.39,32.72
26,1740,636,FCFS,103.81,328.94,68.44,60.07,66.92
25,1238,752,QoS Aware Heuristic,216.5,288.6,24.98,78.38,49.52
74,1047,834,Bin Packing,157.31,362.66,56.62,60.43,14.15
74,783,119,Bin Packing,352.12,620.65,43.27,71.23,10.58
8,140,858,Round Robin,365.52,589.86,38.03,77.43,17.5
98,216,939,Round Robin,476.78,654.56,27.16,95.72,2.2
79,1008,812,Round Robin,480.82,608.79,21.02,86.18,12.76
66,256,504,QoS Aware Heuristic,363.56,635.33,42.78,74.5,3.88
66,1355,214,Round Robin,102.27,257.97,60.36,79.63,20.53
98,1138,994,Reinforcement Learning,243.6,507.45,52.0,92.7,11.61
99,1961,800,QoS Aware Heuristic,305.26,551.01,44.6,71.99,19.81
28,565,125,QoS Aware Heuristic,299.67,553.73,45.88,84.6,20.18
59,1230,665,Round Robin,341.34,638.79,46.56,70.49,20.85
13,1834,781,Round Robin,484.22,721.41,32.88,79.2,141.08
7,1842,494,QoS Aware Heuristic,454.08,512.59,11.41,60.99,263.14
35,796,480,Bin Packing,143.56,244.92,41.38,94.09,22.74
44,355,622,Bin Packing,206.39,265.19,22.17,61.93,8.07
40,1951,638,Round Robin,433.24,530.72,18.37,68.97,48.78
28,444,961,Bin Packing,429.72,495.08,13.2,73.34,15.86
99,1147,182,Reinforcement Learning,210.15,385.55,45.49,85.01,11.59
10,236,901,Reinforcement Learning,392.24,449.29,12.7,88.8,23.6
70,1647,649,Reinforcement Learning,368.81,536.95,31.31,63.22,23.53
88,1410,544,QoS Aware Heuristic,289.41,564.12,48.7,61.74,16.02
96,1749,186,QoS Aware Heuristic,180.58,417.72,56.77,91.96,18.22
79,1641,932,QoS Aware Heuristic,455.46,741.45,38.57,88.49,20.77
8,672,486,QoS Aware Heuristic,371.14,477.8,22.32,93.26,84.0
83,779,767,QoS Aware Heuristic,167.6,350.37,52.16,87.06,9.39
10,289,497,Round Robin,381.92,511.56,25.34,90.04,28.9
98,582,919,Bin Packing,396.57,570.02,30.43,75.16,5.94
55,190,385,Round Robin,454.75,644.02,29.39,83.61,3.45
66,1338,797,Bin Packing,189.14,248.19,23.79,92.22,20.27
61,188,793,Round Robin,495.5,603.81,17.94,66.88,3.08
70,508,468,Reinforcement Learning,161.36,387.55,58.36,76.91,7.26
83,119,754,FCFS,340.28,583.51,41.68,89.62,1.43
79,434,521,QoS Aware Heuristic,362.87,555.23,34.65,81.31,5.49
12,679,817,FCFS,267.58,385.29,30.55,87.27,56.58
30,247,753,FCFS,290.02,441.29,34.28,71.71,8.23
55,254,796,Reinforcement Learning,456.36,530.37,13.95,61.29,4.62
49,1799,542,FCFS,358.11,646.4,44.6,61.17,36.71
48,617,852,FCFS,298.8,565.97,47.21,97.71,12.85
9,1872,619,Reinforcement Learning,151.34,217.74,30.5,97.78,208.0
74,1031,683,Bin Packing,102.94,194.56,47.09,68.45,13.93
30,854,387,Round Robin,149.99,345.26,56.56,65.9,28.47
72,1760,194,FCFS,482.47,590.58,18.31,60.73,24.44
23,908,768,QoS Aware Heuristic,405.63,689.23,41.15,69.25,39.48
88,931,140,Reinforcement Learning,486.85,725.75,32.92,73.37,10.58
24,1023,430,FCFS,114.28,232.6,50.87,69.65,42.62
16,689,912,Bin Packing,372.09,423.62,12.16,91.9,43.06
51,1504,880,Bin Packing,117.72,367.58,67.97,89.98,29.49
5,1963,254,QoS Aware Heuristic,412.82,568.84,27.43,63.24,392.6
94,374,603,FCFS,252.38,462.97,45.49,87.89,3.98
18,491,374,QoS Aware Heuristic,138.31,260.05,46.81,80.82,27.28
68,853,765,Bin Packing,327.22,412.94,20.76,65.29,12.54
42,337,664,Bin Packing,212.05,430.88,50.79,89.58,8.02
41,275,278,Round Robin,363.83,526.41,30.88,63.44,6.71
15,1137,851,Bin Packing,363.27,472.06,23.05,67.09,75.8
81,1016,236,Reinforcement Learning,382.0,466.41,18.1,65.97,12.54
7,987,866,Round Robin,496.99,692.11,28.19,97.56,141.0
37,609,835,QoS Aware Heuristic,254.68,486.07,47.6,87.93,16.46
10,763,279,Bin Packing,286.13,407.1,29.72,76.45,76.3
54,547,281,Reinforcement Learning,421.84,655.63,35.66,92.89,10.13
14,898,358,Round Robin,331.35,427.13,22.42,68.64,64.14
9,975,342,Reinforcement Learning,114.9,249.5,53.95,97.24,108.33
27,1990,195,Round Robin,437.23,673.45,35.08,87.88,73.7
14,109,296,Round Robin,120.6,335.64,64.07,82.38,7.79
48,1470,625,Round Robin,168.33,285.96,41.14,91.79,30.62
6,306,731,QoS Aware Heuristic,140.83,221.36,36.38,85.79,51.0
17,626,486,Round Robin,131.17,191.79,31.61,95.48,36.82
44,288,507,Round Robin,110.27,369.75,70.18,93.17,6.55
6,1874,368,Reinforcement Learning,122.01,190.8,36.05,67.91,312.33
88,87,270,Round Robin,276.98,355.69,22.13,69.59,0.99
69,74,683,QoS Aware Heuristic,201.14,310.57,35.24,62.6,1.07
67,459,790,Reinforcement Learning,150.61,312.03,51.73,68.81,6.85
77,510,269,Round Robin,363.48,610.93,40.5,73.74,6.62
21,1644,258,Reinforcement Learning,190.44,302.31,37.01,61.15,78.29
13,1037,608,QoS Aware Heuristic,107.58,293.46,63.34,72.6,79.77
79,1490,546,Reinforcement Learning,267.37,339.96,21.35,90.86,18.86
19,406,765,QoS Aware Heuristic,224.17,390.3,42.56,93.61,21.37
28,432,181,Bin Packing,227.44,321.85,29.33,60.35,15.43
42,1882,156,Round Robin,278.11,380.91,26.99,60.29,44.81
39,1231,618,QoS Aware Heuristic,367.57,509.28,27.83,65.85,31.56
98,618,211,Round Robin,346.59,586.93,40.95,94.9,6.31
99,1506,147,QoS Aware Heuristic,474.9,710.9,33.2,78.77,15.21
53,1121,691,FCFS,307.09,460.83,33.36,99.32,21.15
73,1401,986,FCFS,289.03,368.7,21.61,95.49,19.19
66,482,475,FCFS,185.37,305.54,39.33,95.61,7.3
64,1504,927,QoS Aware Heuristic,402.15,578.49,30.48,65.14,23.5
54,105,132,Round Robin,156.31,423.66,63.1,79.01,1.94
82,626,603,FCFS,296.45,588.51,49.63,99.74,7.63
79,317,726,Round Robin,268.53,477.9,43.81,65.96,4.01
13,118,995,QoS Aware Heuristic,363.32,500.99,27.48,82.97,9.08
38,1801,102,Round Robin,467.05,690.41,32.35,73.77,47.39
80,951,585,Round Robin,478.64,612.7,21.88,75.51,11.89
39,1674,615,FCFS,167.12,373.49,55.25,95.63,42.92
5,1522,967,Reinforcement Learning,204.73,315.67,35.14,83.52,304.4
44,842,871,Bin Packing,424.65,541.4,21.56,90.35,19.14
68,306,141,QoS Aware Heuristic,307.31,376.12,18.29,86.93,4.5
26,721,108,QoS Aware Heuristic,281.21,436.25,35.54,81.16,27.73
64,539,918,QoS Aware Heuristic,384.25,588.79,34.74,91.67,8.42
68,795,756,Bin Packing,340.77,587.97,42.04,98.83,11.69
97,1716,708,Reinforcement Learning,488.29,740.88,34.09,98.67,17.69
76,98,887,Round Robin,333.59,631.7,47.19,91.58,1.29
15,1732,241,QoS Aware Heuristic,286.39,358.33,20.08,79.49,115.47
18,365,889,Round Robin,317.13,490.41,35.33,66.53,20.28
64,462,535,FCFS,423.42,603.76,29.87,61.78,7.22
34,483,126,FCFS,345.07,596.2,42.12,69.26,14.21
39,1075,142,FCFS,358.82,475.41,24.52,73.61,27.56
89,1914,230,QoS Aware Heuristic,488.58,555.92,12.11,65.19,21.51
41,1218,315,Bin Packing,347.36,475.8,26.99,68.99,29.71
9,1439,705,QoS Aware Heuristic,252.11,548.09,54.0,63.34,159.89
87,469,619,FCFS,376.53,651.39,42.2,80.95,5.39
82,1646,697,FCFS,363.78,512.59,29.03,65.05,20.07
30,1858,444,QoS Aware Heuristic,105.54,374.61,71.83,89.71,61.93
66,1634,607,Bin Packing,286.93,345.12,16.86,73.31,24.76
8,893,749,Bin Packing,397.16,525.71,24.45,86.88,111.62
93,1517,980,Round Robin,299.62,531.32,43.61,95.3,16.31
46,965,512,Reinforcement Learning,411.85,517.21,20.37,63.44,20.98
93,483,345,FCFS,280.35,379.95,26.21,99.56,5.19
22,692,548,Bin Packing,493.33,758.78,34.98,85.81,31.45
44,1628,120,FCFS,217.16,421.15,48.44,62.13,37.0
76,106,507,Reinforcement Learning,136.85,434.11,68.48,72.56,1.39
43,1635,556,FCFS,272.0,355.67,23.52,95.45,38.02
18,1013,543,Bin Packing,316.68,455.71,30.51,83.85,56.28
36,1026,364,Round Robin,239.64,367.44,34.78,71.49,28.5
55,1251,759,QoS Aware Heuristic,196.91,466.94,57.83,97.62,22.75
42,1366,283,QoS Aware Heuristic,368.82,482.64,23.58,91.49,32.52
27,95,326,Bin Packing,250.85,389.22,35.55,89.42,3.52
67,1243,903,Bin Packing,352.55,438.26,19.56,95.54,18.55
19,1344,647,Reinforcement Learning,411.63,655.48,37.2,90.79,70.74
29,466,345,FCFS,404.4,513.83,21.3,71.47,16.07
21,897,172,Reinforcement Learning,250.12,317.2,21.15,83.36,42.71
70,188,249,QoS Aware Heuristic,327.16,485.94,32.67,93.69,2.69
82,296,612,FCFS,279.86,427.72,34.57,67.23,3.61
57,1221,168,Reinforcement Learning,448.32,542.72,17.39,66.52,21.42
55,279,904,QoS Aware Heuristic,451.5,534.9,15.59,66.36,5.07
43,841,329,FCFS,237.5,511.64,53.58,67.77,19.56
55,686,822,Round Robin,136.69,203.65,32.88,64.13,12.47
74,1777,171,Round Robin,167.03,241.86,30.94,93.51,24.01
10,423,974,Reinforcement Learning,246.8,358.06,31.07,92.73,42.3
71,1153,707,Bin Packing,325.7,613.91,46.95,66.05,16.24
11,1679,496,FCFS,362.71,434.06,16.44,88.22,152.64
55,787,183,Reinforcement Learning,232.55,486.55,52.2,85.08,14.31
76,1138,839,Bin Packing,367.0,640.01,42.66,71.05,14.97
46,137,398,Bin Packing,475.1,619.57,23.32,69.09,2.98
68,1161,847,FCFS,360.81,484.28,25.5,70.02,17.07
19,762,392,FCFS,163.43,382.77,57.3,89.23,40.11
33,1799,833,Bin Packing,331.87,557.53,40.47,72.77,54.52
37,1277,322,QoS Aware Heuristic,316.76,561.75,43.61,71.12,34.51
98,1986,892,Reinforcement Learning,448.28,705.92,36.5,60.9,20.27
31,1455,832,FCFS,240.12,357.22,32.78,96.33,46.94
40,650,315,Bin Packing,269.18,490.92,45.17,90.11,16.25
33,1549,330,QoS Aware Heuristic,339.46,423.19,19.79,78.91,46.94
42,1646,504,Round Robin,309.77,487.45,36.45,97.72,39.19
61,1856,268,Bin Packing,387.61,590.83,34.4,71.74,30.43
31,1679,428,QoS Aware Heuristic,116.16,206.59,43.77,86.99,54.16
59,1892,525,Round Robin,325.41,394.54,17.52,72.21,32.07
37,588,653,QoS Aware Heuristic,148.67,247.36,39.9,72.58,15.89
72,263,869,FCFS,226.08,381.23,40.7,93.79,3.65
90,123,295,Bin Packing,364.65,636.61,42.72,91.48,1.37
70,110,707,Round Robin,162.97,345.95,52.89,71.76,1.57
14,747,928,QoS Aware Heuristic,223.54,460.66,51.47,63.26,53.36
9,1616,625,Round Robin,381.2,474.74,19.7,74.3,179.56
78,1292,724,Reinforcement Learning,360.32,436.81,17.51,90.4,16.56
42,61,176,Bin Packing,136.42,246.32,44.62,64.02,1.45
17,863,376,FCFS,330.91,459.38,27.97,86.88,50.76
35,1488,565,Round Robin,158.9,345.93,54.07,95.59,42.51
51,81,547,QoS Aware Heuristic,200.91,471.22,57.36,67.17,1.59
92,1233,419,Round Robin,283.68,440.2,35.56,94.49,13.4
56,1050,259,QoS Aware Heuristic,143.74,323.44,55.56,62.05,18.75
60,286,591,Round Robin,497.46,548.61,9.32,86.68,4.77
19,1812,412,FCFS,166.15,224.48,25.98,91.64,95.37
33,1254,730,FCFS,412.53,483.47,14.67,77.79,38.0
12,1902,260,Bin Packing,431.94,656.69,34.22,68.15,158.5
9,607,407,FCFS,497.79,669.34,25.63,96.99,67.44
33,1414,962,Round Robin,271.46,369.7,26.57,60.8,42.85
51,1531,245,Round Robin,449.64,647.79,30.59,82.2,30.02
72,1153,774,FCFS,483.02,669.17,27.82,74.91,16.01
80,696,495,Reinforcement Learning,169.16,241.36,29.91,78.44,8.7
49,1845,790,Round Robin,291.77,501.87,41.86,81.46,37.65
6,1036,188,Bin Packing,124.0,365.79,66.1,81.39,172.67
31,869,834,Reinforcement Learning,348.29,469.93,25.88,68.14,28.03
99,1832,877,FCFS,332.56,554.43,40.02,87.19,18.51
40,522,850,QoS Aware Heuristic,181.65,281.58,35.49,60.77,13.05
40,1744,407,Round Robin,419.16,658.34,36.33,60.85,43.6
30,1788,645,QoS Aware Heuristic,114.91,392.85,70.75,79.14,59.6
47,161,470,Bin Packing,422.49,582.96,27.53,81.68,3.43
31,1365,550,Reinforcement Learning,110.66,221.82,50.11,71.0,44.03
73,1895,266,QoS Aware Heuristic,362.73,512.52,29.23,82.07,25.96
24,1704,491,Bin Packing,131.51,244.03,46.11,80.64,71.0
15,432,736,QoS Aware Heuristic,200.49,250.8,20.06,73.97,28.8
78,66,835,QoS Aware Heuristic,388.77,601.38,35.35,86.07,0.85
42,542,590,Bin Packing,212.16,272.79,22.23,98.32,12.9
10,1404,249,Round Robin,304.47,407.07,25.2,79.63,140.4
76,975,567,QoS Aware Heuristic,466.1,696.71,33.1,91.44,12.83
27,1812,800,Bin Packing,119.85,336.28,64.36,69.9,67.11
51,1946,142,QoS Aware Heuristic,424.43,492.76,13.87,90.48,38.16
94,1559,128,Round Robin,126.11,341.12,63.03,85.96,16.59
50,1479,973,Bin Packing,150.72,433.36,65.22,85.59,29.58
16,166,731,QoS Aware Heuristic,147.73,216.36,31.72,95.72,10.38
94,1628,948,FCFS,497.64,651.56,23.62,69.33,17.32
17,929,130,Round Robin,172.07,404.43,57.45,74.74,54.65
66,164,792,QoS Aware Heuristic,458.7,675.63,32.11,63.32,2.48
86,1868,773,Reinforcement Learning,496.37,603.0,17.68,89.04,21.72
93,1622,227,Bin Packing,253.51,344.28,26.37,93.75,17.44
64,863,866,QoS Aware Heuristic,352.42,598.48,41.11,76.23,13.48
47,1698,393,Round Robin,411.64,700.7,41.25,74.27,36.13
80,1620,540,Round Robin,257.06,498.96,48.48,86.35,20.25
72,693,968,Reinforcement Learning,164.73,455.53,63.84,63.02,9.62
9,1409,487,Reinforcement Learning,273.51,474.76,42.39,71.75,156.56
41,385,865,QoS Aware Heuristic,408.76,691.03,40.85,74.65,9.39
76,971,741,FCFS,412.31,634.92,35.06,80.74,12.78
96,1962,623,Round Robin,192.22,469.44,59.05,79.06,20.44
35,1813,646,FCFS,169.99,260.39,34.72,68.35,51.8
13,196,809,FCFS,468.22,722.11,35.16,81.63,15.08
55,171,859,QoS Aware Heuristic,117.6,216.79,45.75,97.03,3.11
33,130,209,Bin Packing,393.9,450.76,12.61,61.08,3.94
82,734,427,Bin Packing,118.57,297.97,60.21,87.21,8.95
44,1739,504,Bin Packing,435.16,564.72,22.94,84.99,39.52
45,711,344,Reinforcement Learning,462.17,523.05,11.64,96.98,15.8
90,424,861,Round Robin,218.97,514.05,57.4,85.81,4.71
15,1643,977,Reinforcement Learning,129.57,346.19,62.57,84.99,109.53
27,112,928,Round Robin,292.27,567.72,48.52,90.79,4.15
5,553,262,Round Robin,219.39,519.16,57.74,70.71,110.6
50,717,659,Round Robin,266.85,414.84,35.67,83.83,14.34
25,498,498,QoS Aware Heuristic,365.99,479.67,23.7,80.78,19.92
94,1501,682,Bin Packing,183.93,279.9,34.29,77.54,15.97
40,917,498,Reinforcement Learning,242.78,421.58,42.41,63.18,22.92
58,1500,592,Reinforcement Learning,413.02,614.54,32.79,71.71,25.86
91,1494,745,QoS Aware Heuristic,357.5,525.61,31.98,71.2,16.42
61,1395,338,Round Robin,230.51,377.32,38.91,88.97,22.87
5,1986,564,Bin Packing,365.72,457.79,20.11,96.83,397.2
67,729,679,FCFS,406.13,566.59,28.32,69.23,10.88
58,1239,889,FCFS,336.99,408.3,17.47,62.98,21.36
59,1670,131,QoS Aware Heuristic,195.8,462.06,57.62,100.0,28.31
44,1722,222,Bin Packing,100.1,161.83,38.14,87.65,39.14
19,510,633,FCFS,421.14,566.3,25.63,95.46,26.84
25,508,766,FCFS,429.05,504.08,14.88,65.76,20.32
51,1262,209,Reinforcement Learning,379.04,622.79,39.14,92.03,24.75
77,513,370,Bin Packing,130.63,258.81,49.53,92.53,6.66
57,961,479,FCFS,334.09,412.37,18.98,66.06,16.86
13,428,399,Reinforcement Learning,428.41,611.28,29.92,66.46,32.92
78,1075,726,Bin Packing,255.87,534.94,52.17,71.82,13.78
56,1691,831,Round Robin,179.2,456.36,60.73,68.67,30.2
61,413,841,Bin Packing,335.05,447.46,25.12,99.02,6.77
30,121,863,QoS Aware Heuristic,430.52,660.43,34.81,74.52,4.03
45,1500,348,Reinforcement Learning,119.55,177.12,32.5,90.45,33.33
39,687,620,Round Robin,338.78,421.74,19.67,92.2,17.62
67,1243,133,Reinforcement Learning,357.27,532.14,32.86,75.44,18.55
29,1278,327,Reinforcement Learning,340.95,448.14,23.92,87.3,44.07
94,1898,684,FCFS,360.01,609.58,40.94,64.31,20.19
79,386,498,Bin Packing,352.55,635.32,44.51,75.88,4.89
42,1545,912,Reinforcement Learning,152.16,203.24,25.13,98.69,36.79
6,244,823,Reinforcement Learning,193.97,302.2,35.81,66.74,40.67
11,1743,683,QoS Aware Heuristic,347.6,507.49,31.51,75.43,158.45
86,1061,669,QoS Aware Heuristic,107.08,297.85,64.05,91.62,12.34
95,702,319,QoS Aware Heuristic,353.9,632.88,44.08,86.62,7.39
38,1348,470,Reinforcement Learning,366.15,639.12,42.71,85.26,35.47
95,56,886,Round Robin,195.67,404.96,51.68,94.13,0.59
21,954,860,Bin Packing,339.25,453.6,25.21,61.16,45.43
47,1028,627,Reinforcement Learning,313.64,559.46,43.94,90.85,21.87
63,615,174,FCFS,204.28,304.94,33.01,95.3,9.76
55,665,717,Round Robin,285.19,576.48,50.53,60.65,12.09
58,1927,235,Round Robin,463.85,515.31,9.99,82.36,33.22
28,1923,173,Bin Packing,270.64,463.08,41.56,73.94,68.68
29,622,353,Round Robin,351.94,424.04,17.0,62.03,21.45
75,648,117,Bin Packing,114.14,266.04,57.1,76.71,8.64
56,819,142,Round Robin,131.12,339.85,61.42,85.76,14.62
74,1251,149,Bin Packing,132.52,354.92,62.66,96.76,16.91
92,291,614,QoS Aware Heuristic,411.3,657.69,37.46,84.82,3.16
37,1276,843,QoS Aware Heuristic,240.1,438.43,45.24,94.27,34.49
53,1616,830,Round Robin,191.04,303.87,37.13,64.86,30.49
33,1874,670,Round Robin,398.93,671.24,40.57,68.42,56.79
67,1535,895,Bin Packing,167.98,420.76,60.08,98.81,22.91
26,1153,913,Bin Packing,198.6,288.61,31.19,95.5,44.35
30,1596,675,Reinforcement Learning,272.37,529.0,48.51,69.41,53.2
32,1490,681,QoS Aware Heuristic,232.58,525.74,55.76,84.84,46.56
89,815,402,Reinforcement Learning,334.16,543.46,38.51,74.51,9.16
53,433,241,Reinforcement Learning,235.14,355.59,33.87,78.74,8.17
75,440,301,FCFS,257.18,458.83,43.95,94.44,5.87
85,945,306,Bin Packing,445.15,580.78,23.35,89.43,11.12
88,1872,514,FCFS,453.81,672.8,32.55,69.54,21.27
53,737,320,FCFS,431.08,617.28,30.16,72.64,13.91
24,1199,461,Reinforcement Learning,445.93,728.3,38.77,71.59,49.96
90,1567,857,FCFS,327.89,532.37,38.41,91.23,17.41
96,96,180,Bin Packing,358.49,461.99,22.4,79.6,1.0
67,1791,862,Reinforcement Learning,322.87,554.15,41.74,98.03,26.73
65,1549,662,Bin Packing,414.24,539.46,23.21,92.67,23.83
53,668,384,Round Robin,320.4,438.5,26.93,68.45,12.6
75,513,468,FCFS,144.43,292.37,50.6,91.44,6.84
5,1860,591,Reinforcement Learning,423.83,476.83,11.12,80.24,372.0
17,1922,995,QoS Aware Heuristic,404.23,696.52,41.96,70.15,113.06
98,172,445,Bin Packing,428.12,611.2,29.95,74.53,1.76
91,1547,303,FCFS,176.17,419.54,58.01,98.89,17.0
55,183,124,Bin Packing,208.65,323.11,35.42,79.36,3.33
60,1692,652,Bin Packing,218.3,454.95,52.02,88.78,28.2
87,1890,168,Round Robin,303.23,495.02,38.74,79.08,21.72
66,890,615,Bin Packing,153.55,309.59,50.4,74.86,13.48
36,1635,591,Round Robin,254.15,546.82,53.52,91.86,45.42
34,898,339,Round Robin,172.86,346.32,50.09,93.93,26.41
33,656,460,Round Robin,205.91,420.27,51.01,62.88,19.88
53,1853,540,FCFS,382.56,436.4,12.34,71.16,34.96
49,72,130,Bin Packing,441.92,567.28,22.1,80.31,1.47
97,615,998,Bin Packing,109.16,381.33,71.37,72.66,6.34
34,1959,728,Round Robin,326.36,566.1,42.35,91.34,57.62
20,815,806,Bin Packing,114.42,298.61,61.68,64.59,40.75
44,1014,701,Bin Packing,134.1,409.14,67.22,91.91,23.05
23,284,789,Round Robin,382.03,553.59,30.99,84.72,12.35
22,1045,756,QoS Aware Heuristic,394.24,585.87,32.71,71.57,47.5
5,1132,813,QoS Aware Heuristic,425.59,571.13,25.48,73.78,226.4
82,1237,421,Round Robin,289.7,494.71,41.44,67.32,15.09
51,1844,443,FCFS,443.92,573.67,22.62,70.1,36.16
70,875,814,Bin Packing,166.74,313.11,46.75,88.69,12.5
96,265,635,Bin Packing,199.89,491.47,59.33,75.04,2.76
98,1256,454,QoS Aware Heuristic,153.8,231.63,33.6,87.5,12.82
42,1642,570,Round Robin,419.01,495.32,15.41,80.56,39.1
55,706,204,FCFS,191.47,252.3,24.11,65.81,12.84
67,984,886,Round Robin,162.2,292.21,44.49,79.96,14.69
8,1163,421,QoS Aware Heuristic,349.24,498.8,29.98,90.26,145.38
5,360,671,QoS Aware Heuristic,130.83,204.46,36.01,71.91,72.0
12,606,982,Bin Packing,117.96,305.24,61.35,85.92,50.5
33,1021,626,Reinforcement Learning,142.69,338.52,57.85,67.96,30.94
59,306,603,FCFS,100.1,337.86,70.37,65.43,5.19
7,582,184,FCFS,378.8,672.79,43.7,74.41,83.14
36,1606,808,Reinforcement Learning,324.89,529.73,38.67,75.57,44.61
14,101,334,QoS Aware Heuristic,183.95,261.86,29.75,90.44,7.21
78,1411,955,Round Robin,193.2,265.33,27.19,78.4,18.09
87,1244,362,FCFS,424.39,668.78,36.54,63.25,14.3
38,1140,105,Reinforcement Learning,300.73,513.31,41.41,85.36,30.0
91,1698,593,Bin Packing,379.41,469.89,19.26,78.77,18.66
59,349,992,Bin Packing,281.1,394.44,28.73,73.27,5.92
96,721,388,QoS Aware Heuristic,195.09,432.65,54.91,92.09,7.51
36,827,669,FCFS,488.16,679.7,28.18,66.18,22.97
54,881,756,Round Robin,326.26,522.51,37.56,96.53,16.31
11,281,977,FCFS,152.39,254.89,40.21,73.36,25.55
97,1024,653,Bin Packing,262.44,469.7,44.13,78.44,10.56
12,1910,449,FCFS,231.73,474.39,51.15,97.17,159.17
69,1141,299,Bin Packing,185.63,456.94,59.38,90.45,16.54
61,1579,785,Reinforcement Learning,473.38,707.56,33.1,62.97,25.89
71,77,996,Reinforcement Learning,452.37,646.46,30.02,83.13,1.08
92,1701,434,Bin Packing,179.66,397.97,54.86,72.41,18.49
91,1124,706,Round Robin,240.86,412.14,41.56,80.34,12.35
63,1766,316,Round Robin,404.93,511.65,20.86,89.72,28.03
76,1333,722,FCFS,183.4,453.95,59.6,79.85,17.54
58,640,452,Bin Packing,336.63,519.79,35.24,62.84,11.03
71,834,791,QoS Aware Heuristic,379.92,578.5,34.33,81.2,11.75
55,669,774,Round Robin,361.59,659.12,45.14,60.97,12.16
96,635,730,Round Robin,382.56,678.81,43.64,73.94,6.61
12,1760,424,Reinforcement Learning,382.68,579.26,33.94,79.12,146.67
38,1051,327,Round Robin,485.92,544.41,10.74,85.79,27.66
39,233,244,Round Robin,238.6,387.64,38.45,80.25,5.97
92,1096,407,Round Robin,451.44,735.76,38.64,66.08,11.91
82,1859,753,Bin Packing,108.72,230.8,52.89,97.29,22.67
36,178,733,Bin Packing,215.28,515.1,58.21,86.01,4.94
50,340,384,Reinforcement Learning,119.46,190.54,37.3,72.68,6.8
20,1905,491,FCFS,360.48,552.51,34.76,98.64,95.25
72,550,837,Round Robin,140.32,319.18,56.04,95.3,7.64
41,235,459,FCFS,438.28,552.12,20.62,65.74,5.73
58,528,868,Bin Packing,358.64,645.79,44.46,86.22,9.1
89,1644,896,Round Robin,111.53,316.32,64.74,82.4,18.47
18,541,264,FCFS,385.91,493.47,21.8,67.71,30.06
99,562,832,FCFS,444.81,590.82,24.71,69.34,5.68
59,1716,680,QoS Aware Heuristic,364.45,594.76,38.72,82.55,29.08
52,1140,920,Bin Packing,112.21,236.63,52.58,72.85,21.92
86,1878,323,Reinforcement Learning,443.17,713.07,37.85,93.39,21.84
11,516,223,Reinforcement Learning,392.99,484.41,18.87,63.91,46.91
78,334,443,QoS Aware Heuristic,251.38,367.51,31.6,96.56,4.28
11,650,950,FCFS,231.45,317.67,27.14,93.62,59.09
37,1490,623,QoS Aware Heuristic,291.93,367.97,20.66,89.54,40.27
27,1173,151,QoS Aware Heuristic,446.84,571.92,21.87,70.5,43.44
89,238,228,Bin Packing,200.82,500.61,59.88,88.6,2.67
23,1038,234,Round Robin,140.39,213.97,34.39,77.55,45.13
23,939,756,FCFS,445.85,549.1,18.8,85.35,40.83
40,1931,226,Reinforcement Learning,110.52,228.42,51.62,72.5,48.28
33,437,837,Reinforcement Learning,464.4,669.18,30.6,93.43,13.24
64,290,170,QoS Aware Heuristic,222.3,458.64,51.53,61.62,4.53
86,1855,372,QoS Aware Heuristic,303.29,541.27,43.97,87.66,21.57
6,1804,286,QoS Aware Heuristic,152.92,205.08,25.43,93.15,300.67
5,466,102,FCFS,460.9,673.86,31.6,85.86,93.2
51,1991,384,QoS Aware Heuristic,399.93,607.61,34.18,67.68,39.04
73,225,121,QoS Aware Heuristic,469.66,649.07,27.64,71.4,3.08
24,436,265,Round Robin,373.29,518.09,27.95,80.6,18.17
15,1544,409,FCFS,173.88,423.24,58.92,73.18,102.93
6,902,974,Bin Packing,223.31,359.28,37.85,60.2,150.33
71,1306,576,Bin Packing,294.74,402.24,26.73,61.63,18.39
91,712,597,Round Robin,342.9,470.42,27.11,90.71,7.82
16,501,533,Reinforcement Learning,470.58,630.49,25.36,63.35,31.31
24,326,857,Bin Packing,253.58,357.09,28.99,97.12,13.58
9,1302,333,FCFS,381.23,583.12,34.62,77.71,144.67
41,1244,936,Reinforcement Learning,484.4,755.45,35.88,90.33,30.34
42,1808,769,QoS Aware Heuristic,160.95,359.82,55.27,65.02,43.05
98,262,762,FCFS,445.08,606.75,26.65,97.06,2.67
13,1355,824,Reinforcement Learning,268.28,517.5,48.16,61.35,104.23
57,90,475,Bin Packing,392.97,629.98,37.62,61.69,1.58
48,1195,829,QoS Aware Heuristic,217.42,359.18,39.47,62.18,24.9
90,1300,345,QoS Aware Heuristic,233.59,434.63,46.26,64.14,14.44
28,343,402,FCFS,110.85,343.31,67.71,79.47,12.25
85,649,504,QoS Aware Heuristic,488.56,599.93,18.56,91.53,7.64
78,1340,887,Reinforcement Learning,425.38,566.95,24.97,71.4,17.18
34,590,762,Round Robin,137.57,214.01,35.72,89.83,17.35
63,1832,807,Bin Packing,499.8,796.72,37.27,90.96,29.08
91,1901,120,FCFS,342.01,413.48,17.28,96.33,20.89
85,500,356,Round Robin,441.49,533.64,17.27,65.97,5.88
85,1522,498,Round Robin,126.66,296.62,57.3,65.42,17.91
18,1829,628,FCFS,255.78,522.1,51.01,64.88,101.61
13,1134,150,Reinforcement Learning,367.86,506.83,27.42,74.37,87.23
44,1575,546,Bin Packing,142.57,384.72,62.94,79.58,35.8
70,1220,369,FCFS,295.56,514.57,42.56,78.46,17.43
29,1759,926,Round Robin,277.07,486.74,43.08,70.28,60.66
77,839,694,Round Robin,186.42,447.67,58.36,84.88,10.9
26,383,917,FCFS,220.11,273.65,19.57,73.53,14.73
8,1954,735,Round Robin,486.85,769.14,36.7,74.64,244.25
30,940,901,FCFS,215.46,472.77,54.43,64.22,31.33
62,1215,361,FCFS,185.37,469.84,60.55,83.69,19.6
33,93,464,Bin Packing,314.48,562.88,44.13,86.21,2.82
91,193,148,FCFS,368.38,638.03,42.26,90.32,2.12
41,1938,617,Round Robin,390.04,490.81,20.53,96.16,47.27
79,382,728,QoS Aware Heuristic,401.7,531.51,24.42,90.64,4.84
74,1047,217,Bin Packing,114.73,243.54,52.89,69.43,14.15
22,1570,552,Round Robin,257.5,334.79,23.09,69.43,71.36
89,1469,874,Round Robin,409.58,641.97,36.2,96.6,16.51
46,104,964,Bin Packing,461.94,545.98,15.39,91.61,2.26
45,1380,985,Bin Packing,340.88,404.01,15.63,91.29,30.67
42,919,740,Round Robin,120.92,364.78,66.85,88.79,21.88
38,1496,496,QoS Aware Heuristic,258.66,534.83,51.64,70.69,39.37
21,1490,782,Reinforcement Learning,129.69,370.72,65.02,93.9,70.95
41,1746,126,Round Robin,399.42,655.76,39.09,65.72,42.59
29,846,810,Bin Packing,125.4,324.31,61.33,74.0,29.17
80,374,471,FCFS,174.29,446.23,60.94,73.86,4.68
91,1783,998,FCFS,266.78,440.96,39.5,82.41,19.59
90,1744,925,Bin Packing,285.06,582.14,51.03,78.54,19.38
89,129,956,Bin Packing,262.59,338.44,22.41,78.39,1.45
31,1104,196,Reinforcement Learning,285.36,537.66,46.93,82.14,35.61
61,1034,628,Bin Packing,385.3,595.65,35.31,76.62,16.95
35,1185,784,FCFS,247.71,442.87,44.07,70.0,33.86
10,607,712,QoS Aware Heuristic,319.1,550.55,42.04,86.56,60.7
95,914,285,Bin Packing,221.35,481.42,54.02,91.63,9.62
44,766,795,Reinforcement Learning,241.45,507.17,52.39,79.16,17.41
16,1637,314,QoS Aware Heuristic,345.52,439.37,21.36,85.98,102.31
57,1723,350,Reinforcement Learning,296.2,395.46,25.1,81.41,30.23
75,521,315,QoS Aware Heuristic,389.21,443.25,12.19,62.36,6.95
14,123,128,Bin Packing,324.22,407.18,20.37,76.92,8.79
49,1626,201,FCFS,421.43,537.4,21.58,60.39,33.18
21,1552,222,QoS Aware Heuristic,277.36,507.62,45.36,86.48,73.9
30,638,153,Round Robin,296.41,465.35,36.3,80.33,21.27
89,1460,382,Reinforcement Learning,367.99,607.47,39.42,65.07,16.4
96,1772,713,QoS Aware Heuristic,188.5,360.13,47.66,81.69,18.46
66,1955,216,Reinforcement Learning,254.37,443.27,42.62,95.94,29.62
50,613,715,FCFS,349.94,427.71,18.18,73.62,12.26
68,1506,656,Reinforcement Learning,111.55,355.69,68.64,99.29,22.15
6,1485,213,Reinforcement Learning,274.79,514.32,46.57,98.38,247.5
58,516,954,Round Robin,339.54,466.43,27.2,91.41,8.9
69,648,642,Reinforcement Learning,486.95,619.09,21.34,92.55,9.39
55,1694,775,QoS Aware Heuristic,450.81,555.73,18.88,76.42,30.8
57,1041,800,Reinforcement Learning,212.3,465.76,54.42,76.1,18.26
40,1982,392,Bin Packing,302.88,539.63,43.87,98.18,49.55
30,786,294,Reinforcement Learning,122.57,324.86,62.27,74.65,26.2
33,1043,391,Bin Packing,196.3,306.01,35.85,63.87,31.61
25,297,986,Reinforcement Learning,409.94,502.9,18.48,66.11,11.88
15,1654,360,Reinforcement Learning,149.33,211.9,29.53,88.42,110.27
44,1193,306,QoS Aware Heuristic,203.08,264.48,23.22,75.32,27.11
15,116,663,Bin Packing,477.62,574.4,16.85,67.97,7.73
40,622,148,Bin Packing,429.54,504.67,14.89,92.55,15.55
63,1400,105,Round Robin,412.73,601.76,31.41,79.55,22.22
43,1993,478,Reinforcement Learning,445.82,585.34,23.84,82.71,46.35
58,752,493,Reinforcement Learning,399.84,561.08,28.74,66.16,12.97
59,519,985,QoS Aware Heuristic,148.23,346.75,57.25,67.71,8.8
28,542,323,Round Robin,306.62,521.4,41.19,65.03,19.36
26,1774,122,Round Robin,277.7,489.75,43.3,80.58,68.23
73,712,756,QoS Aware Heuristic,224.46,339.67,33.92,91.03,9.75
60,335,209,Bin Packing,433.62,686.03,36.79,89.29,5.58
37,1987,823,FCFS,285.66,565.09,49.45,70.45,53.7
40,1681,911,QoS Aware Heuristic,124.12,253.1,50.96,94.06,42.02
24,361,652,Bin Packing,209.99,264.26,20.54,64.23,15.04
87,358,498,Round Robin,191.45,466.24,58.94,64.56,4.11
85,824,271,QoS Aware Heuristic,454.99,735.88,38.17,93.97,9.69
66,1170,797,FCFS,358.98,421.72,14.88,69.78,17.73
77,1014,825,Reinforcement Learning,324.15,375.39,13.65,88.32,13.17
30,1186,405,QoS Aware Heuristic,302.66,556.76,45.64,60.36,39.53
70,1710,663,FCFS,360.05,485.42,25.83,63.74,24.43
77,505,681,FCFS,401.95,680.6,40.94,84.37,6.56
77,1536,807,QoS Aware Heuristic,321.75,425.94,24.46,67.3,19.95
44,181,250,Bin Packing,475.31,740.6,35.82,61.13,4.11
21,979,527,QoS Aware Heuristic,490.73,557.89,12.04,78.68,46.62
5,1014,720,Round Robin,498.14,613.3,18.78,73.22,202.8
93,978,566,FCFS,367.76,661.04,44.37,92.09,10.52
65,170,729,FCFS,473.05,580.85,18.56,92.75,2.62
47,1270,976,Reinforcement Learning,261.79,345.04,24.13,84.58,27.02
46,1879,706,FCFS,443.84,708.1,37.32,71.72,40.85
29,1555,867,Reinforcement Learning,463.67,543.12,14.63,78.47,53.62
43,683,655,FCFS,461.66,536.02,13.87,88.09,15.88
39,1867,166,FCFS,432.34,563.2,23.24,62.77,47.87
7,946,255,QoS Aware Heuristic,262.64,471.47,44.29,73.3,135.14
48,821,934,QoS Aware Heuristic,163.56,391.25,58.2,92.89,17.1
55,1112,305,Round Robin,233.58,503.89,53.64,76.24,20.22
98,615,885,Bin Packing,406.92,592.15,31.28,84.99,6.28
16,561,254,Round Robin,193.15,341.5,43.44,63.85,35.06
23,1547,790,FCFS,291.31,431.02,32.41,91.08,67.26
48,1234,608,Round Robin,326.16,587.89,44.52,64.02,25.71
63,338,671,QoS Aware Heuristic,341.54,572.49,40.34,94.46,5.37
53,249,173,FCFS,474.29,750.65,36.82,64.26,4.7
65,1861,148,FCFS,364.6,655.61,44.39,95.64,28.63
21,577,882,Round Robin,414.52,539.53,23.17,74.55,27.48
78,966,566,Reinforcement Learning,332.75,515.17,35.41,84.98,12.38
61,1758,684,Bin Packing,433.43,641.39,32.42,93.86,28.82
59,1576,807,Round Robin,205.47,296.43,30.69,60.41,26.71
51,1321,278,Round Robin,183.95,247.29,25.61,70.63,25.9
16,1456,147,Bin Packing,470.53,737.47,36.2,96.33,91.0
66,1291,171,FCFS,377.39,561.27,32.76,75.53,19.56
84,1160,212,FCFS,368.61,561.3,34.33,88.26,13.81
92,1155,856,Reinforcement Learning,286.92,475.65,39.68,65.6,12.55
87,1135,996,Round Robin,250.68,489.42,48.78,87.13,13.05
12,848,920,Bin Packing,322.28,408.66,21.14,62.93,70.67
99,1573,258,Round Robin,148.23,351.74,57.86,88.69,15.89
25,1115,885,QoS Aware Heuristic,281.89,449.26,37.25,72.95,44.6
85,61,879,Round Robin,282.15,556.39,49.29,78.63,0.72
91,882,915,Round Robin,315.33,495.24,36.33,66.65,9.69
84,1819,129,QoS Aware Heuristic,353.87,639.6,44.67,85.11,21.65
74,890,196,QoS Aware Heuristic,482.93,621.24,22.26,73.5,12.03
76,692,350,Bin Packing,360.87,652.59,44.7,75.34,9.11
29,1188,618,FCFS,453.49,722.28,37.21,86.09,40.97
86,1291,191,Reinforcement Learning,322.52,518.59,37.81,67.15,15.01
93,1722,212,QoS Aware Heuristic,350.77,489.2,28.3,94.08,18.52
16,155,358,FCFS,127.93,271.91,52.95,89.57,9.69
19,740,206,Bin Packing,153.31,396.5,61.33,83.11,38.95
63,577,674,Round Robin,331.87,527.03,37.03,65.13,9.16
30,1545,489,Bin Packing,258.29,408.69,36.8,87.48,51.5
30,1827,457,Bin Packing,419.52,628.53,33.25,60.72,60.9
51,895,882,QoS Aware Heuristic,317.27,550.58,42.38,92.18,17.55
36,942,298,Reinforcement Learning,452.92,508.65,10.96,72.15,26.17
14,436,526,QoS Aware Heuristic,488.93,561.4,12.91,64.69,31.14
20,1299,577,Round Robin,159.05,232.67,31.64,66.58,64.95
75,530,958,QoS Aware Heuristic,257.93,365.91,29.51,98.53,7.07
21,1827,948,Round Robin,365.99,522.74,29.99,90.95,87.0
27,457,602,QoS Aware Heuristic,222.2,473.11,53.03,69.51,16.93
30,1530,757,Reinforcement Learning,206.81,344.58,39.98,98.54,51.0
89,1726,672,FCFS,425.5,479.87,11.33,65.6,19.39
90,947,219,Reinforcement Learning,492.15,662.99,25.77,89.34,10.52
11,760,672,QoS Aware Heuristic,409.52,708.68,42.21,86.27,69.09
18,1697,408,Bin Packing,309.47,446.73,30.73,92.86,94.28
83,688,637,FCFS,277.0,567.31,51.17,75.27,8.29
11,1094,726,Bin Packing,315.86,391.2,19.26,76.07,99.45
13,1732,574,Reinforcement Learning,285.14,378.41,24.65,84.98,133.23
52,1674,651,FCFS,301.16,532.19,43.41,75.93,32.19
76,864,443,QoS Aware Heuristic,181.38,356.68,49.15,61.65,11.37
63,967,727,Bin Packing,461.5,702.78,34.33,89.19,15.35
91,252,235,QoS Aware Heuristic,401.81,667.7,39.82,85.64,2.77
97,466,376,Round Robin,372.39,485.16,23.24,76.95,4.8
86,465,910,FCFS,479.97,700.68,31.5,72.11,5.41
99,1521,632,Bin Packing,213.76,415.66,48.57,72.83,15.36
98,1585,998,Reinforcement Learning,132.46,397.84,66.71,89.64,16.17
43,134,130,Reinforcement Learning,430.46,587.99,26.79,89.17,3.12
22,216,346,Reinforcement Learning,499.37,562.34,11.2,92.76,9.82
63,433,510,Reinforcement Learning,331.37,524.92,36.87,90.49,6.87
21,517,126,Bin Packing,123.52,413.24,70.11,90.32,24.62
18,1145,172,Round Robin,412.19,465.85,11.52,70.07,63.61
35,859,196,Reinforcement Learning,129.5,239.56,45.94,64.06,24.54
28,1046,772,Reinforcement Learning,316.01,445.03,28.99,90.47,37.36
64,1594,445,Reinforcement Learning,211.01,452.47,53.36,63.94,24.91
49,1866,575,Round Robin,466.01,596.83,21.92,99.28,38.08
7,522,399,FCFS,280.53,390.3,28.12,95.0,74.57
41,1042,398,Reinforcement Learning,459.39,671.53,31.59,81.34,25.41
47,1331,386,Reinforcement Learning,219.63,281.23,21.9,74.09,28.32
44,324,984,Reinforcement Learning,254.95,347.6,26.65,81.07,7.36
94,1823,548,FCFS,478.85,630.86,24.1,89.37,19.39
59,1093,311,Reinforcement Learning,180.53,319.43,43.48,90.25,18.53
91,1563,175,FCFS,331.4,468.19,29.22,62.95,17.18
43,1818,500,FCFS,255.4,332.54,23.2,92.19,42.28
19,539,754,QoS Aware Heuristic,409.67,549.88,25.5,85.66,28.37
8,1806,133,QoS Aware Heuristic,151.72,401.22,62.19,61.62,225.75
97,375,597,Reinforcement Learning,274.89,428.35,35.83,72.53,3.87
90,578,947,Bin Packing,379.57,576.11,34.12,80.43,6.42
29,941,615,QoS Aware Heuristic,262.81,353.7,25.7,67.54,32.45
17,138,427,QoS Aware Heuristic,123.41,190.84,35.33,66.21,8.12
86,535,197,Bin Packing,382.04,652.03,41.41,60.57,6.22
37,757,465,Round Robin,301.28,434.12,30.6,96.46,20.46
20,399,828,Reinforcement Learning,104.52,242.1,56.83,62.24,19.95
46,1157,562,Round Robin,345.06,614.48,43.85,74.64,25.15
70,436,127,Round Robin,467.95,694.89,32.66,68.23,6.23
59,136,812,FCFS,144.41,383.48,62.34,89.64,2.31
46,356,485,FCFS,336.27,556.77,39.6,88.29,7.74
38,1923,372,Reinforcement Learning,391.47,467.92,16.34,92.25,50.61
34,1227,925,Bin Packing,128.31,417.81,69.29,84.67,36.09
17,489,226,FCFS,109.05,386.33,71.77,83.67,28.76
17,789,301,QoS Aware Heuristic,285.68,394.74,27.63,76.28,46.41
22,313,620,Reinforcement Learning,416.47,667.47,37.6,85.45,14.23
36,1026,386,Round Robin,164.29,316.64,48.11,64.61,28.5
43,784,549,Reinforcement Learning,434.65,655.59,33.7,87.38,18.23
50,470,187,FCFS,362.63,454.03,20.13,64.16,9.4
33,542,417,Bin Packing,232.87,417.51,44.22,94.47,16.42
66,682,118,Round Robin,306.33,387.98,21.04,80.23,10.33
97,1042,692,Bin Packing,486.23,670.27,27.46,81.21,10.74
66,460,206,Reinforcement Learning,186.57,297.47,37.28,83.39,6.97
61,222,557,Bin Packing,299.81,462.93,35.24,91.04,3.64
20,53,410,Bin Packing,349.79,566.78,38.28,79.14,2.65
60,903,511,Reinforcement Learning,155.21,424.48,63.44,77.1,15.05
14,1713,841,Round Robin,117.41,208.73,43.75,71.53,122.36
34,1035,723,Bin Packing,105.38,378.7,72.17,65.12,30.44
29,1545,831,Bin Packing,229.88,377.39,39.09,67.61,53.28
88,1183,734,Reinforcement Learning,129.58,390.53,66.82,60.02,13.44
9,1940,597,QoS Aware Heuristic,421.51,599.65,29.71,94.78,215.56
69,1110,343,Bin Packing,498.93,764.48,34.74,90.6,16.09
98,632,789,FCFS,124.52,340.23,63.4,68.75,6.45
53,1874,676,Round Robin,273.09,450.27,39.35,60.1,35.36
7,1104,479,Bin Packing,110.29,238.42,53.74,79.68,157.71
49,430,614,Reinforcement Learning,153.6,445.83,65.55,76.5,8.78
18,1341,306,FCFS,229.17,479.39,52.2,91.04,74.5
34,1084,493,Reinforcement Learning,257.48,402.78,36.07,76.12,31.88
72,393,120,Bin Packing,475.91,567.59,16.15,94.56,5.46
22,1913,904,FCFS,258.33,503.21,48.66,63.83,86.95
66,1617,626,Round Robin,298.51,596.0,49.91,74.63,24.5
41,1642,442,Round Robin,198.23,317.97,37.66,97.36,40.05
29,215,817,Round Robin,100.05,379.02,73.6,60.47,7.41
52,749,301,QoS Aware Heuristic,459.73,541.07,15.03,75.63,14.4
69,391,219,Reinforcement Learning,132.69,420.74,68.46,70.39,5.67
57,1555,748,Bin Packing,485.7,722.03,32.73,81.27,27.28
83,1092,911,FCFS,152.34,288.99,47.29,71.15,13.16
77,1701,906,Reinforcement Learning,341.95,468.11,26.95,94.8,22.09
19,1029,488,Bin Packing,499.76,710.62,29.67,97.49,54.16
53,1257,636,QoS Aware Heuristic,155.39,353.77,56.08,93.97,23.72
92,1855,923,Bin Packing,269.58,549.31,50.92,75.94,20.16
72,594,333,Reinforcement Learning,412.17,653.73,36.95,99.6,8.25
16,1083,732,Bin Packing,112.88,297.97,62.12,89.4,67.69
63,1665,701,FCFS,375.91,657.8,42.85,74.22,26.43
41,241,419,QoS Aware Heuristic,132.15,330.33,59.99,63.75,5.88
65,369,811,FCFS,194.61,457.03,57.42,86.68,5.68
47,1775,279,QoS Aware Heuristic,164.03,424.27,61.34,89.14,37.77
74,629,956,QoS Aware Heuristic,462.93,742.73,37.67,64.9,8.5
43,524,467,Bin Packing,172.18,239.08,27.98,81.99,12.19
60,1933,175,FCFS,116.17,312.12,62.78,99.48,32.22
67,686,748,QoS Aware Heuristic,335.05,502.15,33.28,73.05,10.24
50,476,749,QoS Aware Heuristic,238.47,411.11,41.99,72.08,9.52
92,1921,595,Bin Packing,262.28,427.26,38.61,96.13,20.88
15,1132,621,Reinforcement Learning,147.63,407.0,63.73,64.7,75.47
66,1509,300,Reinforcement Learning,399.29,528.9,24.51,97.34,22.86
81,146,929,Round Robin,340.62,506.31,32.73,91.18,1.8
29,545,445,Round Robin,245.69,345.86,28.96,75.63,18.79
75,1860,582,QoS Aware Heuristic,168.63,281.56,40.11,63.34,24.8
56,710,318,Reinforcement Learning,337.38,552.49,38.93,60.77,12.68
8,1351,159,QoS Aware Heuristic,411.44,490.67,16.15,75.03,168.88
63,1338,758,FCFS,224.96,321.92,30.12,88.21,21.24
76,58,718,Reinforcement Learning,110.34,292.35,62.26,79.5,0.76
24,506,649,Reinforcement Learning,185.74,246.68,24.7,89.55,21.08
97,1868,745,Reinforcement Learning,372.96,454.69,17.97,86.82,19.26
67,322,320,Round Robin,495.64,761.48,34.91,82.92,4.81
58,989,914,Bin Packing,105.35,366.89,71.29,98.7,17.05
78,1886,601,Bin Packing,222.46,359.4,38.1,89.14,24.18
61,1081,232,Round Robin,124.81,261.81,52.33,96.58,17.72
94,257,945,Round Robin,226.54,510.67,55.64,69.69,2.73
45,1987,152,Round Robin,262.37,318.83,17.71,88.55,44.16
7,1710,549,Bin Packing,468.34,663.41,29.4,83.91,244.29
10,1196,161,QoS Aware Heuristic,132.22,331.57,60.12,96.97,119.6
9,1106,122,Round Robin,410.85,657.82,37.54,80.42,122.89
9,1586,143,QoS Aware Heuristic,258.21,546.15,52.72,71.19,176.22
58,253,919,QoS Aware Heuristic,424.51,563.47,24.66,75.39,4.36
51,567,657,FCFS,305.36,464.82,34.31,68.75,11.12
91,1882,758,Bin Packing,115.71,333.53,65.31,68.8,20.68
53,566,827,QoS Aware Heuristic,478.48,770.3,37.88,78.82,10.68
13,492,951,Bin Packing,133.09,405.79,67.2,95.7,37.85
24,1665,146,Bin Packing,339.07,555.83,39.0,67.67,69.38
65,1859,958,FCFS,451.07,715.25,36.94,71.51,28.6
39,738,919,Bin Packing,131.91,203.21,35.09,94.12,18.92
54,899,123,QoS Aware Heuristic,321.56,465.84,30.97,73.57,16.65
86,882,756,Reinforcement Learning,429.72,482.99,11.03,98.5,10.26
66,388,188,QoS Aware Heuristic,494.53,588.9,16.02,70.76,5.88
21,1511,273,QoS Aware Heuristic,389.73,597.35,34.76,77.69,71.95
92,1518,675,Bin Packing,211.33,482.72,56.22,63.82,16.5
7,1209,218,QoS Aware Heuristic,379.83,588.03,35.41,99.69,172.71
36,436,834,Reinforcement Learning,382.31,598.34,36.1,95.61,12.11
17,1098,767,Bin Packing,379.99,455.95,16.66,92.7,64.59
93,555,277,Round Robin,441.7,657.92,32.86,66.29,5.97
77,1398,931,QoS Aware Heuristic,134.95,298.54,54.8,98.77,18.16
72,1768,441,QoS Aware Heuristic,143.37,356.23,59.75,97.17,24.56
18,729,667,FCFS,356.25,487.79,26.97,77.43,40.5
15,1411,158,Round Robin,481.55,676.92,28.86,87.27,94.07
60,739,537,Round Robin,286.34,442.36,35.27,99.7,12.32
71,934,527,Reinforcement Learning,484.23,673.89,28.14,76.39,13.15
96,1168,525,Round Robin,475.23,562.0,15.44,64.52,12.17
33,1618,480,FCFS,461.16,610.12,24.41,94.71,49.03
13,672,585,Reinforcement Learning,463.94,607.51,23.63,79.06,51.69
71,1219,831,Round Robin,459.33,693.43,33.76,99.48,17.17
29,942,284,Reinforcement Learning,427.96,654.56,34.62,82.04,32.48
80,1002,658,Round Robin,377.99,655.2,42.31,61.18,12.52
46,1304,559,Round Robin,109.76,317.77,65.46,79.67,28.35
13,833,988,Round Robin,152.9,281.54,45.69,88.72,64.08
83,1921,201,QoS Aware Heuristic,153.69,399.5,61.53,61.04,23.14
44,544,655,Round Robin,109.42,283.67,61.43,76.54,12.36
29,1111,114,QoS Aware Heuristic,146.68,245.05,40.14,66.22,38.31
9,1498,847,Bin Packing,467.9,704.75,33.61,85.72,166.44
15,1720,972,FCFS,365.52,448.65,18.53,98.29,114.67
63,1919,150,Reinforcement Learning,224.83,319.37,29.6,84.98,30.46
92,796,408,Reinforcement Learning,417.34,657.03,36.48,87.8,8.65
83,486,133,Bin Packing,295.35,537.89,45.09,75.86,5.86
42,1904,735,Round Robin,156.85,404.55,61.23,82.53,45.33
76,1441,688,FCFS,453.8,577.13,21.37,81.75,18.96
9,394,734,Bin Packing,235.46,502.11,53.11,90.38,43.78
52,1233,304,Bin Packing,379.54,610.21,37.8,94.28,23.71
94,599,839,Reinforcement Learning,216.24,474.73,54.45,86.52,6.37
22,1735,169,QoS Aware Heuristic,300.03,527.18,43.09,99.19,78.86
74,1985,329,QoS Aware Heuristic,426.5,621.4,31.36,93.13,26.82
41,869,579,Round Robin,162.71,240.06,32.22,64.99,21.2
64,590,632,Round Robin,490.9,718.63,31.69,80.3,9.22
52,193,207,Bin Packing,128.09,350.71,63.48,96.13,3.71
81,637,975,Round Robin,313.6,441.72,29.0,97.76,7.86
32,706,340,QoS Aware Heuristic,466.41,700.36,33.4,75.21,22.06
73,1814,350,FCFS,478.28,665.89,28.17,89.03,24.85
81,1649,234,Reinforcement Learning,192.84,382.69,49.61,76.42,20.36
85,1932,189,QoS Aware Heuristic,157.59,299.49,47.38,64.95,22.73
44,394,690,Round Robin,389.76,468.96,16.89,95.38,8.95
49,1342,539,Reinforcement Learning,116.79,221.02,47.16,97.28,27.39
66,1913,788,Reinforcement Learning,294.1,536.31,45.16,80.19,28.98
97,745,397,Bin Packing,418.54,536.4,21.97,60.73,7.68
62,1846,506,Round Robin,324.1,374.66,13.49,92.64,29.77
71,317,407,Bin Packing,175.21,474.46,63.07,79.08,4.46
60,218,201,Reinforcement Learning,294.82,397.49,25.83,63.0,3.63
44,1844,460,Bin Packing,468.51,682.36,31.34,67.58,41.91
44,1812,946,Round Robin,346.89,628.62,44.82,66.08,41.18
95,82,723,QoS Aware Heuristic,388.6,588.53,33.97,87.45,0.86
81,426,792,FCFS,234.51,484.27,51.57,71.98,5.26
37,1287,715,QoS Aware Heuristic,175.39,469.48,62.64,65.11,34.78
10,1635,627,Reinforcement Learning,202.26,467.35,56.72,96.71,163.5
92,1513,707,QoS Aware Heuristic,313.27,502.75,37.69,98.26,16.45
23,1565,392,Bin Packing,212.09,353.02,39.92,65.54,68.04
84,442,245,Round Robin,316.79,487.41,35.01,69.21,5.26
44,538,503,QoS Aware Heuristic,383.12,643.58,40.47,83.68,12.23
96,771,913,QoS Aware Heuristic,393.76,657.1,40.08,66.02,8.03
63,995,101,Round Robin,165.87,427.33,61.18,66.34,15.79
63,1102,218,Bin Packing,400.17,599.48,33.25,73.46,17.49
52,88,954,FCFS,369.08,538.32,31.44,97.97,1.69
45,1932,705,QoS Aware Heuristic,104.8,232.63,54.95,98.5,42.93
17,1685,290,Reinforcement Learning,123.55,174.39,29.15,93.67,99.12
49,1246,102,Bin Packing,358.5,599.62,40.21,87.83,25.43
93,1090,586,Bin Packing,253.48,372.73,31.99,88.83,11.72
57,1129,722,QoS Aware Heuristic,158.44,290.86,45.53,78.78,19.81
46,275,276,Round Robin,117.76,378.63,68.9,81.21,5.98
67,1631,356,QoS Aware Heuristic,163.76,226.82,27.8,85.38,24.34
31,116,972,QoS Aware Heuristic,483.01,764.92,36.85,89.25,3.74
42,1270,633,Round Robin,391.03,441.37,11.41,63.87,30.24
64,1727,576,Reinforcement Learning,311.08,595.87,47.79,69.0,26.98
11,884,497,Round Robin,476.62,640.31,25.56,98.52,80.36
9,1096,595,QoS Aware Heuristic,347.64,423.17,17.85,73.41,121.78
49,1048,319,FCFS,390.26,608.8,35.9,70.74,21.39
62,1679,272,Round Robin,213.06,487.02,56.25,76.88,27.08
35,1827,835,Reinforcement Learning,335.59,495.11,32.22,71.64,52.2
27,286,489,Round Robin,157.39,380.23,58.61,63.65,10.59
46,1006,601,Round Robin,261.79,556.63,52.97,68.32,21.87
14,968,676,Bin Packing,113.3,223.48,49.3,85.61,69.14
36,1996,888,Bin Packing,186.65,441.76,57.75,68.93,55.44
57,1639,860,QoS Aware Heuristic,129.95,253.76,48.79,85.91,28.75
34,1211,359,QoS Aware Heuristic,255.11,411.69,38.03,64.0,35.62
43,522,230,Round Robin,437.21,557.65,21.6,61.68,12.14
35,1918,212,FCFS,251.17,412.67,39.14,94.46,54.8
86,1857,897,QoS Aware Heuristic,432.66,483.93,10.59,90.4,21.59
6,602,898,Round Robin,362.6,488.46,25.77,86.64,100.33
82,1683,822,Round Robin,303.81,465.13,34.68,61.24,20.52
81,744,119,Round Robin,194.76,402.82,51.65,69.57,9.19
97,1713,314,Round Robin,468.86,678.2,30.87,92.49,17.66
16,1302,409,Round Robin,121.68,317.63,61.69,65.79,81.38
43,366,350,Bin Packing,375.57,498.83,24.71,92.51,8.51
70,647,587,Reinforcement Learning,348.5,635.35,45.15,83.37,9.24
17,817,481,Reinforcement Learning,276.42,424.41,34.87,89.61,48.06
50,1794,508,Round Robin,196.13,300.35,34.7,85.78,35.88
31,1800,370,QoS Aware Heuristic,272.28,460.91,40.93,76.68,58.06
21,935,506,FCFS,449.11,686.34,34.56,71.68,44.52
99,1685,791,Round Robin,434.71,487.77,10.88,86.91,17.02
64,610,293,FCFS,476.55,595.64,19.99,92.28,9.53
68,1274,540,Bin Packing,223.12,479.36,53.45,61.79,18.74
92,307,412,Reinforcement Learning,254.84,431.6,40.95,75.2,3.34
39,1553,178,Bin Packing,107.49,259.61,58.6,74.03,39.82
74,1961,279,QoS Aware Heuristic,477.18,759.91,37.21,82.38,26.5
87,1251,774,QoS Aware Heuristic,231.76,304.14,23.8,64.56,14.38
34,806,813,Round Robin,261.67,465.56,43.79,97.34,23.71
75,172,113,QoS Aware Heuristic,463.12,598.67,22.64,81.94,2.29
78,391,958,QoS Aware Heuristic,310.64,378.35,17.9,96.95,5.01
67,1244,345,Bin Packing,326.47,429.91,24.06,92.68,18.57
32,1918,113,FCFS,170.49,377.47,54.83,67.67,59.94
64,1721,198,Reinforcement Learning,299.46,356.53,16.01,65.29,26.89
83,1132,132,QoS Aware Heuristic,467.28,665.34,29.77,94.45,13.64
98,1778,535,QoS Aware Heuristic,323.49,612.7,47.2,81.44,18.14
41,1538,356,Bin Packing,202.05,450.82,55.18,60.79,37.51
97,1853,133,Reinforcement Learning,112.47,248.87,54.81,97.37,19.1
26,309,118,Bin Packing,234.52,319.07,26.5,78.92,11.88
72,1446,763,FCFS,329.04,495.31,33.57,72.04,20.08
24,144,359,Bin Packing,117.05,265.29,55.88,80.66,6.0
72,1198,775,Reinforcement Learning,343.92,636.85,46.0,92.92,16.64
95,90,688,Reinforcement Learning,309.37,606.84,49.02,64.41,0.95
68,1964,925,QoS Aware Heuristic,413.37,566.02,26.97,74.36,28.88
21,303,515,FCFS,111.56,198.76,43.87,72.75,14.43
16,56,236,Round Robin,412.34,689.99,40.24,93.59,3.5
26,1544,458,QoS Aware Heuristic,308.35,556.74,44.62,91.14,59.38
21,777,819,Bin Packing,248.21,426.03,41.74,76.0,37.0
14,1584,853,Bin Packing,486.15,627.49,22.52,86.58,113.14
69,1654,678,Reinforcement Learning,164.05,326.09,49.69,75.78,23.97
26,118,215,Reinforcement Learning,316.53,592.0,46.53,82.85,4.54
94,1154,503,Reinforcement Learning,228.39,324.55,29.63,99.65,12.28
86,591,301,Round Robin,310.99,562.69,44.73,81.42,6.87
54,1658,475,Round Robin,320.91,375.46,14.53,99.54,30.7
18,1335,349,QoS Aware Heuristic,135.78,415.92,67.35,89.89,74.17
68,138,545,Round Robin,364.45,539.52,32.45,64.83,2.03
51,1988,377,Reinforcement Learning,353.79,460.48,23.17,91.84,38.98
33,1281,211,QoS Aware Heuristic,407.79,458.5,11.06,66.45,38.82
80,262,942,QoS Aware Heuristic,136.26,326.15,58.22,81.29,3.28
40,883,572,FCFS,218.9,330.02,33.67,84.53,22.08
56,315,845,Round Robin,360.04,567.86,36.6,95.69,5.62
80,961,787,Bin Packing,154.69,274.98,43.74,68.42,12.01
11,342,491,Bin Packing,371.04,443.05,16.25,95.04,31.09
33,1280,242,FCFS,123.61,299.87,58.78,97.38,38.79
15,382,131,Reinforcement Learning,233.97,425.09,44.96,63.58,25.47
37,1150,280,FCFS,438.68,601.83,27.11,95.41,31.08
10,1361,678,Reinforcement Learning,409.72,574.23,28.65,70.37,136.1
83,1054,615,Round Robin,357.9,555.31,35.55,63.24,12.7
36,96,897,Round Robin,448.18,629.77,28.83,98.34,2.67
55,671,368,QoS Aware Heuristic,383.71,466.85,17.81,75.69,12.2
79,1273,335,QoS Aware Heuristic,307.75,407.02,24.39,84.92,16.11
62,476,376,QoS Aware Heuristic,491.89,577.34,14.8,82.11,7.68
91,259,652,QoS Aware Heuristic,377.94,601.26,37.14,68.53,2.85
30,937,732,Bin Packing,340.55,522.7,34.85,86.78,31.23
50,1493,374,QoS Aware Heuristic,263.55,421.01,37.4,61.84,29.86
33,203,842,QoS Aware Heuristic,460.96,710.54,35.13,68.12,6.15
8,1595,915,QoS Aware Heuristic,218.28,349.73,37.59,97.79,199.38
85,464,185,Reinforcement Learning,103.69,295.72,64.94,98.14,5.46
17,1426,162,QoS Aware Heuristic,178.7,247.3,27.74,79.31,83.88
43,1230,503,FCFS,143.81,379.91,62.15,66.76,28.6
19,1334,291,QoS Aware Heuristic,227.6,451.4,49.58,76.86,70.21
33,1150,392,QoS Aware Heuristic,430.35,680.94,36.8,95.08,34.85
33,818,130,Bin Packing,360.61,631.73,42.92,62.81,24.79
79,1032,429,QoS Aware Heuristic,167.59,407.1,58.83,65.11,13.06
36,1561,757,Reinforcement Learning,415.53,676.65,38.59,95.83,43.36
6,1204,206,Round Robin,301.69,438.1,31.14,76.62,200.67
51,628,970,QoS Aware Heuristic,305.09,440.92,30.81,63.34,12.31
82,1528,721,QoS Aware Heuristic,244.84,530.92,53.88,65.57,18.63
88,789,375,QoS Aware Heuristic,445.85,724.49,38.46,95.3,8.97
26,212,821,Bin Packing,227.33,414.45,45.15,79.6,8.15
79,1088,750,Round Robin,137.66,279.3,50.71,66.52,13.77
31,1305,697,Bin Packing,221.09,487.59,54.66,95.76,42.1
71,244,655,Bin Packing,386.14,516.99,25.31,93.81,3.44
85,1934,181,Bin Packing,363.03,451.44,19.58,60.92,22.75
60,591,163,Reinforcement Learning,175.21,385.08,54.5,83.24,9.85
96,408,989,Round Robin,144.71,205.37,29.54,69.77,4.25
97,899,954,Reinforcement Learning,364.35,509.13,28.44,81.33,9.27
25,1404,932,Reinforcement Learning,370.55,622.47,40.47,71.17,56.16
51,476,666,Round Robin,246.46,370.26,33.44,72.64,9.33
84,546,685,Reinforcement Learning,437.12,719.95,39.28,84.07,6.5
63,877,984,Round Robin,491.28,780.24,37.03,81.55,13.92
88,535,228,QoS Aware Heuristic,182.26,436.21,58.22,75.81,6.08
10,1881,355,Bin Packing,330.83,627.74,47.3,64.3,188.1
23,1522,330,Reinforcement Learning,102.14,284.83,64.14,98.78,66.17
61,1486,596,Round Robin,385.22,577.52,33.3,66.98,24.36
73,379,236,FCFS,265.71,524.75,49.36,85.32,5.19
7,1805,962,Reinforcement Learning,177.31,350.51,49.41,63.31,257.86
5,938,554,Reinforcement Learning,400.89,552.57,27.45,87.53,187.6
62,1040,454,Round Robin,424.26,627.95,32.44,63.79,16.77
42,1220,723,FCFS,144.47,358.88,59.74,69.18,29.05
19,308,584,FCFS,116.4,354.12,67.13,85.88,16.21
38,341,919,QoS Aware Heuristic,233.63,450.68,48.16,71.32,8.97
65,1884,245,Reinforcement Learning,350.4,586.83,40.29,81.31,28.98
39,192,132,Bin Packing,417.37,636.01,34.38,64.98,4.92
68,796,359,Reinforcement Learning,318.42,488.53,34.82,68.1,11.71
29,676,186,Bin Packing,332.3,416.03,20.13,89.35,23.31
28,1438,942,Bin Packing,419.94,666.3,36.97,61.41,51.36
16,139,364,Round Robin,311.54,369.23,15.62,64.47,8.69
22,769,931,Reinforcement Learning,344.46,642.59,46.4,68.6,34.95
19,1237,641,Round Robin,306.49,563.6,45.62,60.81,65.11
84,530,491,QoS Aware Heuristic,452.18,669.91,32.5,63.82,6.31
31,133,331,Bin Packing,194.21,485.86,60.03,71.26,4.29
76,1150,687,FCFS,205.6,408.72,49.7,63.72,15.13
64,722,546,Bin Packing,151.18,215.29,29.78,94.64,11.28
50,566,228,QoS Aware Heuristic,427.79,617.64,30.74,62.64,11.32
93,534,370,Bin Packing,264.71,384.01,31.07,94.44,5.74
21,1663,188,Round Robin,239.16,381.53,37.32,92.91,79.19
97,1676,565,Reinforcement Learning,492.54,657.44,25.08,64.03,17.28
57,1672,269,FCFS,470.72,714.37,34.11,61.01,29.33
12,831,227,Round Robin,488.8,664.53,26.44,62.0,69.25
83,153,273,Reinforcement Learning,156.92,325.59,51.8,83.62,1.84
31,1525,125,FCFS,456.5,581.99,21.56,86.81,49.19
50,1560,672,QoS Aware Heuristic,231.48,416.45,44.42,84.83,31.2
54,388,610,Bin Packing,105.06,217.16,51.62,81.66,7.19
75,736,587,FCFS,256.52,371.77,31.0,66.99,9.81
7,1639,990,QoS Aware Heuristic,303.68,542.99,44.07,93.64,234.14
97,949,678,Reinforcement Learning,143.29,278.93,48.63,73.1,9.78
68,1551,505,FCFS,315.07,377.92,16.63,99.45,22.81
48,1796,125,QoS Aware Heuristic,427.79,563.71,24.11,75.39,37.42
57,656,182,Reinforcement Learning,251.06,460.7,45.5,70.52,11.51
28,272,463,Round Robin,241.06,494.56,51.26,95.77,9.71
64,1082,466,Bin Packing,235.52,526.0,55.22,82.7,16.91
7,1126,159,QoS Aware Heuristic,469.24,705.8,33.52,88.87,160.86
24,1150,650,Round Robin,119.5,276.71,56.81,76.34,47.92
50,1791,734,Reinforcement Learning,278.03,402.81,30.98,95.48,35.82
19,552,391,FCFS,205.84,288.25,28.59,96.71,29.05
29,1389,888,Bin Packing,457.52,664.44,31.14,77.47,47.9
98,1887,985,Reinforcement Learning,138.42,315.89,56.18,69.63,19.26
82,871,915,QoS Aware Heuristic,264.58,484.01,45.34,85.91,10.62
75,1915,893,Bin Packing,262.73,372.01,29.38,98.18,25.53
21,673,290,Round Robin,455.36,586.27,22.33,84.9,32.05
88,1936,560,Bin Packing,186.2,309.22,39.78,98.17,22.0
13,214,903,Round Robin,357.96,607.37,41.06,73.75,16.46
42,1352,763,Reinforcement Learning,153.76,246.57,37.64,96.6,32.19
52,1100,995,FCFS,481.59,683.71,29.56,64.5,21.15
64,1143,332,Bin Packing,337.21,400.05,15.71,74.35,17.86
67,1291,573,FCFS,350.5,537.88,34.84,79.78,19.27
90,1438,504,FCFS,273.51,339.49,19.44,86.12,15.98
6,1774,757,Bin Packing,236.91,330.88,28.4,71.77,295.67
92,1918,370,Bin Packing,185.07,263.33,29.72,96.97,20.85
76,1379,946,FCFS,341.6,478.28,28.58,96.14,18.14
15,1197,233,QoS Aware Heuristic,481.82,617.75,22.0,91.97,79.8
68,68,270,QoS Aware Heuristic,243.92,500.52,51.27,64.57,1.0
81,1330,514,Bin Packing,453.26,559.68,19.01,63.13,16.42
85,1369,127,FCFS,159.51,231.11,30.98,79.93,16.11
76,1095,235,FCFS,474.45,675.33,29.75,90.61,14.41
25,1953,504,Reinforcement Learning,240.19,462.05,48.02,64.93,78.12
22,1038,987,FCFS,251.89,375.6,32.94,85.66,47.18
98,499,604,QoS Aware Heuristic,285.14,485.84,41.31,81.11,5.09
68,601,340,Reinforcement Learning,387.3,631.31,38.65,89.04,8.84
86,1623,955,QoS Aware Heuristic,387.86,524.75,26.09,77.42,18.87
99,1121,543,Round Robin,291.84,473.18,38.32,87.73,11.32
42,744,533,Bin Packing,309.26,395.92,21.89,66.38,17.71
36,636,327,Round Robin,112.0,167.91,33.3,68.58,17.67
15,770,608,Bin Packing,221.72,517.06,57.12,96.13,51.33
49,1256,898,QoS Aware Heuristic,238.41,363.34,34.38,73.18,25.63
93,1508,402,QoS Aware Heuristic,323.49,443.22,27.01,99.42,16.22
37,156,133,Round Robin,323.32,616.63,47.57,61.85,4.22
45,1261,101,Bin Packing,383.96,616.02,37.67,79.84,28.02
12,825,461,Bin Packing,386.81,583.13,33.67,73.0,68.75
15,1159,294,Reinforcement Learning,194.08,418.91,53.67,99.84,77.27
90,1909,705,FCFS,408.07,635.55,35.79,99.6,21.21
55,1916,939,Reinforcement Learning,107.84,348.67,69.07,69.41,34.84
92,1529,407,QoS Aware Heuristic,386.46,453.26,14.74,70.69,16.62
45,1210,746,Round Robin,140.82,294.03,52.11,89.99,26.89
21,1931,815,Bin Packing,391.86,515.64,24.01,95.59,91.95
80,947,349,Reinforcement Learning,310.85,378.49,17.87,86.55,11.84
50,385,246,Round Robin,274.9,428.05,35.78,94.59,7.7
36,656,445,Round Robin,376.27,580.31,35.16,62.53,18.22
83,887,447,FCFS,114.55,209.17,45.24,85.62,10.69
84,1830,353,Bin Packing,189.39,315.65,40.0,88.01,21.79
58,1542,498,Round Robin,346.58,556.37,37.71,67.61,26.59
90,651,433,Bin Packing,438.89,633.72,30.74,91.12,7.23
96,1644,275,Reinforcement Learning,252.44,519.64,51.42,97.77,17.12
24,452,224,Round Robin,203.5,451.31,54.91,95.92,18.83
37,589,862,Round Robin,307.49,598.89,48.66,69.8,15.92
78,1145,497,Reinforcement Learning,348.93,548.23,36.35,72.96,14.68
44,1855,230,Bin Packing,268.04,492.66,45.59,79.98,42.16
36,73,661,Bin Packing,450.68,715.81,37.04,66.33,2.03
6,673,704,Round Robin,309.38,569.38,45.66,98.16,112.17
37,1885,991,Reinforcement Learning,114.33,344.01,66.77,66.46,50.95
81,1558,921,QoS Aware Heuristic,189.22,364.28,48.06,90.46,19.23
34,1129,506,Bin Packing,280.26,398.56,29.68,73.66,33.21
37,1035,831,QoS Aware Heuristic,379.09,648.39,41.53,82.95,27.97
81,272,945,Round Robin,187.9,432.06,56.51,61.89,3.36
30,1705,433,QoS Aware Heuristic,490.5,749.98,34.6,68.2,56.83
26,228,119,QoS Aware Heuristic,227.42,312.62,27.25,77.78,8.77
70,849,304,Bin Packing,312.99,441.69,29.14,87.09,12.13
42,483,702,Round Robin,107.59,263.81,59.22,91.1,11.5
94,1523,454,QoS Aware Heuristic,453.96,713.55,36.38,61.21,16.2
50,842,272,Bin Packing,415.53,688.75,39.67,66.1,16.84
19,933,288,QoS Aware Heuristic,178.18,299.4,40.49,89.19,49.11
48,541,923,Bin Packing,473.29,694.9,31.89,92.52,11.27
53,1262,101,Round Robin,226.34,295.79,23.48,69.46,23.81
79,1651,972,Reinforcement Learning,376.87,529.26,28.79,69.19,20.9
65,859,267,Bin Packing,427.59,599.26,28.65,63.52,13.22
71,1010,467,Bin Packing,396.37,637.78,37.85,66.01,14.23
10,469,635,QoS Aware Heuristic,467.03,740.02,36.89,60.32,46.9
13,1322,976,Round Robin,445.71,580.03,23.16,83.59,101.69
10,1661,679,FCFS,497.84,679.77,26.76,96.16,166.1
77,698,469,FCFS,173.04,384.9,55.04,65.98,9.06
99,1237,805,Reinforcement Learning,221.9,354.07,37.33,90.06,12.49
36,1818,695,Round Robin,354.49,650.87,45.54,82.95,50.5
45,1328,536,Bin Packing,393.22,662.16,40.62,97.6,29.51
80,525,306,FCFS,313.84,437.94,28.34,91.92,6.56
12,1879,148,Reinforcement Learning,129.57,306.56,57.73,94.11,156.58
76,1490,643,Round Robin,436.64,544.35,19.79,85.57,19.61
54,219,928,Reinforcement Learning,484.35,662.98,26.94,92.45,4.06
96,1390,781,FCFS,262.21,483.04,45.72,74.03,14.48
66,223,228,QoS Aware Heuristic,189.92,261.3,27.32,68.36,3.38
88,519,546,QoS Aware Heuristic,107.73,375.26,71.29,96.5,5.9
66,394,713,Round Robin,194.92,393.36,50.45,89.37,5.97
11,494,134,Reinforcement Learning,379.97,677.37,43.91,63.63,44.91
79,1091,918,Bin Packing,464.64,521.04,10.82,94.68,13.81
88,1143,298,FCFS,137.41,395.28,65.24,73.96,12.99
84,1411,912,QoS Aware Heuristic,321.3,569.29,43.56,71.93,16.8
8,677,176,QoS Aware Heuristic,378.21,461.42,18.03,84.93,84.62
10,641,468,Reinforcement Learning,210.55,344.38,38.86,82.74,64.1
62,576,932,QoS Aware Heuristic,327.96,599.16,45.26,81.53,9.29
26,1761,625,Reinforcement Learning,386.1,565.71,31.75,70.2,67.73
30,505,448,FCFS,435.09,585.41,25.68,98.39,16.83
7,1342,605,Reinforcement Learning,281.0,557.37,49.58,98.0,191.71
45,1704,742,QoS Aware Heuristic,399.14,472.48,15.52,60.17,37.87
64,860,337,Reinforcement Learning,220.71,388.99,43.26,73.51,13.44
18,237,379,QoS Aware Heuristic,185.22,398.31,53.5,61.82,13.17
79,1070,676,Round Robin,174.93,377.07,53.61,94.01,13.54
86,1642,531,QoS Aware Heuristic,243.55,359.62,32.28,95.46,19.09
16,760,237,QoS Aware Heuristic,114.35,305.18,62.53,80.73,47.5
91,578,368,QoS Aware Heuristic,213.2,440.34,51.58,93.59,6.35
16,483,839,Round Robin,360.89,557.11,35.22,88.13,30.19
17,337,300,Bin Packing,359.17,580.29,38.11,79.98,19.82
29,1991,241,QoS Aware Heuristic,129.42,243.44,46.84,74.55,68.66
49,1640,711,Bin Packing,214.97,473.18,54.57,70.65,33.47
23,548,749,FCFS,327.82,490.24,33.13,70.38,23.83
59,1514,779,Reinforcement Learning,227.42,524.23,56.62,82.48,25.66
49,1854,710,Bin Packing,267.2,323.02,17.28,66.67,37.84
12,352,922,FCFS,385.12,530.2,27.36,66.99,29.33
97,136,930,Reinforcement Learning,103.71,198.83,47.84,60.42,1.4
57,879,938,QoS Aware Heuristic,210.56,399.46,47.29,84.53,15.42
59,487,454,QoS Aware Heuristic,156.95,267.75,41.38,99.77,8.25
36,590,677,QoS Aware Heuristic,151.04,385.41,60.81,95.57,16.39
55,1095,946,Round Robin,483.62,754.09,35.87,88.23,19.91
48,882,428,Round Robin,250.62,353.34,29.07,91.42,18.38
86,846,658,Round Robin,310.84,401.01,22.49,76.67,9.84
74,609,948,Round Robin,393.53,662.37,40.59,71.92,8.23
22,1590,993,FCFS,118.98,259.3,54.11,74.75,72.27
87,811,330,FCFS,196.41,355.06,44.68,63.26,9.32
26,1748,407,QoS Aware Heuristic,432.86,538.1,19.56,85.35,67.23
41,1576,757,Reinforcement Learning,444.8,601.13,26.01,66.99,38.44
60,1787,818,Round Robin,249.18,357.01,30.2,90.52,29.78
63,516,245,Reinforcement Learning,249.94,466.42,46.41,67.6,8.19
7,1174,251,FCFS,402.76,577.48,30.26,69.12,167.71
32,1656,890,Round Robin,218.03,465.05,53.12,98.29,51.75
78,724,239,FCFS,146.84,275.02,46.61,64.22,9.28
39,734,762,FCFS,203.01,379.41,46.49,79.95,18.82
65,1214,120,Bin Packing,254.94,369.82,31.06,62.51,18.68
97,187,353,FCFS,120.88,404.5,70.12,63.62,1.93
58,627,163,QoS Aware Heuristic,291.47,471.95,38.24,85.34,10.81
67,759,317,FCFS,396.0,489.37,19.08,85.23,11.33
83,1913,171,Round Robin,305.5,423.69,27.9,67.72,23.05
11,277,261,QoS Aware Heuristic,128.76,199.49,35.46,94.9,25.18
80,330,229,FCFS,276.06,333.01,17.1,88.09,4.12
53,733,680,QoS Aware Heuristic,383.56,565.04,32.12,72.02,13.83
98,877,324,FCFS,123.24,257.52,52.14,69.94,8.95
89,480,857,QoS Aware Heuristic,123.94,414.88,70.13,90.17,5.39
35,1113,679,Reinforcement Learning,248.24,341.07,27.22,89.34,31.8
62,1592,553,Bin Packing,177.99,426.47,58.26,65.95,25.68
65,1759,483,QoS Aware Heuristic,473.91,602.9,21.39,73.97,27.06
28,1736,206,Round Robin,332.54,438.42,24.15,68.67,62.0
24,1284,720,Bin Packing,214.93,507.34,57.64,71.77,53.5
41,351,939,Bin Packing,381.91,632.55,39.62,71.5,8.56
8,1159,202,FCFS,249.97,457.63,45.38,99.04,144.88
96,1470,240,QoS Aware Heuristic,152.85,377.13,59.47,90.01,15.31
24,1326,676,Bin Packing,194.89,492.74,60.45,91.2,55.25
64,582,233,Round Robin,357.1,555.4,35.7,71.1,9.09
28,818,298,Round Robin,120.75,196.23,38.47,60.02,29.21
54,1964,979,Round Robin,209.08,275.3,24.05,62.33,36.37
53,1988,609,FCFS,183.32,399.97,54.17,82.12,37.51
55,1454,766,Reinforcement Learning,180.45,394.85,54.3,71.42,26.44
40,493,178,QoS Aware Heuristic,373.1,610.14,38.85,67.72,12.32
70,1106,993,Bin Packing,430.33,507.52,15.21,61.99,15.8
83,309,581,QoS Aware Heuristic,386.35,672.58,42.56,95.04,3.72
38,1307,611,Bin Packing,358.29,546.08,34.39,84.01,34.39
40,1588,349,FCFS,466.58,678.97,31.28,64.29,39.7
10,1932,988,QoS Aware Heuristic,123.36,182.07,32.25,90.66,193.2
43,1381,698,FCFS,166.99,457.23,63.48,90.23,32.12
46,788,915,FCFS,265.76,456.41,41.77,71.58,17.13
62,845,852,QoS Aware Heuristic,248.98,439.82,43.39,67.54,13.63
16,119,699,QoS Aware Heuristic,267.22,553.11,51.69,92.56,7.44
7,1527,582,Bin Packing,182.58,464.92,60.73,73.18,218.14
22,1512,935,Round Robin,159.8,264.87,39.67,93.9,68.73
44,1898,271,FCFS,303.68,586.45,48.22,61.75,43.14
25,1437,968,Reinforcement Learning,471.22,705.38,33.2,79.97,57.48
19,1032,116,Bin Packing,256.79,311.52,17.57,67.18,54.32
30,1839,834,Bin Packing,117.34,227.3,48.38,86.88,61.3
12,530,393,Round Robin,382.47,535.72,28.61,99.89,44.17
98,1217,493,Round Robin,216.44,412.15,47.49,76.5,12.42
91,73,921,FCFS,198.04,423.37,53.22,64.01,0.8
46,1014,597,Bin Packing,229.7,332.25,30.87,72.71,22.04
48,1498,318,Bin Packing,389.53,648.71,39.95,95.66,31.21
18,795,333,Reinforcement Learning,427.53,688.96,37.95,90.63,44.17
82,894,489,FCFS,335.22,543.97,38.38,69.29,10.9
6,1248,347,FCFS,228.99,509.26,55.03,98.14,208.0
41,1917,151,Round Robin,224.19,477.44,53.04,84.89,46.76
73,374,114,FCFS,149.72,255.13,41.32,66.72,5.12
42,1942,423,Reinforcement Learning,473.32,722.99,34.53,82.89,46.24
45,1744,540,FCFS,355.26,643.56,44.8,78.05,38.76
66,1933,211,QoS Aware Heuristic,110.79,195.19,43.24,92.79,29.29
64,1421,795,QoS Aware Heuristic,364.95,659.62,44.67,73.77,22.2
18,847,971,Reinforcement Learning,278.86,335.11,16.79,95.0,47.06
93,67,106,Round Robin,489.02,669.56,26.96,92.48,0.72
88,93,662,Bin Packing,427.63,671.1,36.28,86.98,1.06
6,204,925,FCFS,168.53,416.14,59.5,70.34,34.0
74,916,852,Round Robin,388.04,621.71,37.59,98.81,12.38
21,971,344,Round Robin,294.23,476.57,38.26,81.95,46.24
93,1450,547,FCFS,174.82,387.56,54.89,96.3,15.59
32,792,464,Bin Packing,379.5,604.48,37.22,68.63,24.75
70,1956,466,FCFS,318.96,492.59,35.25,99.34,27.94
39,1901,797,Bin Packing,112.15,311.07,63.95,92.64,48.74
9,1475,386,Reinforcement Learning,358.64,620.23,42.18,97.97,163.89
69,274,703,Bin Packing,353.99,482.21,26.59,68.49,3.97
44,266,205,Round Robin,157.63,338.43,53.42,77.23,6.05
80,1641,112,Reinforcement Learning,239.6,291.72,17.87,63.91,20.51
60,80,245,QoS Aware Heuristic,334.36,556.22,39.89,65.48,1.33
40,1942,577,Reinforcement Learning,155.51,254.36,38.86,71.36,48.55
49,1132,730,Bin Packing,441.09,611.34,27.85,98.07,23.1
27,1965,814,Reinforcement Learning,110.99,213.54,48.02,86.69,72.78
51,947,752,Reinforcement Learning,141.13,197.01,28.36,72.59,18.57
35,1426,214,QoS Aware Heuristic,146.44,317.25,53.84,98.18,40.74
15,984,608,Bin Packing,311.24,467.45,33.42,89.59,65.6
14,494,251,Round Robin,348.05,504.34,30.99,96.28,35.29
71,1308,156,Reinforcement Learning,261.5,363.7,28.1,97.09,18.42
18,1180,481,FCFS,215.47,502.27,57.1,90.03,65.56
84,1264,256,Round Robin,423.73,474.61,10.72,69.73,15.05
78,579,921,Reinforcement Learning,127.31,400.2,68.19,99.86,7.42
97,1986,232,Round Robin,212.12,446.35,52.48,73.0,20.47
14,787,262,FCFS,115.65,208.67,44.58,86.87,56.21
80,1752,374,Round Robin,105.56,273.61,61.42,93.79,21.9
98,1656,794,Round Robin,241.35,538.56,55.19,67.01,16.9
5,923,176,FCFS,177.93,388.85,54.24,84.36,184.6
9,615,936,FCFS,207.35,289.19,28.3,75.01,68.33
24,1318,143,FCFS,428.38,592.79,27.73,69.77,54.92
12,1935,817,QoS Aware Heuristic,165.19,332.24,50.28,60.47,161.25
47,125,649,FCFS,412.09,662.66,37.81,94.88,2.66
80,596,417,Round Robin,370.02,649.06,42.99,65.44,7.45
5,316,633,FCFS,230.58,301.14,23.43,95.12,63.2
61,366,684,Reinforcement Learning,318.62,447.13,28.74,84.03,6.0
68,1885,852,FCFS,277.77,402.38,30.97,84.84,27.72
88,1194,253,FCFS,151.36,450.37,66.39,93.15,13.57
32,1909,336,Bin Packing,462.87,652.68,29.08,80.38,59.66
41,74,992,Round Robin,327.85,597.81,45.16,74.29,1.8
51,1505,616,Round Robin,452.1,608.61,25.72,65.55,29.51
80,209,320,Reinforcement Learning,429.53,660.21,34.94,82.82,2.61
41,645,409,QoS Aware Heuristic,131.91,253.56,47.98,82.13,15.73
53,1187,697,Bin Packing,182.91,460.86,60.31,71.76,22.4
48,1808,276,Reinforcement Learning,158.1,321.89,50.88,84.0,37.67
60,949,870,Reinforcement Learning,432.31,683.24,36.73,77.57,15.82
32,551,319,Round Robin,444.98,558.93,20.39,92.22,17.22
83,1239,137,Bin Packing,311.19,534.59,41.79,82.38,14.93
10,1062,753,Round Robin,141.67,292.96,51.64,97.35,106.2
65,752,530,QoS Aware Heuristic,154.25,212.11,27.28,80.72,11.57
24,1248,846,Round Robin,425.42,578.67,26.48,95.5,52.0
82,50,302,FCFS,471.68,659.19,28.45,80.82,0.61
6,1972,940,Round Robin,179.79,267.73,32.85,82.32,328.67
77,790,905,FCFS,104.46,200.44,47.88,74.67,10.26
41,1159,547,Reinforcement Learning,232.38,398.6,41.7,76.01,28.27
24,1647,594,QoS Aware Heuristic,112.2,247.88,54.74,97.32,68.62
30,369,783,FCFS,431.19,591.38,27.09,68.93,12.3
33,1474,224,QoS Aware Heuristic,296.6,461.81,35.77,64.86,44.67
5,431,937,Round Robin,356.74,441.76,19.25,93.21,86.2
39,1791,164,Round Robin,264.59,359.89,26.48,83.08,45.92
74,1690,892,Reinforcement Learning,238.2,500.24,52.38,71.39,22.84
63,1391,883,Round Robin,188.88,279.56,32.44,77.3,22.08
73,1876,343,FCFS,408.21,624.69,34.65,81.0,25.7
37,1323,626,Reinforcement Learning,378.22,532.85,29.02,83.69,35.76
55,1598,325,QoS Aware Heuristic,244.29,536.35,54.45,92.84,29.05
82,1748,564,Reinforcement Learning,228.45,294.98,22.55,75.77,21.32
16,1628,742,QoS Aware Heuristic,100.5,358.1,71.94,87.06,101.75
24,947,806,Bin Packing,125.42,298.28,57.95,93.39,39.46
57,1696,392,FCFS,349.3,400.64,12.81,93.75,29.75
92,766,820,FCFS,305.84,421.76,27.48,70.17,8.33
47,1969,480,QoS Aware Heuristic,273.92,425.84,35.68,74.01,41.89
93,1329,724,Round Robin,431.0,559.55,22.97,83.8,14.29
54,356,855,Round Robin,301.56,442.17,31.8,95.43,6.59
33,1217,265,Bin Packing,253.8,532.97,52.38,91.62,36.88
61,1731,802,QoS Aware Heuristic,164.5,304.73,46.02,83.36,28.38
43,440,868,Bin Packing,428.28,582.99,26.54,99.35,10.23
99,1886,938,QoS Aware Heuristic,330.5,570.78,42.1,77.56,19.05
60,1749,317,Bin Packing,136.98,385.44,64.46,93.7,29.15
47,1242,970,QoS Aware Heuristic,359.56,430.58,16.49,92.74,26.43
54,1039,374,FCFS,270.03,496.05,45.56,96.32,19.24
27,347,151,Bin Packing,424.55,595.19,28.67,99.51,12.85
48,282,473,Bin Packing,467.57,551.03,15.15,79.83,5.88
42,1976,769,QoS Aware Heuristic,340.19,456.37,25.46,67.83,47.05
88,320,462,Reinforcement Learning,392.65,453.91,13.5,78.44,3.64
27,1133,666,Reinforcement Learning,122.64,262.7,53.32,94.16,41.96
49,1369,113,FCFS,324.1,437.95,26.0,93.44,27.94
56,1540,880,Round Robin,402.14,547.67,26.57,73.44,27.5
84,1308,439,Round Robin,298.7,493.79,39.51,61.89,15.57
54,726,701,FCFS,337.42,570.5,40.86,80.39,13.44
12,755,638,Round Robin,459.58,660.92,30.46,78.96,62.92
89,283,188,QoS Aware Heuristic,179.24,398.83,55.06,63.43,3.18
5,1441,140,Reinforcement Learning,139.3,405.71,65.67,91.8,288.2
12,1768,403,FCFS,376.26,644.72,41.64,71.34,147.33
33,894,367,QoS Aware Heuristic,429.14,694.32,38.19,85.83,27.09
9,1305,237,FCFS,440.2,528.49,16.71,64.06,145.0
90,1946,105,Reinforcement Learning,356.66,469.43,24.02,94.43,21.62
51,540,341,Round Robin,433.29,608.87,28.84,89.57,10.59
38,1692,261,QoS Aware Heuristic,380.27,519.95,26.86,75.54,44.53
69,552,791,Reinforcement Learning,134.95,217.87,38.06,85.18,8.0
59,939,908,FCFS,404.82,526.76,23.15,67.5,15.92
94,1808,617,Bin Packing,171.74,465.6,63.11,99.42,19.23
47,641,997,QoS Aware Heuristic,194.64,331.37,41.26,91.84,13.64
78,795,882,FCFS,257.86,412.59,37.5,91.56,10.19
34,1454,500,FCFS,225.83,277.43,18.6,66.14,42.76
86,1769,883,Reinforcement Learning,228.66,458.51,50.13,60.71,20.57
21,477,255,FCFS,167.7,321.09,47.77,83.41,22.71
30,746,184,QoS Aware Heuristic,217.55,293.34,25.84,65.76,24.87
12,695,811,QoS Aware Heuristic,107.87,400.01,73.03,91.22,57.92
51,781,109,FCFS,289.16,533.52,45.8,76.64,15.31
80,849,237,Reinforcement Learning,407.44,638.98,36.24,73.54,10.61
95,413,853,QoS Aware Heuristic,444.9,734.37,39.42,62.95,4.35
76,251,812,Bin Packing,428.17,580.04,26.18,99.84,3.3
93,931,255,Round Robin,266.58,496.21,46.28,98.24,10.01
50,195,507,Reinforcement Learning,392.17,493.72,20.57,65.26,3.9
72,885,886,Reinforcement Learning,215.16,439.44,51.04,73.31,12.29
37,688,324,Round Robin,122.22,175.74,30.45,75.63,18.59
5,1530,679,Round Robin,370.39,451.97,18.05,71.87,306.0
23,184,283,QoS Aware Heuristic,359.52,515.83,30.3,97.38,8.0
35,675,294,FCFS,420.65,473.67,11.19,88.85,19.29
84,1337,653,FCFS,346.44,511.93,32.33,98.24,15.92
18,113,495,Bin Packing,162.76,343.46,52.61,94.98,6.28
57,540,762,FCFS,441.26,646.66,31.76,90.18,9.47
52,1720,695,Bin Packing,350.9,426.0,17.63,87.88,33.08
73,90,233,Bin Packing,423.04,518.29,18.38,94.65,1.23
94,1369,408,Reinforcement Learning,409.64,612.96,33.17,87.37,14.56
66,1076,965,Reinforcement Learning,219.15,433.7,49.47,67.55,16.3
96,962,909,QoS Aware Heuristic,129.82,186.3,30.32,85.93,10.02
70,1779,641,Round Robin,170.6,355.69,52.04,80.6,25.41
68,1024,108,Round Robin,137.14,383.39,64.23,99.28,15.06
74,1183,269,Bin Packing,197.36,264.64,25.42,80.4,15.99
67,1294,389,Round Robin,283.81,437.1,35.07,61.54,19.31
77,1443,267,Bin Packing,462.72,594.35,22.15,70.57,18.74
37,417,443,Round Robin,448.81,727.23,38.28,96.7,11.27
45,1509,596,QoS Aware Heuristic,387.44,483.89,19.93,98.49,33.53
93,967,244,Reinforcement Learning,109.64,239.23,54.17,89.14,10.4
52,1077,512,Reinforcement Learning,236.56,511.17,53.72,62.27,20.71
17,293,839,Bin Packing,372.94,505.6,26.24,60.94,17.24
77,951,917,Round Robin,151.61,334.45,54.67,79.18,12.35
81,215,687,FCFS,420.44,478.7,12.17,99.99,2.65
35,1099,834,QoS Aware Heuristic,465.83,762.06,38.87,94.77,31.4
79,1468,788,Round Robin,241.64,497.88,51.47,97.32,18.58
72,1547,556,FCFS,382.34,590.94,35.3,84.94,21.49
8,1090,800,QoS Aware Heuristic,159.28,224.47,29.04,94.36,136.25
23,777,401,QoS Aware Heuristic,376.33,445.05,15.44,72.79,33.78
74,1165,145,Reinforcement Learning,108.58,294.82,63.17,61.09,15.74
86,532,993,Bin Packing,160.31,281.58,43.07,96.73,6.19
17,592,116,Round Robin,383.95,589.65,34.89,68.74,34.82
27,1278,677,QoS Aware Heuristic,384.74,584.29,34.15,89.14,47.33
87,1575,459,Round Robin,356.47,616.13,42.14,86.36,18.1
79,980,360,QoS Aware Heuristic,290.95,411.29,29.26,66.33,12.41
5,449,222,Reinforcement Learning,369.96,564.43,34.45,67.83,89.8
92,1280,330,Bin Packing,409.52,653.86,37.37,73.16,13.91
58,668,736,FCFS,486.59,659.28,26.19,90.28,11.52
75,1219,211,FCFS,455.46,713.12,36.13,61.57,16.25
93,928,883,Reinforcement Learning,417.81,500.63,16.54,76.28,9.98
89,150,692,QoS Aware Heuristic,377.9,611.37,38.19,86.6,1.69
19,929,345,Reinforcement Learning,329.66,615.41,46.43,66.86,48.89
69,879,958,Bin Packing,148.24,281.21,47.28,64.78,12.74
80,1953,490,FCFS,166.22,307.8,46.0,75.61,24.41
75,1314,491,Round Robin,428.11,499.0,14.21,71.46,17.52
19,1996,427,FCFS,421.33,631.7,33.3,85.96,105.05
25,808,314,Bin Packing,345.78,533.89,35.23,98.78,32.32
23,212,963,QoS Aware Heuristic,275.54,335.63,17.9,60.18,9.22
64,1957,846,Reinforcement Learning,110.41,348.46,68.31,96.1,30.58
97,1246,466,FCFS,230.87,488.19,52.71,77.33,12.85
93,551,181,FCFS,268.26,545.04,50.78,86.56,5.92
37,596,905,Round Robin,294.33,480.76,38.78,94.04,16.11
53,1357,921,Reinforcement Learning,471.73,634.88,25.7,82.94,25.6
39,1432,175,Round Robin,143.48,412.51,65.22,63.89,36.72
48,430,626,Round Robin,307.55,457.22,32.73,65.62,8.96
94,919,831,QoS Aware Heuristic,247.17,461.03,46.39,91.57,9.78
15,954,602,FCFS,496.04,699.88,29.12,69.16,63.6
76,1984,841,Reinforcement Learning,444.75,587.79,24.34,82.76,26.11
82,1606,578,QoS Aware Heuristic,275.51,347.23,20.65,77.12,19.59
78,1893,471,QoS Aware Heuristic,499.88,555.23,9.97,72.15,24.27
70,1236,364,QoS Aware Heuristic,305.63,462.69,33.94,91.48,17.66
50,1051,363,Bin Packing,166.85,337.15,50.51,89.25,21.02
13,658,209,Bin Packing,322.35,578.02,44.23,85.84,50.62
7,356,406,QoS Aware Heuristic,190.48,344.08,44.64,74.91,50.86
89,1412,299,Bin Packing,354.53,474.82,25.33,69.06,15.87
30,104,325,Reinforcement Learning,474.98,640.5,25.84,80.64,3.47
76,1032,284,FCFS,414.48,523.98,20.9,92.68,13.58
52,382,130,Reinforcement Learning,209.27,282.11,25.82,83.03,7.35
70,176,713,FCFS,218.74,297.0,26.35,98.81,2.51
74,754,870,Bin Packing,127.72,257.51,50.4,60.62,10.19
32,292,198,Reinforcement Learning,214.35,267.52,19.88,99.93,9.12
97,1934,438,Round Robin,137.05,242.1,43.39,87.66,19.94
30,649,910,QoS Aware Heuristic,299.78,546.66,45.16,93.31,21.63
29,1921,896,FCFS,383.34,491.99,22.08,73.4,66.24
16,1482,365,FCFS,400.47,478.15,16.25,80.33,92.62
9,552,751,Round Robin,123.81,411.08,69.88,91.88,61.33
52,1800,913,Round Robin,235.98,441.6,46.56,90.43,34.62
41,653,897,QoS Aware Heuristic,215.27,280.28,23.19,73.36,15.93
83,352,449,Bin Packing,141.72,207.28,31.63,72.98,4.24
48,1537,827,Reinforcement Learning,244.99,448.02,45.32,86.51,32.02
19,284,643,Reinforcement Learning,219.73,404.76,45.71,97.35,14.95
47,1769,556,Reinforcement Learning,353.8,420.89,15.94,77.55,37.64
52,1111,914,Bin Packing,453.32,559.4,18.96,74.12,21.37
91,188,187,QoS Aware Heuristic,281.94,564.2,50.03,95.79,2.07
74,244,162,Reinforcement Learning,398.67,591.67,32.62,87.32,3.3
50,1600,486,FCFS,158.4,318.48,50.26,75.53,32.0
47,1842,890,FCFS,457.99,570.53,19.73,62.29,39.19
25,696,558,FCFS,161.04,244.46,34.12,88.86,27.84
27,50,685,Round Robin,176.84,327.5,46.0,74.12,1.85
84,610,917,Round Robin,142.59,423.18,66.31,62.82,7.26
51,1169,735,Bin Packing,223.87,286.05,21.74,84.49,22.92
19,762,368,Reinforcement Learning,320.96,618.7,48.12,72.92,40.11
29,462,993,Round Robin,495.2,597.15,17.07,73.54,15.93
40,587,896,FCFS,417.35,569.54,26.72,79.17,14.68
79,1928,732,Round Robin,252.17,313.43,19.55,88.7,24.41
55,478,445,FCFS,330.34,526.54,37.26,71.05,8.69
19,284,823,Reinforcement Learning,349.32,520.21,32.85,63.24,14.95
72,398,759,Bin Packing,429.09,645.77,33.55,76.98,5.53
25,1829,177,QoS Aware Heuristic,394.58,580.25,32.0,62.2,73.16
17,1943,464,QoS Aware Heuristic,327.72,477.26,31.33,87.89,114.29
90,1554,113,FCFS,367.67,602.11,38.94,98.37,17.27
23,1912,235,Round Robin,398.37,454.63,12.37,86.35,83.13
38,445,403,Round Robin,153.26,338.52,54.73,71.02,11.71
82,1424,496,FCFS,180.18,258.65,30.34,67.27,17.37
72,465,891,Reinforcement Learning,375.43,534.43,29.75,69.31,6.46
56,1959,178,FCFS,440.17,687.95,36.02,68.86,34.98
31,965,854,Reinforcement Learning,263.7,349.32,24.51,72.55,31.13
33,1960,804,Bin Packing,491.96,775.91,36.6,63.89,59.39
32,1124,517,Bin Packing,186.43,458.56,59.34,95.83,35.12
39,130,341,FCFS,266.68,420.41,36.57,95.4,3.33
12,85,150,Bin Packing,251.41,302.9,17.0,84.61,7.08
20,1140,843,Round Robin,472.12,719.56,34.39,62.48,57.0
40,690,870,Reinforcement Learning,214.15,484.37,55.79,92.16,17.25
34,931,483,QoS Aware Heuristic,288.32,382.0,24.52,62.47,27.38
22,1740,474,QoS Aware Heuristic,174.89,453.94,61.47,64.26,79.09
6,806,829,Bin Packing,308.51,587.03,47.45,73.01,134.33
53,672,305,Reinforcement Learning,442.96,610.78,27.48,77.26,12.68
81,1753,925,Round Robin,221.62,471.13,52.96,74.16,21.64
8,1554,588,QoS Aware Heuristic,424.32,585.56,27.54,66.61,194.25
94,517,480,Round Robin,464.52,655.53,29.14,64.49,5.5
93,1215,980,Round Robin,129.18,259.14,50.15,94.38,13.06
98,405,410,QoS Aware Heuristic,402.57,492.44,18.25,74.53,4.13
79,758,474,QoS Aware Heuristic,202.14,438.77,53.93,68.74,9.59
11,1544,731,Bin Packing,170.13,220.48,22.84,79.48,140.36
99,1694,691,Reinforcement Learning,340.45,535.34,36.4,61.47,17.11
78,1069,141,FCFS,382.24,648.41,41.05,84.01,13.71
43,1961,632,Reinforcement Learning,257.9,363.22,29.0,69.94,45.6
17,1664,621,FCFS,115.67,248.89,53.53,83.93,97.88
35,951,924,QoS Aware Heuristic,463.48,660.35,29.81,84.57,27.17
75,722,252,Round Robin,392.3,504.02,22.17,92.37,9.63
67,488,411,Reinforcement Learning,208.67,470.54,55.65,69.2,7.28
60,580,393,Round Robin,298.75,440.4,32.16,78.54,9.67
46,176,697,Reinforcement Learning,111.12,306.52,63.75,98.48,3.83
65,254,212,Reinforcement Learning,235.71,342.24,31.13,89.08,3.91
46,78,800,Round Robin,309.01,369.36,16.34,99.01,1.7
60,494,211,Bin Packing,306.89,400.32,23.34,97.09,8.23
40,1015,274,QoS Aware Heuristic,183.27,244.82,25.14,84.43,25.38
88,1792,921,Bin Packing,410.7,577.85,28.93,70.56,20.36
72,513,401,Bin Packing,219.54,416.2,47.25,90.28,7.12
11,1353,615,Reinforcement Learning,332.16,393.33,15.55,87.92,123.0
58,200,833,QoS Aware Heuristic,208.61,281.23,25.82,83.56,3.45
5,289,320,Reinforcement Learning,270.07,441.45,38.82,87.91,57.8
48,315,270,FCFS,183.01,432.8,57.71,84.54,6.56
49,1767,417,Reinforcement Learning,353.2,560.2,36.95,80.78,36.06
51,1178,312,Round Robin,270.23,346.41,21.99,76.64,23.1
17,1506,352,Reinforcement Learning,106.45,378.34,71.86,61.79,88.59
26,962,223,FCFS,111.27,390.63,71.52,94.63,37.0
25,546,739,Reinforcement Learning,288.45,419.69,31.27,94.62,21.84
90,1513,312,FCFS,173.29,377.29,54.07,83.76,16.81
96,1821,723,QoS Aware Heuristic,334.02,507.1,34.13,70.72,18.97
13,734,184,Reinforcement Learning,263.28,548.79,52.03,61.13,56.46
30,207,615,FCFS,361.77,538.96,32.88,60.06,6.9
13,221,164,QoS Aware Heuristic,480.96,770.95,37.61,62.92,17.0
19,543,417,Round Robin,311.49,411.33,24.27,74.4,28.58
14,1019,445,Bin Packing,414.95,551.33,24.74,67.54,72.79
92,1384,731,FCFS,401.22,646.56,37.95,70.6,15.04
46,1476,342,Round Robin,468.72,714.62,34.41,87.99,32.09
76,1742,997,QoS Aware Heuristic,185.61,418.66,55.67,98.37,22.92
28,1843,236,Round Robin,430.93,695.83,38.07,68.27,65.82
84,725,346,Reinforcement Learning,462.21,687.85,32.8,78.63,8.63
53,708,540,Bin Packing,257.11,466.13,44.84,99.66,13.36
30,952,144,FCFS,225.53,390.26,42.21,97.27,31.73
95,715,757,QoS Aware Heuristic,480.81,647.58,25.75,74.09,7.53
41,1536,979,Bin Packing,351.05,502.59,30.15,72.79,37.46
72,416,787,QoS Aware Heuristic,252.27,457.32,44.84,69.69,5.78
54,599,653,Round Robin,416.73,568.4,26.68,66.22,11.09
28,692,908,QoS Aware Heuristic,221.79,308.66,28.14,78.4,24.71
23,1943,188,QoS Aware Heuristic,170.56,247.19,31.0,73.64,84.48
64,304,829,Round Robin,317.59,598.71,46.95,89.79,4.75
43,257,327,Round Robin,326.48,382.66,14.68,69.47,5.98
78,499,909,Bin Packing,430.3,506.67,15.07,89.45,6.4
93,144,390,FCFS,282.81,444.14,36.32,71.53,1.55
22,1933,521,Round Robin,425.83,541.56,21.37,83.71,87.86
23,888,166,Bin Packing,224.53,375.99,40.28,85.54,38.61
40,527,350,QoS Aware Heuristic,330.15,409.51,19.38,86.87,13.18
78,732,140,QoS Aware Heuristic,183.39,266.12,31.09,67.01,9.38
59,811,198,Reinforcement Learning,254.18,504.34,49.6,71.31,13.75
73,239,405,Round Robin,443.02,682.8,35.12,69.84,3.27
51,760,971,Bin Packing,186.4,262.46,28.98,83.05,14.9
53,1557,953,Bin Packing,424.1,641.05,33.84,63.03,29.38
37,1806,555,FCFS,213.15,415.48,48.7,80.73,48.81
25,1609,690,Bin Packing,113.8,342.14,66.74,63.5,64.36
85,805,400,Round Robin,143.97,312.58,53.94,73.48,9.47
26,1496,298,Bin Packing,398.35,515.85,22.78,87.47,57.54
52,885,758,Reinforcement Learning,204.83,420.75,51.32,76.5,17.02
41,1713,587,QoS Aware Heuristic,361.66,504.5,28.31,71.21,41.78
19,1678,205,QoS Aware Heuristic,379.68,484.42,21.62,84.63,88.32
39,1885,500,Bin Packing,238.05,390.21,38.99,89.61,48.33
96,182,804,Bin Packing,289.97,530.79,45.37,70.18,1.9
75,104,576,Bin Packing,261.51,430.46,39.25,71.98,1.39
36,559,221,Bin Packing,478.94,603.91,20.69,85.61,15.53
15,719,176,Reinforcement Learning,227.98,485.95,53.09,98.61,47.93
14,1614,411,Round Robin,173.33,443.74,60.94,68.55,115.29
77,459,211,Reinforcement Learning,246.24,404.55,39.13,86.17,5.96
82,1284,960,Reinforcement Learning,367.81,511.48,28.09,96.26,15.66
81,1739,908,Reinforcement Learning,378.95,582.12,34.9,78.48,21.47
61,1366,781,QoS Aware Heuristic,469.62,534.11,12.07,72.67,22.39
29,1036,617,Reinforcement Learning,452.7,675.53,32.99,86.67,35.72
6,783,296,Bin Packing,215.33,460.9,53.28,61.26,130.5
68,1188,197,Reinforcement Learning,282.07,431.43,34.62,74.41,17.47
39,1743,558,Bin Packing,398.91,492.56,19.01,70.32,44.69
11,308,940,Round Robin,466.61,523.81,10.92,68.98,28.0
89,1836,329,QoS Aware Heuristic,234.87,444.18,47.12,67.19,20.63
22,1195,267,Round Robin,277.78,395.03,29.68,89.48,54.32
71,348,908,Round Robin,459.79,625.76,26.52,98.2,4.9
46,1848,876,QoS Aware Heuristic,243.39,389.98,37.59,75.39,40.17
43,1454,107,Bin Packing,292.21,385.93,24.28,61.96,33.81
45,610,271,Bin Packing,461.8,638.89,27.72,88.76,13.56
79,1962,459,Bin Packing,420.9,585.8,28.15,81.53,24.84
28,1914,294,QoS Aware Heuristic,197.37,403.41,51.07,88.95,68.36
64,1574,368,Reinforcement Learning,229.92,342.89,32.95,85.92,24.59
50,346,118,FCFS,241.18,344.84,30.06,96.22,6.92
23,411,453,Reinforcement Learning,465.1,718.69,35.29,65.62,17.87
72,638,963,Reinforcement Learning,499.57,725.12,31.11,66.77,8.86
94,1536,148,Round Robin,409.6,652.65,37.24,73.66,16.34
46,1511,563,FCFS,293.73,374.55,21.58,79.66,32.85
36,176,455,Bin Packing,104.07,210.08,50.46,97.03,4.89
43,246,949,Reinforcement Learning,379.0,572.88,33.84,96.28,5.72
40,270,257,QoS Aware Heuristic,255.74,520.04,50.82,94.87,6.75
40,1044,165,Reinforcement Learning,353.19,626.22,43.6,68.9,26.1
7,140,958,Bin Packing,342.68,600.66,42.95,89.19,20.0
77,460,670,Reinforcement Learning,292.33,353.18,17.23,75.34,5.97
12,57,920,Round Robin,477.75,732.97,34.82,97.25,4.75
74,593,407,Round Robin,109.26,384.03,71.55,68.58,8.01
45,517,436,Reinforcement Learning,384.85,449.04,14.29,65.65,11.49
72,369,770,Round Robin,263.94,418.01,36.86,93.7,5.12
17,1467,882,QoS Aware Heuristic,385.52,569.67,32.33,88.68,86.29
53,318,220,FCFS,370.09,478.28,22.62,92.86,6.0
64,1264,865,Reinforcement Learning,104.1,283.27,63.25,66.32,19.75
6,1934,503,QoS Aware Heuristic,214.14,485.63,55.9,95.39,322.33
64,1748,872,QoS Aware Heuristic,175.64,442.38,60.3,87.1,27.31
9,110,746,QoS Aware Heuristic,166.79,451.75,63.08,86.06,12.22
48,1511,885,Bin Packing,391.39,562.42,30.41,83.3,31.48
31,1337,667,Reinforcement Learning,195.82,348.46,43.8,90.6,43.13
36,846,942,Reinforcement Learning,289.9,506.35,42.75,76.62,23.5
25,1168,195,Reinforcement Learning,198.8,352.99,43.68,65.31,46.72
12,602,213,FCFS,332.09,392.58,15.41,81.57,50.17
76,975,968,QoS Aware Heuristic,388.23,618.21,37.2,89.92,12.83
54,1543,528,Reinforcement Learning,232.43,352.68,34.1,66.15,28.57
71,710,639,Round Robin,341.21,403.48,15.43,68.96,10.0
48,765,917,Bin Packing,429.94,485.1,11.37,87.86,15.94
62,828,101,FCFS,137.69,420.53,67.26,70.79,13.35
7,1587,311,Bin Packing,384.27,497.29,22.73,66.8,226.71
90,1763,679,QoS Aware Heuristic,229.26,391.23,41.4,95.58,19.59
74,243,739,Round Robin,149.06,436.7,65.87,66.44,3.28
6,531,432,QoS Aware Heuristic,318.26,485.14,34.4,73.77,88.5
91,1972,123,Reinforcement Learning,190.5,260.15,26.77,77.14,21.67
48,1409,864,Bin Packing,428.54,616.52,30.49,79.05,29.35
6,1508,467,Round Robin,117.16,189.21,38.08,74.45,251.33
85,1269,841,Bin Packing,139.46,213.23,34.6,96.5,14.93
39,904,605,FCFS,308.4,571.27,46.02,86.35,23.18
91,1322,275,Round Robin,335.58,457.94,26.72,74.38,14.53
34,547,528,FCFS,391.95,611.62,35.92,74.31,16.09
12,261,986,Round Robin,203.7,380.93,46.53,80.12,21.75
26,714,832,Reinforcement Learning,436.7,542.28,19.47,61.35,27.46
48,719,541,Bin Packing,481.26,660.72,27.16,97.07,14.98
62,1539,647,Bin Packing,299.62,366.87,18.33,68.93,24.82
40,1947,613,QoS Aware Heuristic,404.21,541.01,25.29,87.9,48.68
73,1724,994,Round Robin,309.94,490.65,36.83,91.11,23.62
81,270,460,Round Robin,127.79,234.89,45.6,93.1,3.33
97,322,373,FCFS,230.44,445.49,48.27,66.63,3.32
35,1227,276,Round Robin,134.99,197.94,31.8,81.47,35.06
51,1322,363,Bin Packing,495.55,666.75,25.68,63.35,25.92
59,328,285,Round Robin,191.61,420.36,54.42,92.19,5.56
84,1513,626,QoS Aware Heuristic,354.36,511.85,30.77,79.46,18.01
66,865,378,QoS Aware Heuristic,213.74,482.39,55.69,66.34,13.11
34,325,805,Bin Packing,361.3,569.35,36.54,88.75,9.56
59,1054,297,Bin Packing,184.16,473.78,61.13,73.25,17.86
20,563,448,Bin Packing,414.11,535.14,22.62,64.58,28.15
16,1161,520,Round Robin,144.32,429.02,66.36,78.44,72.56
21,1872,404,Round Robin,458.06,659.77,30.57,69.41,89.14
20,972,163,Reinforcement Learning,436.17,672.46,35.14,98.01,48.6
16,691,389,FCFS,371.52,647.06,42.58,74.45,43.19
12,554,117,Round Robin,126.97,314.77,59.66,82.9,46.17
88,639,163,Reinforcement Learning,183.43,448.98,59.15,97.93,7.26
7,821,973,Reinforcement Learning,443.74,629.16,29.47,75.75,117.29
20,1314,429,QoS Aware Heuristic,148.79,348.59,57.32,74.33,65.7
34,1726,969,Round Robin,162.37,323.64,49.83,66.5,50.76
27,789,862,Reinforcement Learning,317.6,404.01,21.39,97.53,29.22
96,724,116,QoS Aware Heuristic,209.67,398.05,47.33,92.03,7.54
9,1309,542,FCFS,188.83,483.19,60.92,68.84,145.44
88,1063,240,QoS Aware Heuristic,330.33,577.13,42.76,73.31,12.08
69,177,407,FCFS,249.03,485.9,48.75,96.6,2.57
34,552,543,Bin Packing,156.22,367.05,57.44,81.49,16.24
25,1273,595,Bin Packing,313.94,450.92,30.38,82.25,50.92
88,951,525,QoS Aware Heuristic,254.8,347.2,26.61,85.93,10.81
74,592,574,Bin Packing,393.81,499.95,21.23,90.49,8.0
26,1575,931,Round Robin,141.1,192.68,26.77,97.57,60.58
86,1723,344,QoS Aware Heuristic,348.25,566.62,38.54,92.09,20.03
76,541,549,Reinforcement Learning,274.6,527.57,47.95,97.38,7.12
36,1094,901,Round Robin,262.42,379.65,30.88,92.82,30.39
37,1307,450,QoS Aware Heuristic,192.92,265.88,27.44,61.86,35.32
20,763,698,FCFS,112.17,246.1,54.42,64.7,38.15
80,840,810,Bin Packing,439.08,562.09,21.88,95.4,10.5
42,1716,969,Bin Packing,230.56,393.28,41.38,61.11,40.86
18,465,260,Bin Packing,372.44,488.47,23.75,91.77,25.83
40,197,239,QoS Aware Heuristic,479.03,613.96,21.98,93.99,4.92
27,1019,592,Round Robin,326.0,602.89,45.93,76.62,37.74
70,78,687,FCFS,258.86,392.57,34.06,74.19,1.11
89,1434,630,Bin Packing,207.31,453.69,54.31,67.78,16.11
6,357,492,Round Robin,473.62,680.08,30.36,61.96,59.5
95,1956,941,Reinforcement Learning,372.83,507.21,26.49,89.82,20.59
77,211,500,Reinforcement Learning,366.11,620.56,41.0,62.95,2.74
69,918,149,FCFS,270.46,469.23,42.36,97.79,13.3
79,901,843,Bin Packing,438.02,490.17,10.64,71.87,11.41
71,110,394,Reinforcement Learning,385.47,452.65,14.84,91.77,1.55
56,174,524,Round Robin,213.27,451.43,52.76,62.39,3.11
66,1529,111,Round Robin,339.83,501.46,32.23,81.45,23.17
27,1144,434,Reinforcement Learning,272.08,423.46,35.75,73.96,42.37
30,887,114,Bin Packing,102.64,189.1,45.72,61.2,29.57
72,1980,127,FCFS,423.05,512.38,17.43,86.23,27.5
86,1949,487,Bin Packing,149.13,398.57,62.58,97.73,22.66
59,515,391,QoS Aware Heuristic,303.98,561.23,45.84,60.43,8.73
10,292,986,Reinforcement Learning,234.49,424.49,44.76,70.82,29.2
39,1563,932,QoS Aware Heuristic,236.84,360.62,34.32,88.14,40.08
26,1834,349,Reinforcement Learning,290.95,574.13,49.32,94.85,70.54
47,1294,604,FCFS,498.81,704.8,29.23,67.63,27.53
19,522,197,Bin Packing,263.35,512.51,48.62,62.83,27.47
90,1008,914,Bin Packing,172.93,223.75,22.71,60.35,11.2
64,582,436,Reinforcement Learning,345.44,508.02,32.0,68.61,9.09
16,543,138,Round Robin,194.52,462.26,57.92,62.85,33.94
53,948,137,QoS Aware Heuristic,142.22,276.78,48.62,74.38,17.89
46,131,399,Bin Packing,120.07,351.71,65.86,77.61,2.85
42,905,278,Bin Packing,109.15,323.57,66.27,79.2,21.55
86,928,708,Reinforcement Learning,272.47,360.52,24.42,65.69,10.79
49,1595,991,Round Robin,270.69,514.42,47.38,78.56,32.55
39,972,568,QoS Aware Heuristic,174.22,252.35,30.96,60.36,24.92
34,61,381,Round Robin,413.61,645.59,35.93,69.58,1.79
92,1336,849,Round Robin,151.71,449.45,66.25,74.76,14.52
34,1730,263,Reinforcement Learning,466.13,755.63,38.31,64.73,50.88
82,498,552,Round Robin,335.03,585.09,42.74,92.56,6.07
10,1265,196,QoS Aware Heuristic,111.05,294.68,62.32,68.05,126.5
71,811,868,FCFS,485.19,703.9,31.07,90.2,11.42
84,1187,408,FCFS,223.18,455.21,50.97,78.96,14.13
11,75,361,QoS Aware Heuristic,279.99,332.09,15.69,79.19,6.82
56,1856,392,Reinforcement Learning,213.71,289.3,26.13,85.81,33.14
18,1572,869,Bin Packing,391.37,590.63,33.74,61.77,87.33
77,557,348,Reinforcement Learning,294.27,345.9,14.93,63.15,7.23
19,1618,344,QoS Aware Heuristic,152.95,430.18,64.45,73.07,85.16
25,111,350,Round Robin,141.68,314.1,54.89,76.67,4.44
39,278,222,FCFS,390.15,504.59,22.68,77.2,7.13
70,1888,424,Round Robin,194.83,343.29,43.25,87.08,26.97
95,656,780,Reinforcement Learning,155.12,417.81,62.87,60.03,6.91
6,1108,600,QoS Aware Heuristic,299.77,581.57,48.46,98.36,184.67
39,1778,786,FCFS,421.11,500.17,15.81,66.98,45.59
86,1529,880,QoS Aware Heuristic,211.51,456.0,53.62,69.95,17.78
82,1661,815,FCFS,210.57,405.13,48.02,96.23,20.26
24,940,936,FCFS,433.55,629.93,31.17,60.22,39.17
86,1575,165,FCFS,159.13,403.99,60.61,99.65,18.31
14,810,926,Reinforcement Learning,346.69,452.4,23.37,61.44,57.86
29,644,935,QoS Aware Heuristic,482.01,664.77,27.49,64.82,22.21
70,1098,158,Bin Packing,436.52,566.36,22.93,69.6,15.69
29,1642,830,Bin Packing,124.73,198.36,37.12,77.55,56.62
58,1105,597,Bin Packing,227.96,304.23,25.07,80.74,19.05
37,1904,472,QoS Aware Heuristic,156.95,241.07,34.89,64.19,51.46
40,1085,365,Round Robin,479.7,683.42,29.81,62.95,27.12
99,1392,752,QoS Aware Heuristic,494.38,570.84,13.39,61.27,14.06
18,1918,335,FCFS,194.0,386.53,49.81,70.27,106.56
69,1677,997,Round Robin,367.88,564.95,34.88,96.86,24.3
84,50,317,FCFS,436.65,712.62,38.73,75.59,0.6
58,1508,626,FCFS,193.47,400.06,51.64,90.56,26.0
56,1911,913,QoS Aware Heuristic,175.07,471.47,62.87,67.61,34.12
7,1209,540,Bin Packing,104.48,162.23,35.6,62.59,172.71
45,1269,749,Round Robin,264.78,490.82,46.05,82.17,28.2
10,182,505,Reinforcement Learning,459.77,516.39,10.96,92.88,18.2
29,135,843,Bin Packing,461.19,693.53,33.5,95.94,4.66
17,1549,700,Reinforcement Learning,151.1,297.56,49.22,81.85,91.12
12,1880,688,QoS Aware Heuristic,181.74,384.57,52.74,71.76,156.67
25,1864,747,Round Robin,263.22,390.6,32.61,64.38,74.56
72,1397,568,QoS Aware Heuristic,412.25,502.03,17.88,86.71,19.4
29,1253,209,Reinforcement Learning,344.74,575.62,40.11,71.22,43.21
83,565,452,FCFS,305.54,581.7,47.47,93.76,6.81
72,1711,912,QoS Aware Heuristic,336.77,432.67,22.16,84.2,23.76
49,224,190,Round Robin,138.48,418.66,66.92,94.36,4.57
64,812,981,QoS Aware Heuristic,291.07,376.12,22.61,82.67,12.69
16,1094,513,Bin Packing,496.83,730.75,32.01,90.87,68.38
36,1046,801,QoS Aware Heuristic,135.38,425.24,68.16,71.77,29.06
96,1178,172,Reinforcement Learning,307.7,394.54,22.01,80.12,12.27
17,627,784,QoS Aware Heuristic,218.26,377.03,42.11,60.78,36.88
35,1516,646,Round Robin,315.97,450.33,29.84,84.31,43.31
82,1848,821,QoS Aware Heuristic,329.53,476.65,30.87,81.35,22.54
24,98,397,QoS Aware Heuristic,330.99,569.27,41.86,90.21,4.08
22,577,744,Round Robin,440.88,656.18,32.81,89.16,26.23
97,194,382,QoS Aware Heuristic,255.9,548.07,53.31,85.1,2.0
64,1413,604,Round Robin,306.54,402.91,23.92,62.27,22.08
67,811,297,Reinforcement Learning,104.37,290.19,64.03,96.12,12.1
10,1928,131,Round Robin,415.82,578.1,28.07,60.72,192.8
36,1427,747,Reinforcement Learning,203.8,483.51,57.85,92.13,39.64
97,1148,859,Reinforcement Learning,426.62,479.27,10.99,79.17,11.84
47,1875,970,Round Robin,206.26,503.55,59.04,92.72,39.89
6,978,440,QoS Aware Heuristic,104.32,274.25,61.96,78.6,163.0
64,843,757,Bin Packing,161.93,368.31,56.03,85.88,13.17
27,1651,433,Round Robin,494.27,634.28,22.07,74.53,61.15
87,1710,242,QoS Aware Heuristic,227.92,491.05,53.59,89.75,19.66
35,368,845,Reinforcement Learning,143.53,334.03,57.03,70.17,10.51
9,1160,509,FCFS,147.5,363.2,59.39,88.77,128.89
87,1626,143,Bin Packing,224.14,436.37,48.64,67.74,18.69
38,747,131,QoS Aware Heuristic,115.06,256.06,55.07,88.89,19.66
14,1939,842,Bin Packing,304.6,373.6,18.47,71.75,138.5
93,1965,127,FCFS,185.5,437.43,57.59,71.15,21.13
6,896,522,FCFS,307.72,430.15,28.46,92.46,149.33
15,1851,590,FCFS,156.31,418.54,62.65,92.55,123.4
54,832,259,Round Robin,271.94,474.1,42.64,87.66,15.41
35,91,944,Bin Packing,339.17,477.6,28.98,96.96,2.6
60,1166,306,Round Robin,124.8,323.36,61.41,66.25,19.43
83,1770,117,FCFS,259.5,470.87,44.89,70.77,21.33
77,1800,202,QoS Aware Heuristic,221.01,447.68,50.63,71.76,23.38
91,1580,681,FCFS,196.14,451.72,56.58,72.21,17.36
87,578,730,Round Robin,341.81,431.75,20.83,73.12,6.64
13,1338,750,FCFS,335.42,621.46,46.03,87.88,102.92
25,1699,771,FCFS,352.28,504.99,30.24,70.83,67.96
77,341,331,Round Robin,163.55,428.66,61.85,71.44,4.43
32,1018,759,Round Robin,214.28,319.4,32.91,82.82,31.81
66,1537,964,QoS Aware Heuristic,183.87,241.13,23.75,67.73,23.29
11,1877,523,Round Robin,316.2,509.54,37.94,74.6,170.64
84,1633,854,QoS Aware Heuristic,284.43,415.6,31.56,62.32,19.44
20,1892,646,Reinforcement Learning,232.12,528.24,56.06,98.1,94.6
8,146,936,Reinforcement Learning,414.41,490.52,15.52,72.69,18.25
8,1960,993,Round Robin,137.59,199.42,31.0,94.0,245.0
44,1168,966,FCFS,489.96,551.21,11.11,81.2,26.55
21,1399,338,Bin Packing,146.62,250.84,41.55,69.13,66.62
56,123,433,FCFS,409.23,604.03,32.25,67.74,2.2
97,1409,248,Round Robin,247.29,423.68,41.63,87.8,14.53
56,1141,722,QoS Aware Heuristic,446.1,583.62,23.56,98.59,20.38
40,807,507,FCFS,129.67,201.87,35.77,67.32,20.18
42,1991,116,Reinforcement Learning,249.89,358.32,30.26,64.62,47.4
54,1150,325,Round Robin,234.18,330.22,29.08,75.48,21.3
67,257,751,FCFS,497.26,733.68,32.22,75.75,3.84
67,1957,755,FCFS,494.22,739.21,33.14,92.25,29.21
66,1839,359,QoS Aware Heuristic,175.92,420.17,58.13,78.76,27.86
11,1294,828,QoS Aware Heuristic,351.98,644.24,45.37,62.5,117.64
31,1335,773,QoS Aware Heuristic,314.21,585.27,46.31,96.83,43.06
96,459,703,Bin Packing,161.75,336.2,51.89,74.93,4.78
90,380,273,Round Robin,167.11,320.84,47.91,86.74,4.22
18,393,942,Round Robin,495.7,774.64,36.01,86.7,21.83
75,1038,304,Reinforcement Learning,281.09,483.9,41.91,62.25,13.84
90,820,514,Reinforcement Learning,150.32,273.92,45.12,60.14,9.11
9,1893,607,Round Robin,185.92,377.04,50.69,63.52,210.33
59,123,252,FCFS,207.34,505.38,58.97,98.26,2.08
6,1710,202,Round Robin,304.37,566.74,46.29,91.76,285.0
66,1773,813,Bin Packing,234.22,354.54,33.94,65.28,26.86
95,303,891,Reinforcement Learning,282.0,570.24,50.55,84.59,3.19
25,1008,164,Reinforcement Learning,166.6,461.97,63.94,84.48,40.32
83,1906,216,Reinforcement Learning,230.69,338.48,31.85,60.02,22.96
25,869,764,Round Robin,128.13,402.03,68.13,77.16,34.76
14,1820,255,Reinforcement Learning,455.88,726.68,37.27,88.47,130.0
91,1035,775,Reinforcement Learning,179.5,239.44,25.03,67.47,11.37
62,1835,181,Round Robin,402.76,620.18,35.06,94.04,29.6
43,381,617,FCFS,239.82,366.14,34.5,86.41,8.86
9,1471,933,Reinforcement Learning,289.76,508.41,43.01,60.28,163.44
69,1418,166,Reinforcement Learning,216.5,494.89,56.25,94.2,20.55
17,1657,337,Reinforcement Learning,378.58,553.27,31.57,60.78,97.47
89,796,683,Bin Packing,437.82,591.42,25.97,95.52,8.94
94,885,706,Round Robin,214.51,494.89,56.66,73.35,9.41
89,1741,915,Reinforcement Learning,196.89,490.42,59.85,87.95,19.56
57,504,425,Bin Packing,372.58,438.14,14.96,91.5,8.84
86,1979,689,FCFS,178.06,458.77,61.19,71.25,23.01
49,1188,166,FCFS,355.94,426.63,16.57,74.26,24.24
36,362,275,Bin Packing,137.77,272.09,49.37,80.38,10.06
40,1067,932,FCFS,348.05,588.69,40.88,83.31,26.68
85,277,783,QoS Aware Heuristic,305.36,549.62,44.44,71.68,3.26
64,883,577,FCFS,145.56,377.02,61.39,99.7,13.8
15,907,354,QoS Aware Heuristic,359.64,419.42,14.25,89.48,60.47
67,1318,162,Bin Packing,278.62,361.86,23.0,70.97,19.67
25,867,913,QoS Aware Heuristic,186.85,470.9,60.32,85.62,34.68
56,1599,502,FCFS,241.35,311.72,22.57,77.41,28.55
59,1067,857,Reinforcement Learning,296.84,366.48,19.0,94.41,18.08
30,577,291,QoS Aware Heuristic,136.62,395.53,65.46,73.16,19.23
72,999,428,FCFS,483.04,693.36,30.33,67.51,13.88
38,476,170,Reinforcement Learning,366.22,504.13,27.36,61.85,12.53
56,91,977,Bin Packing,141.01,232.44,39.33,99.37,1.62
86,514,840,Bin Packing,429.14,700.18,38.71,74.37,5.98
97,1695,162,Round Robin,229.02,526.15,56.47,68.82,17.47
56,327,396,Bin Packing,338.72,401.21,15.58,79.67,5.84
33,885,344,Round Robin,210.86,399.39,47.2,71.67,26.82
42,68,618,Bin Packing,393.36,508.69,22.67,69.32,1.62
46,115,492,Bin Packing,389.2,647.3,39.87,84.66,2.5
25,216,871,Bin Packing,320.82,457.34,29.85,62.99,8.64
46,1658,700,Round Robin,196.37,425.03,53.8,80.36,36.04
17,1069,276,Round Robin,201.48,386.36,47.85,75.5,62.88
68,452,303,QoS Aware Heuristic,253.15,438.53,42.27,81.3,6.65
21,1985,745,FCFS,158.0,422.5,62.6,72.82,94.52
13,1895,693,FCFS,235.06,402.66,41.62,82.81,145.77
45,458,632,FCFS,373.74,635.14,41.16,63.27,10.18
5,161,227,Bin Packing,432.34,573.2,24.57,75.05,32.2
6,1347,294,FCFS,233.03,326.73,28.68,69.5,224.5
64,1480,293,Round Robin,193.44,357.31,45.86,77.52,23.12
52,1446,283,QoS Aware Heuristic,433.06,607.65,28.73,75.93,27.81
33,646,346,Reinforcement Learning,456.28,625.88,27.1,85.25,19.58
14,700,972,QoS Aware Heuristic,264.01,516.09,48.84,85.15,50.0
62,1112,971,FCFS,110.76,301.93,63.32,76.53,17.94
64,154,423,FCFS,377.98,650.09,41.86,67.26,2.41
25,373,259,Round Robin,413.61,592.16,30.15,83.28,14.92
32,1866,805,QoS Aware Heuristic,107.21,213.39,49.76,98.66,58.31
79,1041,721,Round Robin,338.01,420.38,19.59,67.42,13.18
38,1487,165,Round Robin,335.35,602.44,44.33,62.76,39.13
12,478,353,Reinforcement Learning,251.48,315.52,20.3,70.58,39.83
63,684,382,Round Robin,399.91,479.31,16.57,76.52,10.86
90,779,159,Round Robin,271.27,337.18,19.55,72.25,8.66
76,938,217,Reinforcement Learning,370.71,526.64,29.61,93.39,12.34
53,1134,522,Bin Packing,306.85,490.0,37.38,79.72,21.4
83,1685,655,Bin Packing,199.39,254.36,21.61,69.85,20.3
21,1380,821,Reinforcement Learning,342.6,521.5,34.3,98.01,65.71
64,1427,135,Round Robin,394.76,543.2,27.33,65.0,22.3
91,442,630,FCFS,489.56,732.97,33.21,64.92,4.86
92,253,190,QoS Aware Heuristic,252.04,509.53,50.53,69.81,2.75
49,307,400,FCFS,125.79,347.03,63.75,63.07,6.27
87,535,823,FCFS,495.19,663.56,25.37,90.07,6.15
73,1590,833,Round Robin,349.52,453.56,22.94,72.51,21.78
36,495,316,QoS Aware Heuristic,478.58,740.36,35.36,89.19,13.75
48,1782,834,QoS Aware Heuristic,141.53,276.95,48.9,90.51,37.12
69,1253,197,Bin Packing,236.81,375.88,37.0,69.5,18.16
91,1073,555,Reinforcement Learning,153.57,432.57,64.5,80.73,11.79
12,391,630,Round Robin,434.2,728.1,40.37,80.78,32.58
81,182,908,QoS Aware Heuristic,452.14,726.67,37.78,94.85,2.25
76,492,637,Round Robin,300.52,600.08,49.92,61.03,6.47
91,1909,127,Bin Packing,174.64,441.87,60.48,72.67,20.98
47,302,675,FCFS,150.85,376.94,59.98,95.3,6.43
5,314,423,QoS Aware Heuristic,335.27,458.72,26.91,69.47,62.8
55,142,322,Bin Packing,302.55,590.79,48.79,65.48,2.58
28,1735,179,Round Robin,377.92,647.08,41.6,83.05,61.96
28,1484,662,Bin Packing,222.08,332.27,33.16,72.24,53.0
21,187,557,Bin Packing,260.95,433.24,39.77,78.69,8.9
9,1281,713,Bin Packing,108.54,176.05,38.35,92.8,142.33
24,1051,275,Bin Packing,344.06,632.39,45.59,80.83,43.79
25,1710,621,Bin Packing,269.26,462.45,41.78,80.64,68.4
62,1819,848,Bin Packing,467.91,579.21,19.22,71.13,29.34
35,1646,556,Reinforcement Learning,356.71,479.81,25.66,91.71,47.03
15,356,522,Round Robin,259.48,554.64,53.22,89.59,23.73
56,315,199,FCFS,205.44,409.34,49.81,69.36,5.62
19,695,989,Round Robin,462.11,617.28,25.14,72.8,36.58
87,367,839,QoS Aware Heuristic,106.51,281.47,62.16,91.55,4.22
11,1186,502,QoS Aware Heuristic,230.76,305.4,24.44,74.31,107.82
32,950,675,Round Robin,477.4,546.16,12.59,76.14,29.69
55,1451,479,Bin Packing,361.61,559.79,35.4,74.58,26.38
62,503,630,Reinforcement Learning,313.09,491.09,36.25,66.47,8.11
9,240,431,FCFS,181.41,321.2,43.52,73.64,26.67
9,1964,417,Bin Packing,433.35,624.88,30.65,92.12,218.22
98,1513,752,Round Robin,181.68,249.85,27.28,79.64,15.44
12,1260,636,Round Robin,199.3,485.3,58.93,78.33,105.0
68,880,839,Reinforcement Learning,176.74,300.17,41.12,66.25,12.94
14,1440,188,Reinforcement Learning,163.26,231.2,29.39,67.1,102.86
42,1162,703,Round Robin,481.32,573.7,16.1,61.72,27.67
96,236,610,Bin Packing,340.81,414.68,17.81,60.56,2.46
85,868,141,Bin Packing,355.13,449.78,21.04,79.52,10.21
99,1070,984,Bin Packing,481.73,635.92,24.25,76.37,10.81
12,181,906,FCFS,192.23,426.74,54.95,71.02,15.08
29,921,488,FCFS,102.37,220.46,53.57,99.6,31.76
77,684,180,Bin Packing,339.55,498.53,31.89,75.92,8.88
70,1633,501,Round Robin,303.14,585.33,48.21,91.55,23.33
83,1873,206,Reinforcement Learning,291.06,415.02,29.87,68.42,22.57
54,1449,210,QoS Aware Heuristic,124.75,373.43,66.59,69.88,26.83
71,740,376,Reinforcement Learning,281.77,371.22,24.1,82.74,10.42
53,741,313,Reinforcement Learning,215.02,309.6,30.55,60.16,13.98
40,1172,842,QoS Aware Heuristic,209.83,373.87,43.88,60.7,29.3
72,1915,917,Bin Packing,188.95,297.48,36.48,65.69,26.6
82,1107,605,Reinforcement Learning,233.01,508.77,54.2,68.92,13.5
45,631,220,QoS Aware Heuristic,241.25,303.94,20.63,81.11,14.02
93,220,233,Round Robin,223.51,422.83,47.14,87.45,2.37
66,1439,917,Round Robin,491.5,692.56,29.03,72.48,21.8
14,833,819,Round Robin,473.09,539.6,12.33,69.56,59.5
25,1132,470,Bin Packing,329.8,562.94,41.41,92.91,45.28
40,230,356,Reinforcement Learning,492.42,659.64,25.35,66.51,5.75
16,68,796,Reinforcement Learning,496.48,727.25,31.73,87.13,4.25
95,1299,897,FCFS,242.38,499.11,51.44,97.25,13.67
6,1546,974,Round Robin,278.08,408.8,31.98,69.29,257.67
17,1168,279,Bin Packing,483.62,654.74,26.14,63.48,68.71
57,930,147,QoS Aware Heuristic,343.45,458.64,25.12,99.19,16.32
36,1370,698,Bin Packing,185.17,285.55,35.15,70.83,38.06
99,1666,996,Reinforcement Learning,375.75,425.9,11.78,71.03,16.83
20,224,118,Round Robin,182.3,473.21,61.48,79.35,11.2
36,1295,145,FCFS,235.74,395.97,40.47,69.24,35.97
36,1688,550,Bin Packing,191.02,244.29,21.81,99.71,46.89
15,103,997,FCFS,197.99,250.22,20.87,61.72,6.87
14,744,155,Reinforcement Learning,101.86,223.95,54.52,78.06,53.14
19,912,840,QoS Aware Heuristic,452.28,505.76,10.57,81.93,48.0
21,1476,756,Bin Packing,218.4,362.03,39.67,78.68,70.29
44,1391,191,Reinforcement Learning,134.55,200.28,32.82,80.82,31.61
22,1940,181,Round Robin,134.79,194.6,30.73,99.5,88.18
59,398,836,Bin Packing,322.41,539.76,40.27,95.08,6.75
77,492,178,FCFS,497.17,773.88,35.76,72.34,6.39
29,882,761,Bin Packing,158.01,310.36,49.09,82.06,30.41
63,629,972,Reinforcement Learning,139.85,399.04,64.95,60.01,9.98
82,1613,382,Reinforcement Learning,275.32,332.64,17.23,76.38,19.67
93,1859,410,FCFS,325.33,569.75,42.9,66.55,19.99
26,331,259,Reinforcement Learning,217.75,283.45,23.18,88.45,12.73
34,409,415,Bin Packing,221.01,480.62,54.02,68.84,12.03
88,964,976,FCFS,269.79,540.38,50.07,89.96,10.95
89,872,767,Reinforcement Learning,225.66,472.15,52.21,72.53,9.8
48,1704,255,Reinforcement Learning,466.13,721.32,35.38,97.03,35.5
36,941,987,Bin Packing,116.78,307.15,61.98,77.82,26.14
55,1002,813,Reinforcement Learning,193.83,310.05,37.48,93.58,18.22
50,1719,567,Bin Packing,423.42,634.23,33.24,85.13,34.38
25,690,952,Round Robin,433.58,593.47,26.94,99.1,27.6
36,1081,561,Bin Packing,144.62,195.95,26.2,89.71,30.03
98,612,953,QoS Aware Heuristic,489.51,658.72,25.69,89.11,6.24
43,540,216,Reinforcement Learning,377.34,590.14,36.06,70.59,12.56
16,390,765,Round Robin,209.04,262.51,20.37,80.19,24.38
51,521,463,FCFS,282.42,487.76,42.1,71.6,10.22
22,1866,942,QoS Aware Heuristic,218.86,431.99,49.34,60.77,84.82
25,1760,730,FCFS,160.01,249.54,35.88,88.42,70.4
17,1768,810,QoS Aware Heuristic,216.47,374.24,42.16,69.43,104.0
25,1777,565,Round Robin,332.04,623.12,46.71,75.89,71.08
12,298,874,Round Robin,430.39,701.44,38.64,71.39,24.83
50,284,283,Round Robin,245.41,398.12,38.36,67.99,5.68
11,1156,759,QoS Aware Heuristic,239.16,376.62,36.5,62.68,105.09
27,1166,265,Bin Packing,287.2,368.22,22.0,73.52,43.19
79,1958,174,FCFS,357.82,416.62,14.11,63.27,24.78
90,1467,847,Bin Packing,400.65,525.02,23.69,81.61,16.3
26,873,925,Bin Packing,230.72,515.79,55.27,60.78,33.58
93,1341,371,Reinforcement Learning,334.54,624.19,46.4,97.6,14.42
26,1490,790,FCFS,255.74,508.87,49.74,98.66,57.31
96,681,602,QoS Aware Heuristic,386.56,524.27,26.27,72.19,7.09
33,1656,894,Reinforcement Learning,165.87,251.78,34.12,70.41,50.18
17,578,662,Reinforcement Learning,202.77,401.65,49.52,64.18,34.0
86,1326,686,Round Robin,270.42,482.05,43.9,96.2,15.42
6,171,755,QoS Aware Heuristic,455.77,611.91,25.52,83.47,28.5
33,941,442,Bin Packing,329.33,552.24,40.36,84.4,28.52
89,59,799,Bin Packing,486.16,722.83,32.74,95.83,0.66
83,1872,734,Bin Packing,141.31,387.08,63.49,96.43,22.55
56,1389,943,Round Robin,284.07,459.64,38.2,93.13,24.8
31,887,350,Bin Packing,267.63,515.54,48.09,90.94,28.61
54,1346,907,FCFS,340.08,396.45,14.22,95.09,24.93
99,1379,934,Bin Packing,424.79,644.89,34.13,95.04,13.93
83,1878,229,Bin Packing,436.58,545.49,19.97,74.75,22.63
27,1283,863,FCFS,368.08,485.71,24.22,98.94,47.52
92,1803,457,Round Robin,356.61,429.44,16.96,88.37,19.6
48,802,791,Reinforcement Learning,479.61,577.71,16.98,74.81,16.71
81,935,507,QoS Aware Heuristic,253.47,551.47,54.04,77.68,11.54
26,513,960,Round Robin,433.11,586.96,26.21,87.49,19.73
47,761,594,Bin Packing,468.6,750.54,37.56,74.44,16.19
41,777,721,Reinforcement Learning,296.62,387.34,23.42,93.06,18.95
65,766,581,QoS Aware Heuristic,391.64,492.65,20.5,65.92,11.78
60,1998,949,QoS Aware Heuristic,250.81,440.26,43.03,96.3,33.3
7,1489,177,QoS Aware Heuristic,163.55,300.93,45.65,72.05,212.71
67,1289,613,FCFS,334.6,545.58,38.67,66.11,19.24
23,129,420,FCFS,178.59,334.1,46.55,94.32,5.61
27,1852,887,Reinforcement Learning,283.04,535.94,47.19,69.58,68.59
33,529,389,Bin Packing,449.15,607.04,26.01,93.74,16.03
34,951,396,Reinforcement Learning,134.41,327.5,58.96,71.85,27.97
43,940,780,Bin Packing,112.17,242.44,53.73,97.35,21.86
29,1620,851,Round Robin,342.59,568.6,39.75,68.76,55.86
12,1874,574,QoS Aware Heuristic,232.42,446.1,47.9,62.79,156.17
62,67,122,QoS Aware Heuristic,267.18,416.43,35.84,97.46,1.08
20,1238,905,FCFS,262.28,381.29,31.21,66.63,61.9
76,1598,271,Round Robin,134.65,338.18,60.18,97.77,21.03
5,251,934,Round Robin,101.43,387.22,73.81,92.96,50.2
9,790,417,Bin Packing,459.37,542.53,15.33,63.28,87.78
7,1419,897,Round Robin,187.12,436.9,57.17,77.81,202.71
69,1439,954,FCFS,270.43,456.18,40.72,62.94,20.86
8,1521,292,Bin Packing,488.77,670.16,27.07,73.19,190.12
68,1586,780,Reinforcement Learning,430.71,721.13,40.27,74.06,23.32
93,368,217,Bin Packing,143.17,344.64,58.46,83.99,3.96
14,266,105,Reinforcement Learning,303.41,561.04,45.92,99.04,19.0
25,1107,942,Bin Packing,392.03,570.65,31.3,66.79,44.28
50,1944,582,QoS Aware Heuristic,379.36,491.82,22.87,73.17,38.88
95,315,231,Reinforcement Learning,404.34,627.96,35.61,83.48,3.32
31,1713,192,FCFS,282.98,563.77,49.81,66.86,55.26
70,773,862,Reinforcement Learning,170.37,430.68,60.44,88.43,11.04
45,824,621,Reinforcement Learning,285.95,385.54,25.83,76.15,18.31
17,1897,662,Bin Packing,359.15,488.37,26.46,97.98,111.59
13,1153,960,QoS Aware Heuristic,343.44,522.66,34.29,85.19,88.69
40,1750,393,Bin Packing,128.21,321.11,60.07,74.52,43.75
90,462,740,Bin Packing,125.98,224.43,43.87,88.78,5.13
94,1325,491,QoS Aware Heuristic,486.1,593.6,18.11,93.55,14.1
62,1085,348,Bin Packing,160.72,400.43,59.86,92.02,17.5
58,450,713,QoS Aware Heuristic,217.78,450.36,51.64,70.51,7.76
16,1889,948,FCFS,407.05,666.85,38.96,76.68,118.06
85,773,694,QoS Aware Heuristic,263.87,547.1,51.77,78.09,9.09
82,331,802,Round Robin,172.59,299.66,42.4,75.54,4.04
18,1185,516,QoS Aware Heuristic,286.89,551.79,48.01,72.43,65.83
38,772,242,QoS Aware Heuristic,327.58,544.08,39.79,90.11,20.32
57,1451,336,Round Robin,281.11,570.55,50.73,60.49,25.46
24,800,386,QoS Aware Heuristic,467.58,585.6,20.15,71.74,33.33
79,317,376,Reinforcement Learning,213.88,331.3,35.44,65.66,4.01
20,1990,486,Bin Packing,364.53,590.6,38.28,65.15,99.5
99,347,481,Bin Packing,144.92,427.02,66.06,71.08,3.51
74,1390,549,FCFS,256.91,513.05,49.92,90.49,18.78
60,619,390,FCFS,396.4,628.16,36.9,98.78,10.32
87,558,268,Round Robin,189.93,336.76,43.6,80.58,6.41
62,595,542,Reinforcement Learning,335.91,565.35,40.58,73.56,9.6
8,824,755,FCFS,161.37,411.64,60.8,93.17,103.0
8,414,283,Bin Packing,141.08,379.4,62.81,62.68,51.75
24,596,144,FCFS,309.29,528.49,41.48,63.73,24.83
14,320,854,FCFS,370.0,431.78,14.31,73.81,22.86
28,1547,926,QoS Aware Heuristic,145.35,360.28,59.66,77.94,55.25
30,788,367,FCFS,467.11,636.68,26.63,91.91,26.27
41,586,575,Round Robin,190.31,480.7,60.41,97.01,14.29
89,1307,352,Bin Packing,147.99,349.79,57.69,81.25,14.69
58,108,495,Round Robin,181.08,383.14,52.74,79.83,1.86
25,1324,388,Round Robin,167.83,466.34,64.01,68.52,52.96
78,1920,311,Reinforcement Learning,136.27,209.67,35.01,78.05,24.62
42,135,788,QoS Aware Heuristic,419.14,538.22,22.12,96.95,3.21
50,812,120,Round Robin,298.22,512.24,41.78,75.72,16.24
8,439,415,Reinforcement Learning,255.41,384.22,33.53,68.43,54.88
64,1253,663,Bin Packing,480.25,616.79,22.14,73.49,19.58
61,768,537,Bin Packing,248.4,521.56,52.37,80.58,12.59
49,905,522,Reinforcement Learning,166.79,361.63,53.88,83.94,18.47
24,198,332,Round Robin,209.62,285.34,26.54,77.3,8.25
21,632,222,Round Robin,195.59,323.31,39.5,90.34,30.1
75,170,973,QoS Aware Heuristic,299.5,368.51,18.73,83.38,2.27
8,814,711,QoS Aware Heuristic,216.6,405.63,46.6,86.6,101.75
97,654,313,Bin Packing,306.42,399.74,23.35,94.52,6.74
18,305,938,QoS Aware Heuristic,367.72,632.0,41.82,94.63,16.94
7,815,746,Reinforcement Learning,410.92,605.25,32.11,68.14,116.43
92,913,929,Bin Packing,384.06,448.9,14.44,84.93,9.92
84,849,829,Round Robin,182.24,307.46,40.73,88.67,10.11
62,1382,699,Bin Packing,146.36,350.44,58.24,65.83,22.29
59,108,891,FCFS,316.98,450.85,29.69,93.71,1.83
8,1071,139,Bin Packing,179.56,357.85,49.82,67.22,133.88
28,1142,851,QoS Aware Heuristic,133.97,411.31,67.43,91.97,40.79
38,1519,431,Reinforcement Learning,310.84,448.35,30.67,66.46,39.97
34,437,747,Round Robin,230.72,364.69,36.74,89.67,12.85
86,1159,281,Round Robin,402.46,657.4,38.78,65.93,13.48
23,835,364,QoS Aware Heuristic,225.68,355.37,36.49,75.15,36.3
35,1300,870,QoS Aware Heuristic,491.49,560.98,12.39,65.74,37.14
64,642,793,QoS Aware Heuristic,403.41,498.65,19.1,70.83,10.03
64,1699,632,FCFS,123.08,410.28,70.0,99.38,26.55
23,1257,962,Reinforcement Learning,303.55,586.87,48.28,64.31,54.65
53,1865,531,FCFS,325.05,431.25,24.63,76.26,35.19
67,1395,295,QoS Aware Heuristic,378.12,566.5,33.25,87.08,20.82
87,958,823,Reinforcement Learning,299.12,383.46,21.99,63.78,11.01
26,1391,608,QoS Aware Heuristic,293.38,512.05,42.7,64.36,53.5
28,615,546,Reinforcement Learning,247.18,343.51,28.04,65.73,21.96
80,448,627,Round Robin,208.58,271.03,23.04,85.8,5.6
34,1782,301,FCFS,478.48,734.7,34.87,96.37,52.41
62,948,974,QoS Aware Heuristic,227.04,358.39,36.65,93.04,15.29
35,1366,829,QoS Aware Heuristic,125.37,202.5,38.09,99.32,39.03
68,342,704,Bin Packing,166.91,425.39,60.76,83.13,5.03
23,534,232,Round Robin,442.91,683.51,35.2,98.46,23.22
52,1972,238,QoS Aware Heuristic,334.65,555.59,39.77,72.2,37.92
49,1520,768,FCFS,411.51,689.32,40.3,76.86,31.02
98,852,592,Round Robin,423.51,595.82,28.92,75.84,8.69
59,1765,946,QoS Aware Heuristic,429.29,511.3,16.04,61.89,29.92
59,1965,169,FCFS,320.25,385.59,16.95,93.19,33.31
22,1485,915,Bin Packing,170.85,300.46,43.14,60.99,67.5
67,1581,114,Bin Packing,159.29,231.0,31.04,89.2,23.6
96,1807,846,FCFS,329.59,513.47,35.81,76.28,18.82
51,1859,311,Round Robin,246.61,300.23,17.86,60.25,36.45
79,939,901,FCFS,323.22,484.16,33.24,71.6,11.89
61,293,159,FCFS,299.39,394.01,24.01,73.85,4.8
49,1493,351,Bin Packing,340.88,482.95,29.42,98.59,30.47
37,1009,545,Bin Packing,112.84,331.6,65.97,86.44,27.27
21,1227,101,Bin Packing,113.13,250.87,54.9,81.74,58.43
74,865,847,QoS Aware Heuristic,388.64,523.97,25.83,65.08,11.69
8,1497,435,QoS Aware Heuristic,177.25,474.94,62.68,75.64,187.12
24,322,118,Reinforcement Learning,360.88,590.58,38.89,61.43,13.42
51,1720,660,QoS Aware Heuristic,318.63,497.1,35.9,90.47,33.73
95,1898,177,Round Robin,492.72,687.56,28.34,66.51,19.98
19,569,571,Round Robin,434.16,639.21,32.08,83.78,29.95
74,1201,127,Bin Packing,265.25,321.39,17.47,87.98,16.23
51,1446,659,FCFS,346.57,416.64,16.82,74.66,28.35
82,617,707,Bin Packing,146.92,359.22,59.1,85.3,7.52
79,687,264,FCFS,254.55,395.67,35.67,90.57,8.7
13,208,557,Bin Packing,393.56,457.42,13.96,67.36,16.0
94,1644,976,Bin Packing,349.07,473.45,26.27,84.03,17.49
20,1643,275,Round Robin,293.79,376.36,21.94,89.36,82.15
73,701,684,FCFS,170.61,449.69,62.06,74.28,9.6
65,225,967,Reinforcement Learning,421.26,521.99,19.3,66.5,3.46
14,669,128,Reinforcement Learning,209.27,295.19,29.11,71.44,47.79
54,260,768,Bin Packing,428.19,634.73,32.54,97.32,4.81
7,496,925,Bin Packing,344.64,525.12,34.37,74.3,70.86
81,635,915,Round Robin,249.09,443.07,43.78,64.31,7.84
98,216,378,FCFS,116.24,275.23,57.77,63.31,2.2
74,509,382,Bin Packing,192.97,359.76,46.36,67.22,6.88
85,965,578,Reinforcement Learning,455.63,700.33,34.94,65.1,11.35
55,1430,618,FCFS,427.19,532.17,19.73,79.8,26.0
23,1377,404,Bin Packing,329.94,479.07,31.13,73.9,59.87
46,1306,793,FCFS,286.53,575.99,50.25,93.66,28.39
39,1400,208,Round Robin,358.86,456.36,21.36,95.24,35.9
50,1957,423,Reinforcement Learning,286.5,409.94,30.11,78.93,39.14
30,1255,305,FCFS,357.72,455.61,21.49,95.54,41.83
73,1707,333,Reinforcement Learning,222.96,278.08,19.82,78.02,23.38
97,1407,557,Bin Packing,435.4,552.86,21.25,85.68,14.51
68,1788,286,QoS Aware Heuristic,380.77,442.39,13.93,66.5,26.29
41,1102,581,FCFS,231.99,320.66,27.65,62.1,26.88
88,763,506,Reinforcement Learning,432.27,572.94,24.55,66.4,8.67
53,1166,940,FCFS,294.94,350.12,15.76,70.07,22.0
25,890,608,Bin Packing,169.86,408.1,58.38,90.04,35.6
78,917,968,Bin Packing,131.08,379.98,65.5,66.94,11.76
68,737,619,Reinforcement Learning,379.84,532.69,28.69,65.23,10.84
9,379,152,Round Robin,446.05,742.22,39.9,97.1,42.11
74,1796,497,FCFS,422.98,642.73,34.19,87.55,24.27
94,1257,298,FCFS,362.26,598.19,39.44,78.93,13.37
8,144,490,Bin Packing,156.55,254.63,38.52,63.8,18.0
43,834,748,FCFS,137.62,396.98,65.33,94.07,19.4
39,698,870,Reinforcement Learning,238.01,524.27,54.6,64.33,17.9
5,1822,945,QoS Aware Heuristic,441.96,551.04,19.8,84.44,364.4
28,402,597,Bin Packing,484.69,706.31,31.38,86.71,14.36
61,979,271,QoS Aware Heuristic,196.54,433.28,54.64,76.01,16.05
74,990,185,FCFS,404.84,531.13,23.78,96.45,13.38
45,1033,657,Round Robin,329.55,498.3,33.87,62.03,22.96
58,1338,957,Reinforcement Learning,112.72,187.1,39.75,92.72,23.07
50,1720,285,FCFS,317.17,410.44,22.72,82.15,34.4
64,1729,255,Reinforcement Learning,422.38,487.77,13.41,84.45,27.02
64,1092,592,FCFS,210.45,400.49,47.45,99.47,17.06
61,1816,620,FCFS,458.94,665.26,31.01,83.31,29.77
35,695,726,FCFS,194.5,473.53,58.93,91.88,19.86
88,675,765,Bin Packing,130.59,316.14,58.69,66.14,7.67
28,1572,229,QoS Aware Heuristic,163.98,279.13,41.25,92.37,56.14
93,188,942,Round Robin,434.8,499.67,12.98,90.44,2.02
40,1710,180,QoS Aware Heuristic,266.92,538.16,50.4,98.72,42.75
89,765,483,QoS Aware Heuristic,418.78,588.49,28.84,97.43,8.6
34,1646,901,Reinforcement Learning,312.49,546.82,42.85,68.56,48.41
28,811,758,Bin Packing,292.22,345.88,15.51,78.6,28.96
34,1883,394,Bin Packing,422.77,594.8,28.92,96.46,55.38
90,1598,368,FCFS,269.4,400.83,32.79,85.63,17.76
96,1981,744,QoS Aware Heuristic,420.81,478.39,12.04,78.55,20.64
11,304,661,Round Robin,140.26,384.18,63.49,64.36,27.64
39,1158,634,Reinforcement Learning,354.52,532.75,33.45,74.07,29.69
59,1531,477,Bin Packing,381.03,514.33,25.92,86.61,25.95
96,1605,475,FCFS,459.64,711.09,35.36,91.08,16.72
18,1635,187,Round Robin,189.73,351.46,46.02,77.89,90.83
14,725,723,QoS Aware Heuristic,341.69,392.56,12.96,62.23,51.79
84,141,210,Round Robin,273.3,559.41,51.14,85.33,1.68
20,1673,683,Bin Packing,253.11,367.03,31.04,96.86,83.65
58,1142,253,Reinforcement Learning,142.69,400.33,64.36,79.86,19.69
99,86,562,QoS Aware Heuristic,153.69,407.79,62.31,97.14,0.87
93,1838,668,Reinforcement Learning,434.8,525.39,17.24,74.16,19.76
81,1837,868,Round Robin,399.9,568.4,29.64,95.45,22.68
74,189,255,Round Robin,252.94,312.99,19.19,91.45,2.55
48,916,724,FCFS,431.39,570.03,24.32,98.47,19.08
77,1966,417,QoS Aware Heuristic,132.31,365.05,63.76,91.64,25.53
49,729,658,Round Robin,349.91,459.18,23.8,72.86,14.88
60,1639,337,Bin Packing,447.27,526.55,15.06,96.02,27.32
88,1971,433,Bin Packing,435.55,612.33,28.87,86.79,22.4
86,1251,205,Reinforcement Learning,249.11,433.36,42.52,66.48,14.55
61,1882,581,Bin Packing,398.09,617.05,35.48,61.84,30.85
25,1886,798,Round Robin,270.99,510.77,46.94,74.63,75.44
72,1944,770,Bin Packing,436.06,660.01,33.93,91.47,27.0
54,1691,809,QoS Aware Heuristic,312.3,573.65,45.56,84.73,31.31
37,186,481,Reinforcement Learning,405.94,511.67,20.66,81.09,5.03
95,239,788,QoS Aware Heuristic,131.43,323.87,59.42,60.15,2.52
11,1713,360,Round Robin,336.01,476.03,29.41,77.42,155.73
74,391,898,Round Robin,320.11,610.64,47.58,66.31,5.28
19,1632,392,Bin Packing,343.99,504.06,31.76,78.18,85.89
86,1078,434,FCFS,378.26,668.19,43.39,99.67,12.53
36,1021,754,FCFS,467.24,709.51,34.15,95.18,28.36
79,1330,919,Round Robin,414.27,643.89,35.66,72.43,16.84
24,1885,808,Round Robin,187.86,360.75,47.93,83.74,78.54
92,711,575,Reinforcement Learning,430.36,591.2,27.21,80.08,7.73
19,1879,324,Round Robin,148.83,330.47,54.96,65.2,98.89
52,292,654,Round Robin,348.88,472.29,26.13,99.59,5.62
75,1860,553,Reinforcement Learning,453.1,729.23,37.87,77.01,24.8
25,1793,762,QoS Aware Heuristic,140.45,389.03,63.9,80.23,71.72
46,464,395,QoS Aware Heuristic,439.88,690.23,36.27,85.9,10.09
30,1700,674,Reinforcement Learning,419.45,577.74,27.4,67.66,56.67
18,756,741,Reinforcement Learning,301.51,369.28,18.35,68.89,42.0
61,392,866,QoS Aware Heuristic,223.56,444.33,49.69,67.7,6.43
41,731,562,QoS Aware Heuristic,262.18,405.78,35.39,75.38,17.83
62,1452,954,QoS Aware Heuristic,487.46,755.07,35.44,67.99,23.42
25,1667,313,QoS Aware Heuristic,180.68,425.76,57.56,97.06,66.68
86,1739,684,Bin Packing,331.84,418.17,20.64,88.57,20.22
73,702,715,Reinforcement Learning,133.3,333.73,60.06,95.91,9.62
7,1899,257,FCFS,187.16,410.21,54.37,93.94,271.29
91,195,371,Bin Packing,405.33,597.36,32.15,88.13,2.14
94,372,926,FCFS,221.04,399.55,44.68,69.71,3.96
41,171,337,FCFS,494.31,601.28,17.79,84.61,4.17
92,1325,402,Round Robin,300.33,409.31,26.63,67.45,14.4
53,1928,983,Reinforcement Learning,306.62,548.62,44.11,65.3,36.38
23,1972,769,Bin Packing,114.53,169.2,32.31,85.3,85.74
93,360,720,Reinforcement Learning,482.61,727.34,33.65,84.99,3.87
89,650,620,QoS Aware Heuristic,169.69,351.39,51.71,66.26,7.3
16,524,420,Reinforcement Learning,315.34,599.4,47.39,74.1,32.75
65,619,158,FCFS,258.27,557.6,53.68,62.65,9.52
45,1565,457,QoS Aware Heuristic,266.23,482.1,44.78,88.63,34.78
37,624,803,Reinforcement Learning,357.32,510.38,29.99,99.5,16.86
54,396,747,Reinforcement Learning,364.84,533.61,31.63,89.6,7.33
72,869,350,FCFS,161.72,262.77,38.46,93.77,12.07
75,1560,990,QoS Aware Heuristic,299.83,374.64,19.97,79.05,20.8
90,1546,535,FCFS,416.19,610.88,31.87,63.82,17.18
37,431,245,Reinforcement Learning,277.31,528.68,47.55,89.06,11.65
85,1353,958,Bin Packing,166.32,281.76,40.97,70.26,15.92
28,121,451,Bin Packing,225.29,380.2,40.74,75.53,4.32
65,570,669,Round Robin,184.95,373.64,50.5,88.12,8.77
65,1439,788,Bin Packing,150.33,427.3,64.82,96.19,22.14
32,982,899,QoS Aware Heuristic,251.03,335.69,25.22,79.45,30.69
62,1167,344,Round Robin,316.37,425.59,25.66,98.46,18.82
47,1446,659,QoS Aware Heuristic,129.1,408.73,68.41,80.8,30.77
45,388,400,Bin Packing,341.53,401.41,14.92,64.9,8.62
43,1510,537,Bin Packing,497.21,711.24,30.09,80.74,35.12
90,1409,967,Reinforcement Learning,485.65,695.53,30.18,94.43,15.66
53,713,199,QoS Aware Heuristic,431.67,577.48,25.25,81.52,13.45
21,1565,824,FCFS,206.54,373.58,44.71,89.91,74.52
74,1990,913,Reinforcement Learning,108.96,372.69,70.76,81.92,26.89
74,1941,579,QoS Aware Heuristic,433.42,524.67,17.39,81.84,26.23
69,89,514,Round Robin,122.29,230.18,46.87,71.39,1.29
78,1432,264,QoS Aware Heuristic,182.25,360.34,49.42,68.05,18.36
89,623,737,Round Robin,317.78,470.22,32.42,71.16,7.0
9,1327,401,Round Robin,171.35,364.94,53.05,77.63,147.44
6,1015,220,Bin Packing,433.52,713.73,39.26,92.38,169.17
26,630,187,FCFS,410.86,690.14,40.47,93.16,24.23
61,1471,316,QoS Aware Heuristic,402.31,509.81,21.09,66.54,24.11
70,1830,672,FCFS,426.45,551.99,22.74,82.11,26.14
78,1950,913,Round Robin,187.88,278.4,32.51,76.64,25.0
20,219,278,Bin Packing,391.56,673.51,41.86,82.84,10.95
55,1763,801,FCFS,242.11,391.58,38.17,85.9,32.05
43,750,262,Reinforcement Learning,366.74,529.17,30.7,71.18,17.44
90,560,692,Round Robin,148.81,399.47,62.75,96.77,6.22
80,1333,269,Reinforcement Learning,382.23,560.47,31.8,97.42,16.66
92,633,400,FCFS,488.84,568.78,14.05,64.21,6.88
44,1033,473,FCFS,117.44,276.9,57.59,88.12,23.48
42,508,807,FCFS,137.53,345.16,60.15,61.33,12.1
64,578,302,QoS Aware Heuristic,149.45,379.25,60.59,61.86,9.03
63,1955,146,Round Robin,272.23,483.57,43.7,98.31,31.03
14,390,562,Round Robin,216.31,296.11,26.95,87.79,27.86
68,106,769,Round Robin,422.77,548.86,22.97,72.98,1.56
67,267,507,QoS Aware Heuristic,289.51,522.9,44.63,86.8,3.99
53,668,293,FCFS,293.81,563.86,47.89,93.83,12.6
68,865,526,FCFS,386.82,448.62,13.78,94.84,12.72
36,1758,890,Reinforcement Learning,244.79,305.35,19.83,60.82,48.83
11,780,416,QoS Aware Heuristic,241.28,452.13,46.63,92.73,70.91
25,513,578,Bin Packing,402.77,589.78,31.71,94.13,20.52
24,296,520,QoS Aware Heuristic,412.02,500.85,17.74,83.82,12.33
30,779,368,Reinforcement Learning,105.76,292.83,63.88,79.2,25.97
72,422,580,Reinforcement Learning,157.52,451.14,65.08,64.44,5.86
90,466,810,Reinforcement Learning,185.24,392.97,52.86,69.58,5.18
19,1104,835,FCFS,240.64,402.93,40.28,79.62,58.11
89,417,362,Bin Packing,216.58,473.46,54.26,94.6,4.69
83,608,525,Reinforcement Learning,367.41,470.62,21.93,92.13,7.33
90,1719,265,Round Robin,431.25,584.83,26.26,79.84,19.1
96,157,791,FCFS,176.83,358.77,50.71,91.43,1.64
18,633,527,Bin Packing,325.19,501.32,35.13,90.63,35.17
31,888,803,Round Robin,247.13,527.37,53.14,83.16,28.65
44,467,496,Bin Packing,302.31,425.48,28.95,68.81,10.61
62,1693,315,Bin Packing,348.3,412.43,15.55,73.92,27.31
32,870,895,Round Robin,457.44,736.53,37.89,66.56,27.19
30,1471,963,QoS Aware Heuristic,176.92,281.19,37.08,60.29,49.03
67,1345,206,Bin Packing,134.8,279.56,51.78,63.22,20.07
70,732,197,QoS Aware Heuristic,350.88,533.6,34.24,90.39,10.46
29,1189,979,Bin Packing,257.65,551.62,53.29,61.34,41.0
7,1914,581,Round Robin,165.16,348.98,52.67,75.99,273.43
76,1659,598,Bin Packing,146.83,308.77,52.45,99.43,21.83
48,305,329,Reinforcement Learning,323.56,519.47,37.71,91.81,6.35
46,1154,356,Reinforcement Learning,220.19,512.89,57.07,90.02,25.09
10,829,142,Bin Packing,498.97,753.46,33.78,70.99,82.9
43,1201,341,Round Robin,262.36,354.6,26.01,85.67,27.93
56,887,653,Round Robin,184.91,435.73,57.56,79.95,15.84
27,964,194,FCFS,351.54,611.81,42.54,84.95,35.7
93,284,865,Round Robin,197.7,420.37,52.97,77.43,3.05
54,602,287,QoS Aware Heuristic,297.63,511.94,41.86,81.24,11.15
47,230,484,Bin Packing,293.03,453.25,35.35,99.54,4.89
23,206,918,Reinforcement Learning,281.42,491.84,42.78,73.17,8.96
73,1527,499,Round Robin,418.43,652.82,35.9,68.66,20.92
55,620,605,Reinforcement Learning,186.65,267.36,30.19,77.94,11.27
15,906,266,FCFS,461.72,576.05,19.85,80.97,60.4
16,1834,882,Bin Packing,416.54,515.06,19.13,63.43,114.62
78,1777,224,Round Robin,233.25,493.55,52.74,92.24,22.78
12,1097,772,Reinforcement Learning,172.24,392.24,56.09,76.88,91.42
28,1546,186,Round Robin,211.81,374.5,43.44,76.53,55.21
96,1473,920,FCFS,233.05,489.56,52.4,86.35,15.34
45,997,588,Reinforcement Learning,322.77,551.97,41.52,90.93,22.16
40,641,325,Reinforcement Learning,118.55,396.95,70.13,99.44,16.02
89,183,756,Bin Packing,465.74,534.94,12.94,66.94,2.06
76,470,444,Bin Packing,139.47,316.76,55.97,73.82,6.18
59,262,859,Reinforcement Learning,211.71,438.4,51.71,66.73,4.44
13,949,973,Bin Packing,143.71,245.58,41.48,95.23,73.0
51,531,617,Reinforcement Learning,202.67,334.45,39.4,81.94,10.41
19,397,130,QoS Aware Heuristic,435.07,589.81,26.24,94.1,20.89
52,215,808,Round Robin,346.07,594.65,41.8,99.41,4.13
86,986,843,QoS Aware Heuristic,190.93,364.32,47.59,82.01,11.47
46,397,395,QoS Aware Heuristic,448.7,621.92,27.85,64.73,8.63
64,898,513,Round Robin,420.28,578.0,27.29,74.45,14.03
88,447,936,Reinforcement Learning,401.46,508.61,21.07,61.45,5.08
74,632,234,Reinforcement Learning,439.05,719.82,39.01,93.97,8.54
16,775,624,Bin Packing,347.86,477.31,27.12,60.72,48.44
6,1508,103,FCFS,300.57,492.44,38.96,83.69,251.33
11,1650,277,Reinforcement Learning,249.57,336.76,25.89,64.25,150.0
84,1294,845,Round Robin,189.51,348.07,45.55,60.3,15.4
7,357,358,FCFS,322.96,598.91,46.08,70.25,51.0
7,1040,751,Round Robin,455.8,754.67,39.6,82.07,148.57
31,847,164,Round Robin,337.59,478.03,29.38,63.0,27.32
44,1770,894,Round Robin,467.84,556.34,15.91,84.6,40.23
37,768,462,FCFS,242.77,371.38,34.63,86.88,20.76
96,515,917,QoS Aware Heuristic,378.06,509.87,25.85,98.79,5.36
5,148,816,Round Robin,359.47,570.6,37.0,95.98,29.6
12,1315,116,Bin Packing,368.17,542.21,32.1,82.67,109.58
36,207,299,Reinforcement Learning,358.02,600.13,40.34,91.73,5.75
52,659,643,Reinforcement Learning,188.66,413.99,54.43,74.55,12.67
8,603,311,Reinforcement Learning,157.44,270.27,41.75,83.43,75.38
98,700,534,FCFS,491.45,737.51,33.36,76.13,7.14
74,1868,372,Bin Packing,118.12,379.99,68.91,73.48,25.24
23,969,389,Bin Packing,287.09,486.69,41.01,89.11,42.13
36,276,902,Bin Packing,270.03,551.95,51.08,71.87,7.67
13,472,582,Bin Packing,244.01,489.75,50.18,75.22,36.31
16,1145,333,Bin Packing,412.79,611.64,32.51,74.69,71.56
15,292,507,QoS Aware Heuristic,398.14,674.68,40.99,94.82,19.47
50,579,793,Bin Packing,462.09,662.18,30.22,66.82,11.58
20,1662,245,Bin Packing,258.2,438.5,41.12,75.26,83.1
5,1118,661,FCFS,325.67,464.73,29.92,95.51,223.6
67,1545,529,FCFS,456.92,727.64,37.21,60.61,23.06
25,420,531,Bin Packing,497.54,578.22,13.95,97.91,16.8
34,1928,714,QoS Aware Heuristic,487.72,656.1,25.66,95.96,56.71
17,701,644,Bin Packing,387.14,571.49,32.26,76.71,41.24
38,738,596,Bin Packing,157.29,345.98,54.54,86.12,19.42
8,783,188,Bin Packing,109.27,322.24,66.09,99.64,97.88
32,141,510,Round Robin,430.09,606.54,29.09,82.2,4.41
99,1095,996,QoS Aware Heuristic,436.38,550.58,20.74,63.88,11.06
63,221,952,Reinforcement Learning,398.54,662.78,39.87,94.15,3.51
31,1677,926,Bin Packing,211.97,426.35,50.28,65.37,54.1
73,1265,340,Reinforcement Learning,355.93,620.48,42.64,70.29,17.33
29,1150,877,QoS Aware Heuristic,226.5,345.51,34.44,94.94,39.66
7,1354,322,Bin Packing,280.26,489.52,42.75,70.24,193.43
72,1437,847,Reinforcement Learning,252.97,481.51,47.46,89.8,19.96
29,228,764,Reinforcement Learning,465.46,611.31,23.86,77.91,7.86
24,287,567,QoS Aware Heuristic,193.66,446.72,56.65,90.39,11.96
38,1208,668,Bin Packing,331.04,381.67,13.27,69.29,31.79
30,926,421,Round Robin,244.39,443.12,44.85,76.78,30.87
9,951,474,QoS Aware Heuristic,365.23,568.62,35.77,72.73,105.67
65,329,211,Round Robin,325.83,509.29,36.02,69.96,5.06
96,1092,626,Bin Packing,469.59,677.1,30.65,72.58,11.38
97,1668,511,Reinforcement Learning,140.64,232.45,39.5,72.92,17.2
13,789,368,QoS Aware Heuristic,188.26,409.46,54.02,98.22,60.69
54,420,725,QoS Aware Heuristic,406.54,540.49,24.78,81.33,7.78
10,1850,351,QoS Aware Heuristic,247.51,410.52,39.71,78.48,185.0
87,1185,473,FCFS,166.31,299.59,44.49,80.13,13.62
64,1836,753,Bin Packing,301.33,469.81,35.86,99.85,28.69
48,1749,725,FCFS,360.86,566.25,36.27,86.14,36.44
15,919,549,QoS Aware Heuristic,117.93,377.52,68.76,88.14,61.27
70,1753,901,QoS Aware Heuristic,216.65,387.51,44.09,72.54,25.04
51,1068,968,Round Robin,423.77,554.58,23.59,78.86,20.94
77,270,636,FCFS,308.1,480.09,35.82,67.36,3.51
89,969,467,Reinforcement Learning,114.15,336.35,66.06,87.41,10.89
92,353,921,Bin Packing,212.78,349.46,39.11,73.78,3.84
90,1776,354,Reinforcement Learning,355.66,509.23,30.16,89.93,19.73
7,1398,562,Reinforcement Learning,179.74,370.45,51.48,68.53,199.71
80,1510,367,Bin Packing,430.96,554.46,22.27,76.14,18.88
96,487,225,QoS Aware Heuristic,370.63,472.9,21.63,78.85,5.07
34,1243,492,Round Robin,288.55,373.65,22.78,66.66,36.56
94,424,861,QoS Aware Heuristic,466.25,604.4,22.86,62.78,4.51
25,1630,898,QoS Aware Heuristic,256.72,318.81,19.48,72.68,65.2
32,430,433,FCFS,194.03,389.9,50.24,81.8,13.44
94,1035,664,Reinforcement Learning,364.56,458.54,20.5,86.11,11.01
66,63,467,Reinforcement Learning,329.32,473.67,30.47,77.01,0.95
37,792,654,Reinforcement Learning,234.1,351.41,33.38,80.01,21.41
89,718,777,Round Robin,237.47,445.07,46.64,81.73,8.07
39,549,653,Round Robin,259.28,521.87,50.32,80.48,14.08
56,1719,991,Round Robin,216.46,424.79,49.04,63.61,30.7
38,1464,555,Bin Packing,384.1,569.73,32.58,76.2,38.53
45,1622,787,Round Robin,360.54,577.81,37.6,68.17,36.04
55,614,166,FCFS,276.31,333.81,17.23,81.35,11.16
51,579,165,FCFS,259.14,339.85,23.75,90.32,11.35
86,541,694,QoS Aware Heuristic,246.02,319.75,23.06,83.18,6.29
62,1623,961,QoS Aware Heuristic,213.39,287.94,25.89,68.87,26.18
79,1772,716,QoS Aware Heuristic,134.28,249.4,46.16,68.31,22.43
61,1458,499,QoS Aware Heuristic,207.28,390.29,46.89,61.48,23.9
27,1269,386,FCFS,228.48,307.15,25.61,77.06,47.0
52,804,985,QoS Aware Heuristic,319.07,602.85,47.07,77.31,15.46
26,349,285,FCFS,409.52,673.08,39.16,69.46,13.42
21,864,383,Round Robin,258.28,551.19,53.14,90.57,41.14
73,596,615,Round Robin,477.9,538.53,11.26,75.46,8.16
15,776,749,Bin Packing,430.94,693.79,37.89,86.78,51.73
98,780,790,QoS Aware Heuristic,493.92,744.85,33.69,85.6,7.96
19,877,336,Round Robin,450.48,726.01,37.95,84.19,46.16
95,651,117,Round Robin,346.69,528.68,34.42,96.32,6.85
39,1381,914,Reinforcement Learning,339.39,586.36,42.12,60.64,35.41
37,1325,513,Reinforcement Learning,151.81,214.63,29.27,62.72,35.81
88,1081,108,FCFS,388.96,457.93,15.06,88.89,12.28
20,817,519,Bin Packing,340.08,419.71,18.97,74.14,40.85
38,924,128,Reinforcement Learning,302.77,581.47,47.93,99.46,24.32
70,1281,755,Bin Packing,377.31,442.6,14.75,68.66,18.3
44,986,447,Round Robin,277.62,352.66,21.28,67.34,22.41
32,180,760,FCFS,309.54,592.14,47.73,83.53,5.62
51,1809,675,Bin Packing,259.34,336.19,22.86,71.18,35.47
43,1782,978,Reinforcement Learning,386.95,654.39,40.87,73.62,41.44
74,1727,549,Round Robin,450.64,697.96,35.43,96.84,23.34
77,1837,479,QoS Aware Heuristic,436.34,496.41,12.1,61.05,23.86
24,657,798,Round Robin,414.41,469.87,11.8,81.25,27.38
5,75,465,Reinforcement Learning,105.52,289.12,63.5,73.4,15.0
76,1696,326,Reinforcement Learning,464.75,764.04,39.17,73.84,22.32
91,1527,217,QoS Aware Heuristic,209.95,479.66,56.23,69.91,16.78
67,684,511,Round Robin,455.19,582.7,21.88,65.39,10.21
71,1259,455,Bin Packing,178.79,325.37,45.05,61.38,17.73
8,533,353,Bin Packing,275.86,422.84,34.76,99.51,66.62
62,729,642,Round Robin,399.76,633.3,36.88,86.41,11.76
29,1124,772,Bin Packing,356.11,491.39,27.53,91.09,38.76
51,1964,826,Round Robin,266.37,353.32,24.61,62.6,38.51
42,54,543,Round Robin,371.45,608.23,38.93,60.59,1.29
19,638,780,Reinforcement Learning,319.58,484.08,33.98,84.01,33.58
67,1233,180,FCFS,210.29,279.48,24.76,88.95,18.4
25,257,145,Reinforcement Learning,358.53,606.04,40.84,75.79,10.28
61,306,148,Bin Packing,181.7,378.03,51.94,75.51,5.02
57,1278,548,FCFS,377.6,549.94,31.34,75.38,22.42
50,1840,909,Round Robin,101.24,319.58,68.32,66.11,36.8
18,60,506,Bin Packing,319.51,495.85,35.56,90.16,3.33
80,998,979,QoS Aware Heuristic,260.43,472.54,44.89,68.61,12.48
21,57,382,Bin Packing,221.24,488.11,54.67,72.98,2.71
43,1482,572,FCFS,306.28,509.66,39.91,86.85,34.47
13,985,515,FCFS,358.12,573.02,37.5,60.0,75.77
81,81,699,Round Robin,486.12,689.58,29.5,90.65,1.0
83,589,220,QoS Aware Heuristic,433.23,616.02,29.67,95.96,7.1
86,1791,102,Round Robin,386.86,479.85,19.38,62.06,20.83
10,1054,415,QoS Aware Heuristic,291.59,425.51,31.47,83.66,105.4
95,436,559,QoS Aware Heuristic,256.86,480.14,46.5,76.34,4.59
27,1301,326,Round Robin,113.01,269.38,58.05,63.14,48.19
63,689,178,Bin Packing,243.64,395.17,38.35,87.29,10.94
95,1840,756,Reinforcement Learning,439.35,679.17,35.31,84.49,19.37
50,1548,853,QoS Aware Heuristic,253.61,305.0,16.85,85.71,30.96
42,1797,643,FCFS,284.63,504.38,43.57,92.54,42.79
18,1824,874,Round Robin,208.73,381.04,45.22,71.48,101.33
76,256,822,Bin Packing,209.65,353.84,40.75,87.08,3.37
66,1391,170,QoS Aware Heuristic,124.75,259.88,52.0,89.73,21.08
39,1868,995,Bin Packing,345.52,438.74,21.25,66.75,47.9
23,1830,296,Round Robin,279.23,412.79,32.36,98.28,79.57
34,606,157,FCFS,342.38,490.23,30.16,73.6,17.82
82,1690,523,QoS Aware Heuristic,318.75,478.11,33.33,88.55,20.61
88,397,568,QoS Aware Heuristic,419.54,637.62,34.2,90.16,4.51
29,842,723,Bin Packing,400.4,563.79,28.98,80.16,29.03
44,283,147,Round Robin,408.58,657.65,37.87,65.15,6.43
92,1774,534,Reinforcement Learning,299.7,509.63,41.19,71.03,19.28
18,1117,284,QoS Aware Heuristic,241.55,338.95,28.74,69.37,62.06
30,1055,978,FCFS,473.37,592.66,20.13,80.75,35.17
91,786,938,QoS Aware Heuristic,121.71,191.52,36.45,70.45,8.64
26,991,264,QoS Aware Heuristic,161.05,447.48,64.01,81.87,38.12
52,1215,826,Reinforcement Learning,267.84,539.48,50.35,71.53,23.37
87,1721,430,Reinforcement Learning,345.58,416.78,17.08,60.04,19.78
55,225,429,Round Robin,103.28,296.8,65.2,74.53,4.09
7,1727,220,QoS Aware Heuristic,387.73,677.83,42.8,84.27,246.71
46,498,312,QoS Aware Heuristic,323.49,560.28,42.26,90.95,10.83
23,641,922,Bin Packing,293.88,466.83,37.05,61.13,27.87
77,131,606,Bin Packing,269.4,379.68,29.05,70.33,1.7
32,184,652,FCFS,307.79,427.55,28.01,99.42,5.75
88,1792,964,FCFS,164.71,398.77,58.7,70.47,20.36
49,905,900,Bin Packing,143.48,388.62,63.08,91.09,18.47
75,1250,267,FCFS,215.85,398.02,45.77,80.37,16.67
82,1456,645,QoS Aware Heuristic,383.8,464.04,17.29,64.89,17.76
67,1316,929,Reinforcement Learning,335.32,618.79,45.81,85.74,19.64
77,1640,886,QoS Aware Heuristic,292.05,553.24,47.21,98.65,21.3
23,1214,526,Bin Packing,328.61,413.74,20.58,95.47,52.78
51,1530,808,Round Robin,323.7,387.88,16.55,87.61,30.0
18,489,802,Round Robin,222.82,406.79,45.22,80.49,27.17
42,1129,320,Bin Packing,138.98,260.02,46.55,72.77,26.88
57,1600,109,QoS Aware Heuristic,458.71,579.52,20.85,74.28,28.07
65,746,219,FCFS,339.96,411.77,17.44,73.85,11.48
40,1899,734,FCFS,379.1,667.45,43.2,96.88,47.48
44,468,346,Round Robin,285.6,543.14,47.42,68.45,10.64
85,137,459,Bin Packing,402.59,481.05,16.31,75.12,1.61
34,1682,320,Bin Packing,333.8,602.95,44.64,77.28,49.47
13,705,872,Reinforcement Learning,121.52,342.26,64.49,76.36,54.23
68,1081,605,Round Robin,456.04,587.4,22.36,60.17,15.9
37,1550,157,Bin Packing,222.21,490.02,54.65,70.84,41.89
56,264,926,Reinforcement Learning,155.16,354.67,56.25,79.94,4.71
93,1758,559,FCFS,135.22,397.39,65.97,90.42,18.9
18,1808,227,Round Robin,388.18,555.5,30.12,82.78,100.44
79,601,798,Round Robin,381.59,556.75,31.46,75.39,7.61
57,1570,816,Bin Packing,380.06,502.81,24.41,86.61,27.54
63,1767,185,Bin Packing,466.3,613.22,23.96,86.64,28.05
82,552,203,QoS Aware Heuristic,239.58,431.52,44.48,69.92,6.73
98,1855,242,FCFS,324.45,611.21,46.92,64.15,18.93
45,748,304,FCFS,347.8,547.83,36.51,92.13,16.62
72,294,740,Reinforcement Learning,491.79,578.63,15.01,81.19,4.08
72,1551,857,Reinforcement Learning,224.94,276.69,18.7,67.06,21.54
96,358,137,QoS Aware Heuristic,482.53,745.28,35.26,70.48,3.73
12,280,462,FCFS,159.49,300.57,46.94,90.66,23.33
6,1456,720,Reinforcement Learning,405.6,534.34,24.09,86.13,242.67
90,204,408,FCFS,353.15,603.33,41.47,97.81,2.27
45,1248,151,FCFS,426.76,713.1,40.15,78.6,27.73
59,897,100,Reinforcement Learning,111.47,348.48,68.01,62.09,15.2
20,164,110,Bin Packing,131.25,224.71,41.59,88.02,8.2
97,1463,925,Bin Packing,127.88,275.72,53.62,70.2,15.08
66,360,846,Reinforcement Learning,337.18,577.03,41.57,72.95,5.45
52,1042,739,QoS Aware Heuristic,341.17,617.9,44.79,67.87,20.04
34,349,313,Round Robin,462.44,762.09,39.32,72.36,10.26
16,1091,854,FCFS,287.04,464.93,38.26,93.18,68.19
39,833,655,Round Robin,127.22,382.85,66.77,83.07,21.36
15,61,617,Reinforcement Learning,183.81,245.47,25.12,64.37,4.07
68,1477,767,FCFS,103.23,224.69,54.06,83.46,21.72
54,1886,514,Round Robin,410.69,553.57,25.81,85.34,34.93
89,1777,107,Bin Packing,426.24,720.12,40.81,95.39,19.97
25,281,104,QoS Aware Heuristic,499.18,550.03,9.24,94.39,11.24
73,1004,461,Round Robin,264.88,391.89,32.41,62.52,13.75
52,1678,793,QoS Aware Heuristic,107.72,390.32,72.4,94.67,32.27
24,779,211,Bin Packing,193.89,320.56,39.52,62.04,32.46
71,1351,372,Round Robin,335.11,441.38,24.08,66.16,19.03
48,1426,521,Reinforcement Learning,484.78,717.3,32.42,64.46,29.71
37,1067,364,FCFS,141.43,377.76,62.56,67.27,28.84
77,1048,557,Bin Packing,148.63,316.67,53.06,92.13,13.61
65,352,311,QoS Aware Heuristic,380.7,667.43,42.96,87.44,5.42
13,590,177,QoS Aware Heuristic,366.88,467.56,21.53,87.48,45.38
72,519,881,Bin Packing,200.2,478.55,58.17,96.89,7.21
39,862,765,Reinforcement Learning,425.26,664.14,35.97,75.67,22.1
85,126,320,Reinforcement Learning,151.51,293.56,48.39,60.13,1.48
92,1069,468,QoS Aware Heuristic,470.3,722.03,34.86,85.59,11.62
69,1594,446,Bin Packing,180.41,263.71,31.59,94.72,23.1
12,73,124,Bin Packing,132.54,215.29,38.44,99.05,6.08
49,1088,519,FCFS,235.81,518.29,54.5,74.56,22.2
91,725,453,QoS Aware Heuristic,175.14,248.84,29.62,92.89,7.97
51,574,819,Reinforcement Learning,310.78,361.8,14.1,93.97,11.25
44,396,516,Round Robin,374.74,522.0,28.21,65.78,9.0
80,221,614,Reinforcement Learning,296.37,372.33,20.4,85.26,2.76
58,1942,314,Reinforcement Learning,364.24,630.0,42.18,66.93,33.48
80,1400,211,Round Robin,245.97,526.64,53.29,77.87,17.5
50,761,803,QoS Aware Heuristic,111.17,281.78,60.55,95.17,15.22
51,1558,658,FCFS,489.63,646.0,24.21,91.58,30.55
19,538,527,Reinforcement Learning,427.77,612.53,30.16,82.81,28.32
23,1535,832,Reinforcement Learning,129.37,235.92,45.16,92.35,66.74
30,427,798,QoS Aware Heuristic,279.67,404.16,30.8,66.11,14.23
56,1661,661,QoS Aware Heuristic,354.01,429.25,17.53,67.8,29.66
97,1237,808,Bin Packing,176.24,337.85,47.83,68.35,12.75
26,421,315,QoS Aware Heuristic,331.2,534.12,37.99,91.04,16.19
25,1646,512,QoS Aware Heuristic,313.46,596.02,47.41,95.64,65.84
55,1049,832,Reinforcement Learning,183.31,418.08,56.15,82.51,19.07
42,1026,479,FCFS,156.48,387.25,59.59,98.32,24.43
24,1497,701,Reinforcement Learning,403.58,530.58,23.94,89.12,62.38
33,806,331,QoS Aware Heuristic,229.03,501.1,54.29,82.55,24.42
55,526,934,Bin Packing,197.62,484.36,59.2,84.46,9.56
8,431,357,FCFS,395.15,678.22,41.74,93.98,53.88
59,204,764,Bin Packing,394.43,454.13,13.15,63.61,3.46
75,306,355,Round Robin,210.56,411.65,48.85,66.72,4.08
96,1829,502,Bin Packing,449.03,659.84,31.95,70.65,19.05
32,723,523,Bin Packing,375.3,499.07,24.8,95.79,22.59
8,117,869,QoS Aware Heuristic,238.31,536.41,55.57,97.8,14.62
26,393,164,QoS Aware Heuristic,271.0,393.8,31.18,74.25,15.12
80,1350,289,QoS Aware Heuristic,390.68,494.83,21.05,96.95,16.88
49,722,702,QoS Aware Heuristic,184.63,355.67,48.09,81.87,14.73
71,440,272,QoS Aware Heuristic,287.5,418.29,31.27,78.93,6.2
90,1522,858,Bin Packing,361.42,642.43,43.74,93.31,16.91
70,308,867,Round Robin,315.8,475.82,33.63,81.84,4.4
92,356,727,QoS Aware Heuristic,343.33,495.87,30.76,78.18,3.87
38,1920,660,Round Robin,318.48,524.95,39.33,60.64,50.53
95,1168,326,Round Robin,179.69,249.97,28.12,60.52,12.29
59,999,680,Reinforcement Learning,264.08,503.26,47.53,85.1,16.93
5,1537,487,Reinforcement Learning,312.79,554.89,43.63,62.94,307.4
76,1019,500,FCFS,412.03,580.54,29.03,89.48,13.41
91,295,737,Reinforcement Learning,361.56,650.48,44.42,84.89,3.24
42,782,312,QoS Aware Heuristic,270.64,465.47,41.86,78.31,18.62
10,1708,152,Round Robin,489.76,713.57,31.36,88.39,170.8
90,236,723,FCFS,143.12,424.21,66.26,99.72,2.62
29,1847,770,Reinforcement Learning,182.72,399.31,54.24,69.85,63.69
86,974,851,Bin Packing,236.53,394.49,40.04,82.28,11.33
21,834,761,FCFS,191.43,247.62,22.69,93.71,39.71
65,1446,238,QoS Aware Heuristic,350.18,582.25,39.86,60.67,22.25
16,1645,517,Round Robin,115.82,407.04,71.55,68.14,102.81
10,1479,724,QoS Aware Heuristic,170.97,338.53,49.5,80.84,147.9
94,457,242,QoS Aware Heuristic,217.34,352.28,38.3,82.09,4.86
31,1198,981,Bin Packing,373.34,553.15,32.51,63.45,38.65
12,1410,608,Bin Packing,450.35,682.46,34.01,76.3,117.5
87,390,749,Round Robin,419.4,469.57,10.68,80.79,4.48
69,612,585,Reinforcement Learning,172.83,444.63,61.13,76.92,8.87
61,1251,536,QoS Aware Heuristic,326.16,597.75,45.44,88.02,20.51
97,700,915,Reinforcement Learning,112.01,297.33,62.33,90.85,7.22
44,1001,642,Round Robin,224.21,304.8,26.44,78.41,22.75
18,1912,392,QoS Aware Heuristic,422.39,640.34,34.04,77.03,106.22
39,1243,719,Reinforcement Learning,282.67,367.13,23.01,88.21,31.87
52,1112,383,QoS Aware Heuristic,159.98,336.87,52.51,82.21,21.38
88,118,770,Bin Packing,275.42,348.83,21.04,94.82,1.34
60,1309,937,Bin Packing,179.21,376.48,52.4,79.25,21.82
53,1633,113,FCFS,257.28,386.8,33.49,82.97,30.81
17,430,733,Round Robin,295.13,552.88,46.62,65.15,25.29
65,106,826,Reinforcement Learning,239.82,489.81,51.04,93.44,1.63
53,1350,371,QoS Aware Heuristic,474.79,774.41,38.69,76.89,25.47
50,899,124,FCFS,325.01,439.39,26.03,88.76,17.98
66,1172,421,Round Robin,437.16,502.61,13.02,77.18,17.76
12,965,905,Round Robin,404.29,565.04,28.45,60.04,80.42
47,1600,780,Round Robin,364.47,435.32,16.28,76.02,34.04
24,374,202,Reinforcement Learning,298.76,393.38,24.05,65.9,15.58
94,510,965,Bin Packing,100.87,300.2,66.4,75.94,5.43
43,228,982,FCFS,345.39,543.42,36.44,72.85,5.3
89,893,139,Reinforcement Learning,242.38,303.21,20.06,68.1,10.03
53,623,334,QoS Aware Heuristic,147.1,307.83,52.21,64.95,11.75
68,168,931,Reinforcement Learning,277.85,460.4,39.65,89.14,2.47
66,1542,188,QoS Aware Heuristic,394.22,511.23,22.89,90.19,23.36
58,598,199,QoS Aware Heuristic,484.67,752.68,35.61,70.6,10.31
13,695,243,Round Robin,249.64,339.91,26.56,79.81,53.46
92,1528,181,Reinforcement Learning,317.09,430.57,26.36,78.56,16.61
41,75,688,Bin Packing,440.5,529.75,16.85,74.21,1.83
53,1563,670,QoS Aware Heuristic,233.6,312.74,25.31,71.11,29.49
45,1081,328,Round Robin,156.9,426.64,63.22,67.44,24.02
21,1018,702,Bin Packing,212.75,332.21,35.96,94.92,48.48
92,1589,965,Reinforcement Learning,459.65,690.28,33.41,93.33,17.27
25,582,494,Bin Packing,163.76,320.76,48.95,76.69,23.28
55,198,612,Reinforcement Learning,231.69,440.66,47.42,88.85,3.6
63,1561,880,QoS Aware Heuristic,285.86,567.9,49.66,79.93,24.78
43,1098,897,FCFS,438.85,700.0,37.31,63.42,25.53
59,704,296,FCFS,475.09,542.34,12.4,92.9,11.93
45,1830,373,QoS Aware Heuristic,270.32,531.62,49.15,68.77,40.67
43,994,689,Bin Packing,472.78,635.74,25.63,88.27,23.12
17,604,752,Reinforcement Learning,164.58,302.12,45.52,81.1,35.53
68,474,899,FCFS,162.74,380.84,57.27,87.62,6.97
15,342,682,Reinforcement Learning,479.7,767.25,37.48,78.85,22.8
23,1258,661,QoS Aware Heuristic,303.87,377.4,19.48,88.1,54.7
15,603,471,Bin Packing,174.36,416.38,58.12,61.31,40.2
81,480,980,Reinforcement Learning,295.2,396.08,25.47,61.63,5.93
50,653,179,Bin Packing,413.28,558.31,25.98,95.85,13.06
49,366,334,FCFS,430.77,699.23,38.39,89.99,7.47
5,447,386,Reinforcement Learning,445.59,632.04,29.5,93.14,89.4
44,1397,918,Round Robin,327.83,394.69,16.94,78.26,31.75
23,1638,766,FCFS,446.78,623.79,28.38,78.39,71.22
80,645,671,Bin Packing,304.01,551.42,44.87,81.36,8.06
76,595,644,QoS Aware Heuristic,342.82,525.04,34.71,69.75,7.83
76,125,536,Round Robin,403.49,495.21,18.52,89.34,1.64
65,914,226,Reinforcement Learning,270.17,431.43,37.38,93.18,14.06
16,1993,832,FCFS,129.43,410.52,68.47,96.29,124.56
65,965,811,Reinforcement Learning,240.07,454.62,47.19,80.68,14.85
37,758,516,Reinforcement Learning,349.58,582.05,39.94,76.58,20.49
49,535,737,Round Robin,176.93,423.41,58.21,93.24,10.92
94,1871,140,Round Robin,159.35,232.02,31.32,90.11,19.9
96,1161,886,Round Robin,217.23,412.61,47.35,94.69,12.09
73,796,568,Round Robin,112.84,256.82,56.06,86.23,10.9
12,1305,396,QoS Aware Heuristic,397.37,482.16,17.59,95.33,108.75
29,1080,696,Bin Packing,203.49,304.17,33.1,63.56,37.24
95,1877,700,Round Robin,149.7,394.99,62.1,87.18,19.76
50,599,141,FCFS,379.65,470.02,19.23,63.55,11.98
91,1025,731,Reinforcement Learning,437.17,565.27,22.66,89.96,11.26
34,1125,378,Round Robin,107.95,229.17,52.9,85.14,33.09
51,1728,558,FCFS,193.44,255.6,24.32,60.64,33.88
91,991,132,QoS Aware Heuristic,478.09,643.63,25.72,83.97,10.89
53,968,375,FCFS,254.1,495.58,48.73,65.85,18.26
51,1469,764,FCFS,475.44,530.98,10.46,65.7,28.8
88,1294,189,QoS Aware Heuristic,209.69,287.83,27.15,66.02,14.7
86,1501,715,QoS Aware Heuristic,187.23,417.28,55.13,79.35,17.45
22,1825,623,Reinforcement Learning,185.64,384.04,51.66,64.62,82.95
70,1216,259,Round Robin,134.09,362.9,63.05,65.03,17.37
72,1934,557,FCFS,458.57,566.1,18.99,70.25,26.86
98,412,807,Bin Packing,491.93,742.87,33.78,60.03,4.2
37,431,498,Bin Packing,481.8,651.77,26.08,71.03,11.65
40,1634,918,Reinforcement Learning,440.81,643.39,31.49,84.74,40.85
86,1350,873,Bin Packing,438.76,511.8,14.27,84.06,15.7
23,320,190,Reinforcement Learning,364.43,465.69,21.74,98.78,13.91
32,1087,808,Round Robin,430.49,673.83,36.11,64.79,33.97
44,347,680,Reinforcement Learning,183.34,289.32,36.63,94.62,7.89
88,1053,565,QoS Aware Heuristic,255.17,328.3,22.28,75.65,11.97
80,1537,319,QoS Aware Heuristic,356.33,555.63,35.87,75.48,19.21
19,1600,518,QoS Aware Heuristic,449.91,636.89,29.36,73.95,84.21
45,283,478,QoS Aware Heuristic,364.19,566.16,35.67,64.99,6.29
43,624,825,QoS Aware Heuristic,435.61,640.19,31.96,79.14,14.51
6,1781,546,QoS Aware Heuristic,289.58,464.63,37.68,91.5,296.83
67,76,245,QoS Aware Heuristic,386.92,560.36,30.95,95.02,1.13
33,1544,332,QoS Aware Heuristic,491.99,773.03,36.36,98.51,46.79
78,142,470,QoS Aware Heuristic,161.4,344.87,53.2,91.41,1.82
70,666,333,Round Robin,470.77,675.1,30.27,84.92,9.51
55,358,825,QoS Aware Heuristic,308.95,425.69,27.42,79.9,6.51
79,101,466,Reinforcement Learning,357.29,625.06,42.84,95.0,1.28
81,368,580,Round Robin,451.15,507.24,11.06,89.58,4.54
14,230,672,Bin Packing,263.86,453.17,41.77,66.45,16.43
18,1642,462,FCFS,267.48,413.44,35.3,87.3,91.22
86,1193,689,Round Robin,310.87,511.85,39.27,77.24,13.87
55,1893,610,QoS Aware Heuristic,107.64,247.68,56.54,83.83,34.42
77,924,194,Round Robin,298.67,528.09,43.44,95.93,12.0
43,1116,941,FCFS,216.43,271.51,20.29,86.1,25.95
32,696,315,FCFS,471.18,622.65,24.33,97.55,21.75
7,1958,824,QoS Aware Heuristic,135.09,392.91,65.62,94.65,279.71
88,1333,915,QoS Aware Heuristic,283.73,396.28,28.4,65.16,15.15
74,246,811,Reinforcement Learning,478.99,542.18,11.65,60.47,3.32
31,694,963,FCFS,460.41,634.54,27.44,75.38,22.39
6,1020,642,QoS Aware Heuristic,380.54,674.67,43.6,94.61,170.0
97,304,901,FCFS,335.74,401.78,16.44,69.21,3.13
42,781,954,Reinforcement Learning,212.29,279.8,24.13,87.66,18.6
7,385,234,Bin Packing,246.78,445.56,44.61,79.04,55.0
20,1626,182,FCFS,136.05,248.57,45.27,89.84,81.3
98,1575,490,Reinforcement Learning,414.44,567.0,26.91,66.6,16.07
44,1039,146,Reinforcement Learning,229.55,487.18,52.88,69.56,23.61
6,949,491,Reinforcement Learning,367.11,466.82,21.36,69.7,158.17
85,1328,817,Round Robin,243.04,472.86,48.6,81.94,15.62
45,563,484,QoS Aware Heuristic,285.73,461.85,38.13,71.58,12.51
16,1780,480,FCFS,322.0,598.24,46.18,92.47,111.25
39,291,176,Round Robin,420.74,713.98,41.07,73.87,7.46
69,198,358,FCFS,184.46,355.7,48.14,86.43,2.87
59,1783,703,Round Robin,259.51,455.67,43.05,97.94,30.22
49,1372,498,QoS Aware Heuristic,152.03,388.49,60.87,84.28,28.0
83,806,199,Reinforcement Learning,130.3,259.97,49.88,69.69,9.71
94,1923,600,FCFS,341.87,448.56,23.79,93.22,20.46
89,669,482,Reinforcement Learning,175.64,466.81,62.37,60.5,7.52
66,502,806,QoS Aware Heuristic,123.92,282.07,56.07,70.26,7.61
53,1466,291,FCFS,458.84,509.24,9.9,75.5,27.66
99,261,679,Bin Packing,313.73,573.16,45.26,67.84,2.64
29,717,853,Bin Packing,153.85,353.77,56.51,84.16,24.72
27,1611,701,Bin Packing,121.37,213.51,43.15,82.32,59.67
28,643,444,QoS Aware Heuristic,147.94,205.47,28.0,76.26,22.96
42,1668,109,Bin Packing,288.53,411.4,29.87,71.78,39.71
32,180,363,FCFS,367.39,649.36,43.42,77.36,5.62
25,1402,367,Bin Packing,356.51,639.88,44.28,71.65,56.08
58,661,931,FCFS,157.77,285.52,44.74,68.85,11.4
22,305,729,QoS Aware Heuristic,353.4,612.38,42.29,74.05,13.86
40,1552,861,Reinforcement Learning,261.95,422.41,37.99,84.09,38.8
49,610,670,Round Robin,285.9,499.49,42.76,85.94,12.45
77,1986,294,Bin Packing,420.57,554.18,24.11,71.89,25.79
57,112,661,Round Robin,233.0,411.99,43.45,97.9,1.96
34,1384,506,Reinforcement Learning,158.8,282.24,43.74,70.48,40.71
64,456,395,QoS Aware Heuristic,449.38,514.66,12.68,88.49,7.12
36,851,989,QoS Aware Heuristic,184.85,269.69,31.46,63.26,23.64
71,1178,196,Reinforcement Learning,217.61,340.28,36.05,86.59,16.59
71,1690,561,Round Robin,382.64,676.7,43.46,78.4,23.8
32,1910,738,Bin Packing,373.42,664.84,43.83,82.76,59.69
48,64,857,FCFS,420.16,677.08,37.95,67.36,1.33
83,1760,186,QoS Aware Heuristic,173.55,281.68,38.39,77.34,21.2
45,308,176,Reinforcement Learning,240.91,401.31,39.97,90.65,6.84
67,772,988,Round Robin,150.35,310.3,51.55,90.68,11.52
27,1485,815,Bin Packing,316.42,463.16,31.68,69.5,55.0
79,1332,582,Round Robin,217.03,278.25,22.0,74.1,16.86
52,663,245,Bin Packing,375.57,559.2,32.84,60.15,12.75
36,1333,760,FCFS,100.14,168.34,40.51,63.6,37.03
61,1929,210,FCFS,123.87,374.35,66.91,65.07,31.62
37,1744,740,Reinforcement Learning,273.02,495.85,44.94,71.75,47.14
28,1118,864,Reinforcement Learning,483.27,621.45,22.24,90.36,39.93
43,862,777,Bin Packing,456.34,668.12,31.7,80.41,20.05
38,1836,396,Bin Packing,497.6,605.86,17.87,91.7,48.32
60,380,525,Bin Packing,266.73,383.04,30.36,90.2,6.33
32,214,748,Bin Packing,118.63,247.16,52.0,83.49,6.69
41,1266,890,FCFS,222.38,471.63,52.85,79.99,30.88
11,1594,433,Reinforcement Learning,370.31,472.98,21.71,97.25,144.91
72,1474,622,Reinforcement Learning,154.07,344.77,55.31,82.77,20.47
41,1447,682,QoS Aware Heuristic,219.99,320.11,31.28,79.31,35.29
60,1138,770,Reinforcement Learning,122.47,243.73,49.75,94.76,18.97
69,436,827,Reinforcement Learning,289.99,398.86,27.3,62.86,6.32
69,1568,637,Round Robin,183.57,394.82,53.51,86.24,22.72
51,1867,897,Round Robin,136.5,318.18,57.1,64.52,36.61
24,1766,261,QoS Aware Heuristic,264.49,494.81,46.55,92.79,73.58
23,1488,529,Bin Packing,240.49,345.48,30.39,91.71,64.7
33,1867,713,QoS Aware Heuristic,315.01,367.3,14.24,80.14,56.58
78,1864,168,QoS Aware Heuristic,399.62,619.75,35.52,86.44,23.9
64,1103,232,FCFS,145.03,223.74,35.18,90.9,17.23
22,1339,288,Reinforcement Learning,416.45,528.03,21.13,79.33,60.86
96,377,822,FCFS,110.52,236.94,53.36,96.24,3.93
39,1565,854,Reinforcement Learning,277.24,513.94,46.06,77.48,40.13
47,1290,777,QoS Aware Heuristic,334.97,541.44,38.13,95.68,27.45
99,369,672,Reinforcement Learning,482.8,578.87,16.6,83.31,3.73
95,1991,973,Bin Packing,329.57,529.04,37.7,77.05,20.96
15,448,378,Bin Packing,163.5,390.54,58.13,60.16,29.87
53,1964,529,QoS Aware Heuristic,307.02,454.24,32.41,71.82,37.06
42,154,724,Round Robin,258.31,369.8,30.15,94.72,3.67
68,745,641,Bin Packing,291.74,511.49,42.96,77.15,10.96
73,1066,934,QoS Aware Heuristic,178.84,381.56,53.13,76.86,14.6
12,379,260,FCFS,300.33,369.81,18.79,79.58,31.58
38,709,845,Round Robin,160.02,376.69,57.52,71.45,18.66
52,1690,998,Bin Packing,397.62,569.75,30.21,79.66,32.5
60,1120,552,QoS Aware Heuristic,337.56,575.9,41.39,75.03,18.67
80,648,988,QoS Aware Heuristic,131.41,229.09,42.64,96.38,8.1
69,870,950,FCFS,455.85,570.4,20.08,82.56,12.61
35,690,269,FCFS,346.55,532.38,34.91,93.37,19.71
8,1843,929,Round Robin,226.44,396.87,42.94,87.47,230.38
54,363,797,Bin Packing,118.26,264.85,55.35,68.5,6.72
73,1220,156,QoS Aware Heuristic,352.89,589.4,40.13,94.71,16.71
34,511,339,Round Robin,249.38,440.57,43.4,63.49,15.03
92,1657,868,Round Robin,463.05,690.62,32.95,77.95,18.01
63,535,457,FCFS,113.95,202.26,43.66,69.57,8.49
71,1725,300,QoS Aware Heuristic,115.64,347.89,66.76,81.5,24.3
79,459,543,Reinforcement Learning,479.72,645.1,25.64,72.0,5.81
49,76,936,FCFS,485.95,544.39,10.73,88.91,1.55
8,1102,926,QoS Aware Heuristic,111.1,219.72,49.44,97.48,137.75
30,320,401,Round Robin,386.41,442.85,12.74,88.36,10.67
31,735,205,Round Robin,188.6,352.82,46.54,74.21,23.71
50,550,901,Bin Packing,380.56,512.03,25.68,84.0,11.0
68,1326,200,Reinforcement Learning,447.49,744.35,39.88,95.54,19.5
95,434,196,FCFS,140.33,407.46,65.56,70.8,4.57
55,109,764,Bin Packing,195.51,451.93,56.74,64.73,1.98
54,1180,128,Bin Packing,109.63,284.91,61.52,65.23,21.85
10,269,605,Reinforcement Learning,117.53,369.3,68.17,79.79,26.9
63,1514,764,FCFS,111.85,228.57,51.07,89.29,24.03
19,820,537,FCFS,420.27,610.43,31.15,86.29,43.16
34,1956,478,Round Robin,219.32,367.55,40.33,78.16,57.53
46,1731,172,FCFS,297.28,390.12,23.8,89.17,37.63
41,613,353,Bin Packing,415.14,483.29,14.1,85.36,14.95
46,1645,615,Round Robin,297.98,487.53,38.88,85.13,35.76
39,595,848,FCFS,271.68,346.09,21.5,68.1,15.26
91,145,649,Reinforcement Learning,104.63,334.13,68.69,72.5,1.59
10,1038,119,Bin Packing,327.22,607.59,46.14,73.78,103.8
72,1162,724,QoS Aware Heuristic,149.9,240.43,37.65,92.33,16.14
22,877,634,Reinforcement Learning,405.86,573.59,29.24,91.0,39.86
77,1995,520,Reinforcement Learning,203.1,437.79,53.61,70.11,25.91
33,280,545,FCFS,369.67,491.38,24.77,62.21,8.48
81,1017,978,Round Robin,358.49,638.68,43.87,90.71,12.56
63,324,235,Round Robin,346.67,618.79,43.98,76.39,5.14
51,295,604,Bin Packing,206.78,282.72,26.86,68.79,5.78
21,160,859,FCFS,206.84,263.69,21.56,64.68,7.62
26,283,400,Round Robin,445.22,739.33,39.78,60.51,10.88
72,1351,708,QoS Aware Heuristic,105.12,394.24,73.34,77.11,18.76
73,1550,132,FCFS,172.61,328.18,47.4,73.59,21.23
41,466,746,FCFS,344.07,406.71,15.4,87.86,11.37
53,727,866,Round Robin,426.82,631.54,32.42,99.07,13.72
17,1201,377,Reinforcement Learning,243.34,366.69,33.64,68.27,70.65
38,1310,232,FCFS,361.38,645.56,44.02,69.72,34.47
90,852,849,Reinforcement Learning,322.86,571.53,43.51,73.49,9.47
57,668,626,Bin Packing,125.82,338.22,62.8,78.64,11.72
91,1201,888,Bin Packing,348.7,469.83,25.78,87.91,13.2
55,756,225,Round Robin,425.56,650.88,34.62,74.08,13.75
7,900,444,Bin Packing,496.98,619.27,19.75,64.17,128.57
46,1467,116,Round Robin,111.86,171.27,34.69,89.21,31.89
36,524,923,Round Robin,364.02,541.13,32.73,91.79,14.56
55,704,661,Reinforcement Learning,265.82,437.99,39.31,69.91,12.8
89,444,746,Reinforcement Learning,103.92,344.67,69.85,65.47,4.99
50,160,729,Bin Packing,345.74,612.16,43.52,81.11,3.2
25,139,477,Reinforcement Learning,148.97,287.59,48.2,68.33,5.56
48,812,917,FCFS,251.43,413.8,39.24,74.97,16.92
15,1353,159,QoS Aware Heuristic,204.55,372.15,45.04,91.09,90.2
72,1406,736,FCFS,244.47,375.53,34.9,68.78,19.53
5,1297,566,FCFS,297.08,532.93,44.26,92.25,259.4
96,1174,727,Round Robin,243.68,424.21,42.56,86.96,12.23
67,181,490,QoS Aware Heuristic,321.09,599.58,46.45,68.79,2.7
28,1086,784,Round Robin,195.46,408.04,52.1,81.06,38.79
17,506,286,Reinforcement Learning,354.14,457.11,22.53,84.56,29.76
15,1514,597,Reinforcement Learning,441.51,532.71,17.12,68.01,100.93
55,147,699,QoS Aware Heuristic,189.63,332.73,43.01,65.8,2.67
21,1193,814,Bin Packing,303.15,439.88,31.08,81.25,56.81
86,342,460,Reinforcement Learning,359.48,511.26,29.69,87.75,3.98
90,1889,922,FCFS,325.85,421.75,22.74,78.6,20.99
28,1784,931,QoS Aware Heuristic,246.26,540.82,54.47,62.8,63.71
23,1074,548,QoS Aware Heuristic,356.88,443.31,19.5,97.01,46.7
41,621,793,Reinforcement Learning,111.3,324.46,65.7,87.8,15.15
89,299,963,Reinforcement Learning,247.96,301.23,17.68,84.85,3.36
12,701,779,Round Robin,313.04,464.78,32.65,85.75,58.42
32,198,280,Round Robin,108.25,235.55,54.04,75.94,6.19
9,1468,911,FCFS,303.06,448.57,32.44,99.38,163.11
21,93,229,QoS Aware Heuristic,361.7,536.22,32.55,65.31,4.43
40,1956,248,Bin Packing,403.68,603.77,33.14,89.57,48.9
23,1771,571,Bin Packing,145.35,341.23,57.4,76.84,77.0
68,1693,917,QoS Aware Heuristic,496.23,703.91,29.5,95.24,24.9
95,1117,820,FCFS,342.47,603.61,43.26,88.69,11.76
15,1151,722,Round Robin,245.28,516.96,52.55,82.49,76.73
58,1299,599,Round Robin,199.64,433.95,53.99,97.51,22.4
49,211,748,Round Robin,329.16,398.9,17.48,96.5,4.31
51,1866,454,Bin Packing,452.68,743.0,39.07,62.09,36.59
16,302,310,Bin Packing,308.23,595.08,48.2,67.7,18.88
25,181,757,FCFS,364.59,592.52,38.47,87.04,7.24
15,1521,695,Bin Packing,243.08,422.44,42.46,96.87,101.4
96,1957,129,Reinforcement Learning,255.26,367.91,30.62,77.21,20.39
9,1960,676,Bin Packing,214.47,453.56,52.71,61.53,217.78
85,523,123,Round Robin,382.25,651.72,41.35,85.73,6.15
60,1729,822,FCFS,243.68,459.98,47.02,67.79,28.82
24,1851,321,QoS Aware Heuristic,176.29,383.56,54.04,82.09,77.12
45,1182,701,QoS Aware Heuristic,247.76,346.01,28.4,75.39,26.27
50,755,717,FCFS,441.53,580.98,24.0,82.32,15.1
16,1108,783,Reinforcement Learning,395.3,626.08,36.86,97.3,69.25
74,1540,841,QoS Aware Heuristic,233.86,288.08,18.82,79.43,20.81
21,1975,688,Round Robin,462.72,673.04,31.25,61.38,94.05
23,324,679,QoS Aware Heuristic,129.93,371.6,65.03,83.24,14.09
30,236,976,QoS Aware Heuristic,119.9,253.58,52.72,73.03,7.87
52,998,500,Round Robin,150.99,220.03,31.38,91.13,19.19
56,292,964,Bin Packing,146.58,401.36,63.48,78.8,5.21
74,313,703,Reinforcement Learning,135.13,220.59,38.74,89.65,4.23
59,571,611,Round Robin,364.54,507.24,28.13,96.35,9.68
79,1012,187,Round Robin,340.34,567.15,39.99,74.49,12.81
37,1751,564,FCFS,359.04,613.29,41.46,99.58,47.32
66,1614,149,Reinforcement Learning,375.35,640.95,41.44,65.99,24.45
92,832,202,Bin Packing,402.75,585.35,31.2,85.76,9.04
27,1160,467,Round Robin,182.87,351.84,48.02,61.39,42.96
19,584,591,Bin Packing,348.92,611.0,42.89,68.52,30.74
31,259,657,Round Robin,332.02,522.79,36.49,85.35,8.35
79,95,790,Round Robin,477.46,672.12,28.96,61.85,1.2
68,1540,878,FCFS,192.95,351.44,45.1,64.07,22.65
85,1613,367,QoS Aware Heuristic,123.49,266.69,53.7,71.64,18.98
55,75,496,Reinforcement Learning,361.4,531.54,32.01,83.03,1.36
57,1339,419,FCFS,396.07,537.28,26.28,60.64,23.49
82,224,619,Bin Packing,213.28,349.17,38.92,79.29,2.73
95,1589,548,Round Robin,328.34,626.76,47.61,85.03,16.73
86,1384,876,Round Robin,123.81,257.86,51.99,76.1,16.09
96,371,575,Reinforcement Learning,484.02,598.12,19.08,62.71,3.86
55,1652,997,FCFS,143.97,282.45,49.03,84.43,30.04
51,1208,689,FCFS,127.03,324.73,60.88,84.23,23.69
8,104,339,Bin Packing,117.64,395.39,70.25,80.24,13.0
11,1616,357,FCFS,270.91,517.88,47.69,87.73,146.91
39,1659,807,FCFS,138.86,399.42,65.23,68.31,42.54
52,1604,941,QoS Aware Heuristic,397.86,662.61,39.96,87.14,30.85
77,1229,742,Reinforcement Learning,459.55,739.68,37.87,66.46,15.96
76,1922,489,FCFS,204.09,312.86,34.77,75.71,25.29
49,717,442,Bin Packing,351.51,516.1,31.89,62.7,14.63
85,196,872,Round Robin,116.94,263.24,55.58,92.77,2.31
85,1558,853,FCFS,254.63,400.1,36.36,81.53,18.33
76,648,486,FCFS,217.18,430.25,49.52,98.84,8.53
23,69,493,Round Robin,191.45,341.9,44.0,97.69,3.0
67,1342,782,QoS Aware Heuristic,357.89,561.97,36.32,99.94,20.03
42,382,758,Reinforcement Learning,152.09,297.66,48.9,64.05,9.1
71,1628,369,QoS Aware Heuristic,444.28,572.06,22.34,84.26,22.93
63,956,248,Bin Packing,365.93,504.2,27.42,76.3,15.17
73,993,479,FCFS,384.29,635.23,39.5,81.31,13.6
17,960,910,QoS Aware Heuristic,474.14,674.4,29.69,72.35,56.47
51,450,127,Reinforcement Learning,476.95,770.45,38.09,61.92,8.82
65,999,248,Bin Packing,320.66,578.82,44.6,88.31,15.37
35,1379,519,QoS Aware Heuristic,298.15,469.6,36.51,98.63,39.4
84,77,379,FCFS,234.15,344.74,32.08,81.3,0.92
26,516,281,Reinforcement Learning,386.23,604.71,36.13,73.18,19.85
97,1333,265,FCFS,315.28,546.94,42.36,97.53,13.74
90,1607,116,FCFS,473.15,639.19,25.98,74.59,17.86
47,1031,249,Bin Packing,195.45,302.93,35.48,96.58,21.94
71,1960,438,Reinforcement Learning,224.1,413.41,45.79,94.23,27.61
58,150,144,Round Robin,226.44,339.9,33.38,81.15,2.59
14,600,601,FCFS,422.4,707.4,40.29,87.07,42.86
46,851,941,Reinforcement Learning,139.62,346.84,59.75,88.01,18.5
68,402,288,FCFS,282.26,405.24,30.35,85.64,5.91
25,1373,750,QoS Aware Heuristic,271.03,374.96,27.72,66.43,54.92
84,1755,160,QoS Aware Heuristic,129.26,358.44,63.94,87.71,20.89
80,345,393,Reinforcement Learning,264.32,491.27,46.2,60.13,4.31
70,402,933,Bin Packing,305.35,504.63,39.49,88.4,5.74
45,957,132,Round Robin,126.04,329.62,61.76,82.19,21.27
28,1203,398,QoS Aware Heuristic,303.94,504.91,39.8,70.39,42.96
39,1068,514,Bin Packing,483.7,623.73,22.45,92.15,27.38
60,1229,723,Round Robin,491.57,775.92,36.65,76.21,20.48
34,1147,902,QoS Aware Heuristic,312.67,482.49,35.2,79.43,33.74
61,1415,648,Round Robin,306.04,361.12,15.25,61.11,23.2
98,1538,530,FCFS,214.2,351.29,39.02,76.05,15.69
51,1163,594,Reinforcement Learning,498.85,581.42,14.2,66.69,22.8
39,1652,199,QoS Aware Heuristic,209.69,350.54,40.18,71.05,42.36
23,504,122,QoS Aware Heuristic,281.16,483.23,41.82,70.09,21.91
12,1821,519,FCFS,101.17,156.84,35.49,61.84,151.75
30,761,523,QoS Aware Heuristic,239.69,507.24,52.75,78.42,25.37
75,1029,586,QoS Aware Heuristic,128.58,331.16,61.17,80.9,13.72
34,1405,829,QoS Aware Heuristic,397.53,521.37,23.75,82.84,41.32
11,788,188,QoS Aware Heuristic,324.41,452.21,28.26,78.49,71.64
71,1026,308,QoS Aware Heuristic,328.87,495.29,33.6,94.78,14.45
69,1421,370,Bin Packing,214.6,326.62,34.3,61.51,20.59
40,282,848,QoS Aware Heuristic,425.96,477.05,10.71,84.55,7.05
29,1851,999,FCFS,101.31,157.95,35.86,94.65,63.83
41,1671,505,QoS Aware Heuristic,233.44,372.88,37.4,61.64,40.76
5,1073,820,Round Robin,363.8,444.86,18.22,79.85,214.6
19,151,377,Round Robin,463.17,518.76,10.72,83.56,7.95
41,1002,305,FCFS,193.85,458.67,57.74,67.64,24.44
17,530,689,Bin Packing,316.44,434.97,27.25,70.1,31.18
12,1287,427,FCFS,315.2,490.98,35.8,91.42,107.25
9,157,709,Bin Packing,449.67,544.52,17.42,82.7,17.44
64,1238,957,Reinforcement Learning,120.21,181.89,33.91,72.63,19.34
77,1022,976,Round Robin,269.79,506.01,46.68,90.59,13.27
5,1676,961,Round Robin,172.99,254.23,31.96,89.87,335.2
40,753,435,Round Robin,108.61,165.04,34.19,73.82,18.82
39,384,705,Bin Packing,158.81,355.62,55.34,79.55,9.85
70,135,691,FCFS,490.59,543.96,9.81,86.58,1.93
67,783,137,Bin Packing,185.94,345.01,46.11,73.73,11.69
27,924,327,Round Robin,474.01,596.22,20.5,85.16,34.22
13,1497,582,Round Robin,182.1,311.95,41.63,70.04,115.15
38,1686,233,Round Robin,472.52,523.49,9.74,71.68,44.37
50,1811,807,Round Robin,361.85,652.94,44.58,72.43,36.22
82,413,489,Reinforcement Learning,145.29,324.53,55.23,97.44,5.04
8,109,893,Round Robin,332.77,525.9,36.72,93.35,13.62
34,1555,712,Bin Packing,227.41,443.94,48.77,82.61,45.74
99,1323,524,Round Robin,253.26,502.64,49.61,82.55,13.36
79,609,686,QoS Aware Heuristic,276.07,478.05,42.25,62.25,7.71
76,166,905,Reinforcement Learning,269.08,509.63,47.2,85.98,2.18
7,1812,609,Round Robin,365.64,527.82,30.73,73.12,258.86
18,923,819,QoS Aware Heuristic,407.35,550.17,25.96,84.49,51.28
64,964,694,Bin Packing,231.67,487.45,52.47,93.61,15.06
81,1017,526,Reinforcement Learning,469.75,736.08,36.18,61.82,12.56
49,1048,754,Round Robin,475.39,559.84,15.08,84.28,21.39
38,1618,573,Bin Packing,116.28,301.95,61.49,82.57,42.58
49,93,667,QoS Aware Heuristic,105.96,326.87,67.58,68.27,1.9
65,558,460,Reinforcement Learning,270.03,340.93,20.8,85.86,8.58
87,1238,898,Round Robin,336.26,618.66,45.65,82.19,14.23
20,1441,310,Bin Packing,211.16,391.19,46.02,90.69,72.05
70,1930,278,Reinforcement Learning,203.77,415.13,50.91,64.42,27.57
44,1365,157,QoS Aware Heuristic,371.33,465.89,20.3,77.74,31.02
21,898,172,Round Robin,340.68,456.79,25.42,99.92,42.76
38,1929,314,Reinforcement Learning,166.86,247.11,32.48,87.57,50.76
20,966,999,QoS Aware Heuristic,453.8,569.8,20.36,87.37,48.3
64,947,877,QoS Aware Heuristic,371.99,545.09,31.76,72.71,14.8
70,848,172,Bin Packing,245.03,503.44,51.33,63.76,12.11
70,925,566,QoS Aware Heuristic,373.45,556.88,32.94,97.98,13.21
94,1810,370,QoS Aware Heuristic,145.06,256.18,43.38,64.22,19.26
17,335,598,FCFS,287.3,348.46,17.55,99.71,19.71
60,1277,453,QoS Aware Heuristic,167.59,373.08,55.08,65.03,21.28
35,733,333,Round Robin,116.57,271.61,57.08,66.84,20.94
38,1597,418,Reinforcement Learning,235.33,531.42,55.72,72.33,42.03
43,868,118,Round Robin,160.29,405.23,60.44,80.5,20.19
71,170,724,Round Robin,353.41,605.5,41.63,91.62,2.39
12,994,674,Bin Packing,369.63,422.69,12.55,98.84,82.83
91,1829,471,FCFS,159.48,403.93,60.52,74.35,20.1
82,1737,283,FCFS,109.85,208.5,47.31,60.82,21.18
59,1737,376,Round Robin,417.12,613.57,32.02,84.67,29.44
31,1067,773,Reinforcement Learning,100.82,262.68,61.62,88.43,34.42
97,1261,854,FCFS,237.57,430.47,44.81,75.9,13.0
57,956,244,FCFS,297.83,381.19,21.87,67.34,16.77
43,62,757,Round Robin,427.46,591.68,27.75,72.24,1.44
69,652,180,FCFS,435.42,494.66,11.98,86.23,9.45
21,249,421,Bin Packing,389.98,450.23,13.38,79.77,11.86
34,635,534,Round Robin,198.88,413.31,51.88,89.74,18.68
57,1841,932,FCFS,388.07,675.99,42.59,68.73,32.3
17,1529,142,FCFS,198.62,442.97,55.16,93.68,89.94
25,497,412,FCFS,185.84,353.13,47.37,66.24,19.88
23,1861,392,Round Robin,318.85,382.82,16.71,73.2,80.91
57,1913,787,Reinforcement Learning,371.54,432.8,14.15,83.65,33.56
23,890,987,QoS Aware Heuristic,121.22,210.69,42.47,89.47,38.7
61,1144,168,FCFS,124.01,417.96,70.33,70.65,18.75
29,639,155,QoS Aware Heuristic,413.67,563.34,26.57,97.92,22.03
90,1869,730,QoS Aware Heuristic,443.8,704.65,37.02,88.24,20.77
35,1203,303,FCFS,341.78,568.07,39.83,68.71,34.37
85,938,519,FCFS,271.53,472.89,42.58,89.03,11.04
59,92,666,QoS Aware Heuristic,438.13,725.09,39.58,87.85,1.56
27,569,649,Reinforcement Learning,391.53,499.13,21.56,90.11,21.07
36,1086,342,QoS Aware Heuristic,331.84,495.56,33.04,96.64,30.17
66,774,300,Reinforcement Learning,227.9,494.08,53.87,88.47,11.73
78,672,847,Bin Packing,179.2,367.14,51.19,74.08,8.62
14,1037,573,Reinforcement Learning,267.47,379.08,29.44,91.62,74.07
76,852,626,Round Robin,214.73,316.96,32.25,87.83,11.21
58,584,755,FCFS,235.7,473.92,50.27,82.97,10.07
56,351,176,Bin Packing,306.25,359.45,14.8,74.15,6.27
24,1839,577,QoS Aware Heuristic,167.64,446.19,62.43,96.84,76.62
36,576,920,Reinforcement Learning,422.47,477.07,11.44,80.51,16.0
18,1715,539,Bin Packing,158.21,365.96,56.77,85.12,95.28
54,1646,362,Round Robin,292.4,493.59,40.76,76.61,30.48
32,1188,284,Reinforcement Learning,398.39,592.99,32.82,91.23,37.12
57,509,154,QoS Aware Heuristic,294.01,462.6,36.44,73.64,8.93
28,881,407,QoS Aware Heuristic,244.41,507.52,51.84,92.43,31.46
83,554,615,Reinforcement Learning,289.96,504.79,42.56,64.32,6.67
26,1381,398,Round Robin,439.47,684.94,35.84,88.36,53.12
34,981,651,FCFS,496.17,575.05,13.72,79.08,28.85
67,374,329,FCFS,352.46,414.93,15.06,87.95,5.58
8,628,476,QoS Aware Heuristic,417.38,474.51,12.04,81.26,78.5
81,810,385,Round Robin,105.8,192.6,45.07,65.37,10.0
63,1248,237,QoS Aware Heuristic,452.15,668.9,32.4,79.08,19.81
91,900,577,FCFS,481.62,655.13,26.48,98.58,9.89
12,1587,714,QoS Aware Heuristic,330.07,568.13,41.9,90.19,132.25
86,1245,106,Reinforcement Learning,401.52,499.45,19.61,72.01,14.48
16,1009,775,Reinforcement Learning,305.1,446.84,31.72,97.76,63.06
35,551,518,Round Robin,214.48,486.6,55.92,91.16,15.74
82,383,571,FCFS,440.9,724.83,39.17,74.58,4.67
38,333,519,Round Robin,338.73,619.16,45.29,84.14,8.76
86,524,976,Round Robin,331.75,586.33,43.42,77.07,6.09
79,1127,375,FCFS,363.65,585.71,37.91,63.87,14.27
80,1531,660,Bin Packing,442.4,720.82,38.63,92.24,19.14
53,1652,707,Bin Packing,392.76,621.31,36.79,67.64,31.17
83,1493,670,QoS Aware Heuristic,184.45,472.93,61.0,78.32,17.99
61,1687,842,Bin Packing,286.73,342.93,16.39,88.11,27.66
99,681,788,Reinforcement Learning,492.12,772.53,36.3,97.29,6.88
97,752,189,Round Robin,321.82,510.76,36.99,62.51,7.75
30,458,381,QoS Aware Heuristic,475.3,553.25,14.09,75.73,15.27
22,1031,647,Round Robin,425.35,529.08,19.61,84.59,46.86
90,1377,270,FCFS,366.41,629.45,41.79,91.17,15.3
42,608,737,Bin Packing,239.75,416.28,42.41,96.84,14.48
85,271,910,FCFS,221.73,517.43,57.15,60.02,3.19
91,1606,454,QoS Aware Heuristic,357.37,436.75,18.18,85.11,17.65
92,207,303,Reinforcement Learning,273.02,426.15,35.93,60.28,2.25
54,397,388,Bin Packing,419.5,552.47,24.07,91.49,7.35
12,1232,967,FCFS,404.18,583.21,30.7,65.99,102.67
45,938,561,Bin Packing,224.85,433.21,48.1,95.78,20.84
10,1957,708,Round Robin,381.09,596.5,36.11,66.2,195.7
73,971,849,Reinforcement Learning,297.82,348.14,14.45,90.57,13.3
48,1308,272,Bin Packing,229.32,301.56,23.96,71.57,27.25
68,711,400,Reinforcement Learning,265.19,323.96,18.14,82.29,10.46
33,454,699,Round Robin,458.14,724.29,36.75,84.34,13.76
32,1330,962,Round Robin,243.81,372.13,34.48,68.27,41.56
15,726,628,FCFS,214.96,356.73,39.74,71.95,48.4
69,638,239,QoS Aware Heuristic,240.72,403.31,40.31,64.3,9.25
23,1670,865,FCFS,185.85,448.18,58.53,60.21,72.61
13,607,377,Reinforcement Learning,317.85,371.39,14.42,69.58,46.69
31,954,762,FCFS,158.97,238.62,33.38,80.64,30.77
38,1986,610,Bin Packing,426.98,648.27,34.14,88.54,52.26
48,1120,445,FCFS,190.23,481.2,60.47,91.74,23.33
72,1286,945,QoS Aware Heuristic,339.22,549.92,38.31,62.79,17.86
86,528,239,QoS Aware Heuristic,150.01,265.29,43.45,70.9,6.14
19,536,213,Reinforcement Learning,491.38,671.35,26.81,90.81,28.21
55,1644,679,Round Robin,281.83,575.58,51.04,79.23,29.89
17,615,606,QoS Aware Heuristic,428.87,610.89,29.8,67.29,36.18
87,1415,465,Reinforcement Learning,407.46,550.84,26.03,75.69,16.26
53,573,790,QoS Aware Heuristic,385.48,531.34,27.45,70.8,10.81
74,753,736,QoS Aware Heuristic,430.95,722.71,40.37,62.03,10.18
60,1576,496,Round Robin,140.19,369.92,62.1,90.55,26.27
80,1079,924,Bin Packing,371.4,593.19,37.39,71.67,13.49
55,870,922,Reinforcement Learning,206.33,314.34,34.36,97.81,15.82
41,1217,949,QoS Aware Heuristic,414.35,604.22,31.42,95.53,29.68
21,907,974,QoS Aware Heuristic,482.75,621.94,22.38,88.65,43.19
62,1334,969,FCFS,460.6,570.65,19.29,73.07,21.52
91,634,844,Bin Packing,145.98,419.87,65.23,71.2,6.97
94,735,758,Round Robin,247.82,393.61,37.04,79.01,7.82
33,281,210,Reinforcement Learning,245.73,366.43,32.94,74.18,8.52
37,319,974,QoS Aware Heuristic,148.92,431.85,65.52,96.05,8.62
64,989,457,Reinforcement Learning,139.25,238.59,41.64,64.94,15.45
95,1520,337,Round Robin,253.96,490.34,48.21,88.98,16.0
93,923,102,Bin Packing,496.83,710.02,30.03,84.44,9.92
59,1295,822,FCFS,327.58,607.7,46.1,92.25,21.95
14,101,503,Bin Packing,348.71,606.72,42.53,81.7,7.21
51,165,124,FCFS,288.41,514.73,43.97,85.18,3.24
27,587,942,Reinforcement Learning,364.93,493.57,26.06,98.51,21.74
89,1638,608,Bin Packing,482.66,656.55,26.49,63.68,18.4
25,1950,795,Bin Packing,335.48,621.6,46.03,64.19,78.0
17,590,564,Bin Packing,126.02,181.82,30.69,75.74,34.71
37,1092,160,Round Robin,297.16,545.74,45.55,78.91,29.51
28,864,607,Reinforcement Learning,497.1,610.05,18.51,67.99,30.86
15,1465,222,FCFS,254.96,351.21,27.41,63.31,97.67
21,840,596,Bin Packing,337.55,445.61,24.25,60.89,40.0
72,1702,154,Reinforcement Learning,142.65,207.59,31.28,90.58,23.64
51,667,262,Round Robin,156.47,454.46,65.57,79.4,13.08
29,468,798,Round Robin,449.87,717.34,37.29,93.74,16.14
98,358,138,Reinforcement Learning,220.14,400.4,45.02,74.43,3.65
77,1812,796,FCFS,222.18,450.96,50.73,88.14,23.53
25,913,182,Reinforcement Learning,254.89,444.04,42.6,79.54,36.52
88,235,806,Reinforcement Learning,486.59,739.48,34.2,84.48,2.67
87,310,645,QoS Aware Heuristic,133.76,394.95,66.13,74.81,3.56
87,1601,212,Round Robin,427.51,535.71,20.2,63.25,18.4
16,1346,524,FCFS,236.62,401.56,41.07,97.89,84.12
41,209,329,QoS Aware Heuristic,439.79,648.5,32.18,93.44,5.1
46,919,382,Reinforcement Learning,496.7,791.31,37.23,72.48,19.98
21,811,386,Round Robin,239.47,460.14,47.96,98.35,38.62
52,273,254,QoS Aware Heuristic,151.74,426.15,64.39,72.02,5.25
32,1329,264,QoS Aware Heuristic,157.75,419.28,62.38,77.72,41.53
45,229,281,FCFS,403.5,599.02,32.64,90.21,5.09
51,69,338,Reinforcement Learning,157.97,431.38,63.38,72.36,1.35
22,1697,748,FCFS,204.17,348.53,41.42,72.98,77.14
82,681,438,QoS Aware Heuristic,181.76,326.58,44.34,76.4,8.3
75,1779,611,QoS Aware Heuristic,242.27,487.51,50.3,78.74,23.72
17,1541,365,FCFS,129.75,213.39,39.2,64.94,90.65
86,1696,286,QoS Aware Heuristic,442.7,569.16,22.22,60.7,19.72
17,1283,139,Bin Packing,444.06,646.2,31.28,96.77,75.47
35,1586,921,Round Robin,265.17,420.19,36.89,74.13,45.31
6,107,592,Reinforcement Learning,344.84,630.02,45.27,64.07,17.83
20,1166,778,Round Robin,356.78,646.41,44.81,90.37,58.3
13,1294,490,Reinforcement Learning,399.7,575.35,30.53,71.8,99.54
77,772,359,QoS Aware Heuristic,308.28,493.05,37.47,67.27,10.03
42,1305,754,FCFS,304.13,535.29,43.18,98.5,31.07
79,1847,815,FCFS,352.52,516.84,31.79,96.82,23.38
58,1437,275,QoS Aware Heuristic,381.22,478.74,20.37,64.23,24.78
60,664,873,Reinforcement Learning,238.68,475.42,49.8,95.97,11.07
90,611,863,QoS Aware Heuristic,232.15,466.6,50.25,95.63,6.79
91,423,428,Reinforcement Learning,207.89,319.14,34.86,85.37,4.65
49,671,299,QoS Aware Heuristic,319.54,577.77,44.69,81.19,13.69
38,1529,810,QoS Aware Heuristic,244.06,447.47,45.46,68.7,40.24
13,137,295,QoS Aware Heuristic,316.13,425.21,25.65,64.86,10.54
92,1093,925,FCFS,262.39,475.4,44.81,84.25,11.88
12,1063,688,Reinforcement Learning,434.69,543.09,19.96,92.88,88.58
11,63,630,QoS Aware Heuristic,129.25,245.56,47.37,87.55,5.73
40,182,161,Round Robin,328.88,590.88,44.34,67.23,4.55
22,1881,426,Round Robin,330.25,612.62,46.09,71.6,85.5
7,1107,380,FCFS,253.49,367.71,31.06,81.86,158.14
32,941,861,Bin Packing,268.41,550.42,51.24,85.0,29.41
74,1281,326,FCFS,420.05,529.75,20.71,62.89,17.31
48,1886,738,Bin Packing,212.27,291.59,27.2,84.56,39.29
25,1272,157,FCFS,448.56,513.12,12.58,89.45,50.88
32,641,576,Round Robin,458.54,569.07,19.42,67.25,20.03
58,632,475,QoS Aware Heuristic,360.25,506.56,28.88,69.85,10.9
58,1228,815,Reinforcement Learning,409.14,691.03,40.79,70.36,21.17
69,1663,342,QoS Aware Heuristic,345.18,455.72,24.26,97.59,24.1
25,1151,466,Round Robin,310.1,451.47,31.31,76.28,46.04
17,1245,943,Reinforcement Learning,486.67,720.21,32.43,81.22,73.24
61,338,599,Bin Packing,213.06,338.58,37.07,88.97,5.54
53,1618,937,Bin Packing,161.66,382.75,57.76,74.86,30.53
58,1885,351,Round Robin,214.99,373.01,42.36,64.22,32.5
14,1861,421,Reinforcement Learning,345.85,444.96,22.27,86.17,132.93
57,1062,475,QoS Aware Heuristic,174.07,407.58,57.29,86.69,18.63
48,928,508,Round Robin,463.53,520.29,10.91,70.42,19.33
51,1493,810,Bin Packing,264.41,387.49,31.76,61.41,29.27
57,56,587,Round Robin,439.99,579.04,24.01,86.61,0.98
78,1233,442,QoS Aware Heuristic,199.69,364.24,45.18,88.14,15.81
50,289,339,FCFS,225.27,445.24,49.4,61.04,5.78
17,1496,238,FCFS,123.69,288.54,57.13,87.73,88.0
41,585,221,QoS Aware Heuristic,203.11,401.69,49.44,97.56,14.27
28,1799,519,Reinforcement Learning,296.13,495.07,40.18,67.15,64.25
6,119,660,Round Robin,478.45,621.77,23.05,80.85,19.83
90,1953,403,QoS Aware Heuristic,255.56,539.05,52.59,87.87,21.7
85,265,214,FCFS,355.9,644.86,44.81,69.2,3.12
18,1177,442,Bin Packing,271.08,466.54,41.9,90.06,65.39
14,1800,350,QoS Aware Heuristic,118.72,186.64,36.39,94.72,128.57
39,1127,106,QoS Aware Heuristic,301.41,474.19,36.44,92.58,28.9
29,855,830,QoS Aware Heuristic,126.37,222.47,43.2,70.36,29.48
7,379,688,FCFS,453.48,624.28,27.36,92.17,54.14
21,897,278,FCFS,401.21,498.33,19.49,76.53,42.71
16,1276,244,QoS Aware Heuristic,251.46,477.42,47.33,70.66,79.75
58,1361,515,QoS Aware Heuristic,356.09,426.2,16.45,66.72,23.47
28,94,765,Reinforcement Learning,144.81,433.14,66.57,96.36,3.36
33,878,220,Bin Packing,381.02,479.86,20.6,77.08,26.61
47,247,223,Round Robin,429.09,644.25,33.4,94.63,5.26
29,1289,249,Round Robin,428.7,707.94,39.44,66.38,44.45
64,1554,496,Round Robin,213.71,325.68,34.38,90.68,24.28
94,1382,480,FCFS,205.5,489.07,57.98,64.4,14.7
69,945,879,FCFS,308.56,455.73,32.29,60.7,13.7
88,1508,938,Reinforcement Learning,487.11,777.24,37.33,99.8,17.14
32,381,100,FCFS,468.21,761.05,38.48,62.94,11.91
20,745,772,QoS Aware Heuristic,243.86,340.88,28.46,78.46,37.25
51,76,343,Bin Packing,411.93,669.7,38.49,95.14,1.49
85,1239,986,Bin Packing,468.53,566.89,17.35,92.78,14.58
96,367,497,Bin Packing,204.37,310.98,34.28,78.85,3.82
62,1347,350,Bin Packing,432.12,503.15,14.12,84.43,21.73
80,1456,978,Round Robin,207.16,296.29,30.08,85.19,18.2
31,414,675,Round Robin,237.31,445.36,46.72,64.39,13.35
57,1176,398,QoS Aware Heuristic,179.53,341.84,47.48,71.4,20.63
46,1009,859,Reinforcement Learning,302.83,550.57,45.0,72.04,21.93
63,1576,396,FCFS,437.32,570.32,23.32,75.13,25.02
51,1918,599,FCFS,311.22,603.38,48.42,70.96,37.61
98,422,214,Round Robin,149.38,211.85,29.49,70.06,4.31
38,1689,906,Bin Packing,200.71,266.44,24.67,74.19,44.45
41,1999,100,QoS Aware Heuristic,325.14,550.48,40.94,75.17,48.76
10,294,652,Reinforcement Learning,333.27,605.15,44.93,79.49,29.4
11,1890,784,Round Robin,330.76,579.64,42.94,66.94,171.82
29,1242,699,QoS Aware Heuristic,130.8,303.25,56.87,91.53,42.83
37,1701,581,QoS Aware Heuristic,401.48,518.89,22.63,94.43,45.97
59,1726,709,Round Robin,463.77,517.13,10.32,69.93,29.25
62,1491,699,QoS Aware Heuristic,304.21,481.57,36.83,64.93,24.05
11,1429,862,Bin Packing,387.53,556.44,30.36,88.89,129.91
61,527,609,QoS Aware Heuristic,465.61,601.67,22.61,96.97,8.64
16,174,434,Reinforcement Learning,357.05,551.57,35.27,61.41,10.88
20,586,564,QoS Aware Heuristic,369.73,601.93,38.58,60.58,29.3
84,755,240,FCFS,388.56,613.78,36.69,67.34,8.99
47,1969,682,QoS Aware Heuristic,204.2,320.01,36.19,87.39,41.89
81,1685,236,Round Robin,333.07,529.4,37.09,98.59,20.8
11,1475,710,FCFS,436.87,524.06,16.64,90.02,134.09
55,1590,762,Round Robin,218.47,298.87,26.9,82.92,28.91
77,580,786,Reinforcement Learning,458.87,705.33,34.94,88.02,7.53
36,1755,266,Bin Packing,348.15,571.59,39.09,69.23,48.75
79,835,442,Reinforcement Learning,269.27,511.25,47.33,87.54,10.57
12,303,509,FCFS,349.27,437.39,20.15,72.86,25.25
91,170,868,Bin Packing,260.74,539.39,51.66,68.9,1.87
93,1105,835,QoS Aware Heuristic,435.21,518.49,16.06,69.46,11.88
76,710,979,FCFS,292.93,560.44,47.73,86.71,9.34
49,1851,941,Bin Packing,460.49,598.58,23.07,90.69,37.78
90,1110,164,Round Robin,303.92,380.28,20.08,83.27,12.33
63,1762,680,Bin Packing,364.15,485.84,25.05,62.55,27.97
8,1415,166,Round Robin,499.1,594.46,16.04,61.52,176.88
71,1086,532,Round Robin,158.79,331.46,52.09,68.69,15.3
33,1256,149,Bin Packing,394.69,682.13,42.14,71.46,38.06
33,1730,413,Reinforcement Learning,155.55,287.52,45.9,76.19,52.42
32,1338,408,Reinforcement Learning,435.55,638.57,31.79,63.04,41.81
81,137,702,Round Robin,338.58,611.51,44.63,89.01,1.69
83,1535,214,FCFS,475.26,682.78,30.39,88.46,18.49
91,95,985,Bin Packing,446.38,586.93,23.95,73.87,1.04
48,1465,668,FCFS,129.95,427.66,69.61,82.52,30.52
94,1192,441,Reinforcement Learning,154.92,251.77,38.47,64.04,12.68
8,982,629,FCFS,340.47,521.28,34.69,76.61,122.75
94,1604,883,QoS Aware Heuristic,307.33,556.51,44.78,94.3,17.06
13,1520,741,QoS Aware Heuristic,167.43,217.59,23.05,86.42,116.92
9,1805,594,Reinforcement Learning,151.74,377.25,59.78,64.16,200.56
60,794,368,FCFS,325.6,442.22,26.37,93.9,13.23
88,1679,179,Bin Packing,119.57,212.0,43.6,87.23,19.08
54,1016,555,Reinforcement Learning,449.49,568.04,20.87,78.12,18.81
79,812,398,QoS Aware Heuristic,422.83,714.53,40.82,87.68,10.28
19,811,921,Reinforcement Learning,414.15,687.13,39.73,66.91,42.68
36,843,301,FCFS,106.4,209.84,49.29,82.02,23.42
32,793,602,FCFS,119.06,198.32,39.97,84.72,24.78
26,1119,836,FCFS,319.94,460.98,30.6,97.11,43.04
21,1959,770,Round Robin,497.77,695.85,28.47,62.68,93.29
63,1581,815,FCFS,236.93,503.72,52.96,74.99,25.1
94,607,748,QoS Aware Heuristic,237.75,529.27,55.08,97.47,6.46
75,575,584,QoS Aware Heuristic,153.71,391.5,60.74,68.69,7.67
61,646,684,Round Robin,369.73,569.48,35.08,92.53,10.59
30,1904,659,QoS Aware Heuristic,358.67,444.25,19.26,60.06,63.47
29,889,117,QoS Aware Heuristic,140.53,209.04,32.77,61.04,30.66
14,52,577,Reinforcement Learning,286.96,485.97,40.95,73.1,3.71
49,1101,587,FCFS,366.83,551.6,33.5,90.74,22.47
87,1454,878,Reinforcement Learning,297.41,558.93,46.79,64.17,16.71
15,206,545,Reinforcement Learning,369.75,500.4,26.11,75.31,13.73
81,904,439,QoS Aware Heuristic,426.51,486.43,12.32,65.26,11.16
57,1987,630,Bin Packing,374.33,530.26,29.41,68.94,34.86
76,560,711,FCFS,346.45,638.75,45.76,80.12,7.37
72,1406,215,Bin Packing,441.44,690.33,36.05,72.77,19.53
99,1917,957,QoS Aware Heuristic,460.24,518.68,11.27,68.48,19.36
32,736,173,Round Robin,255.55,524.22,51.25,75.74,23.0
79,1187,891,Reinforcement Learning,169.3,337.22,49.8,88.04,15.03
69,1462,368,QoS Aware Heuristic,427.14,568.33,24.84,64.78,21.19
53,1560,736,QoS Aware Heuristic,185.5,322.18,42.42,79.18,29.43
51,1916,215,Bin Packing,471.58,670.37,29.65,70.99,37.57
56,1323,785,Round Robin,109.15,291.8,62.59,75.14,23.62
92,620,792,Reinforcement Learning,468.51,682.67,31.37,92.86,6.74
58,764,837,Round Robin,335.67,529.08,36.56,97.19,13.17
64,1388,768,Round Robin,409.9,495.89,17.34,69.72,21.69
61,288,263,Round Robin,259.4,373.71,30.59,85.2,4.72
51,1307,682,FCFS,496.69,756.95,34.38,87.07,25.63
35,352,321,Round Robin,191.02,406.83,53.05,93.7,10.06
50,656,225,QoS Aware Heuristic,205.74,367.84,44.07,95.96,13.12
30,1040,756,FCFS,120.57,216.22,44.24,78.72,34.67
9,1726,275,FCFS,476.19,528.11,9.83,99.3,191.78
88,383,763,Round Robin,282.41,410.38,31.18,98.83,4.35
56,162,793,QoS Aware Heuristic,369.94,433.65,14.69,80.26,2.89
79,1694,474,Reinforcement Learning,374.98,545.55,31.27,81.68,21.44
58,411,958,Round Robin,449.8,705.25,36.22,86.71,7.09
37,1930,597,FCFS,365.97,487.32,24.9,74.95,52.16
54,850,184,Reinforcement Learning,324.81,586.75,44.64,86.48,15.74
42,146,975,Reinforcement Learning,384.13,610.27,37.06,80.57,3.48
31,1920,482,FCFS,400.39,481.71,16.88,61.42,61.94
19,65,732,Reinforcement Learning,174.37,385.51,54.77,94.11,3.42
65,605,740,QoS Aware Heuristic,143.87,231.79,37.93,97.62,9.31
25,425,562,QoS Aware Heuristic,129.94,343.64,62.19,61.05,17.0
50,791,550,Round Robin,249.62,335.3,25.55,91.57,15.82
73,439,617,Round Robin,299.2,447.33,33.11,75.43,6.01
10,669,945,Reinforcement Learning,346.26,537.91,35.63,83.43,66.9
42,1290,794,FCFS,483.21,545.8,11.47,80.0,30.71
66,1472,649,QoS Aware Heuristic,232.32,320.65,27.55,82.05,22.3
90,1333,215,Bin Packing,404.35,534.45,24.34,79.81,14.81
66,873,713,Round Robin,312.54,478.12,34.63,94.14,13.23
86,369,107,QoS Aware Heuristic,188.04,452.66,58.46,87.34,4.29
82,245,317,Reinforcement Learning,346.12,442.94,21.86,76.51,2.99
78,1551,818,QoS Aware Heuristic,486.87,623.74,21.94,87.54,19.88
50,467,689,QoS Aware Heuristic,149.72,318.66,53.02,98.6,9.34
17,1548,979,Reinforcement Learning,302.91,426.85,29.04,63.21,91.06
99,656,503,Round Robin,120.64,327.08,63.12,75.52,6.63
98,617,666,Round Robin,228.49,342.64,33.31,94.82,6.3
7,593,403,Bin Packing,348.24,591.33,41.11,89.56,84.71
98,280,566,Bin Packing,436.42,612.71,28.77,97.4,2.86
10,933,839,Round Robin,392.13,463.71,15.44,61.59,93.3
97,570,187,Round Robin,285.14,491.89,42.03,94.51,5.88
12,752,109,Round Robin,463.69,656.0,29.32,91.67,62.67
48,1946,407,Round Robin,221.09,355.74,37.85,92.6,40.54
37,1273,533,QoS Aware Heuristic,401.59,454.38,11.62,83.89,34.41
85,895,901,Bin Packing,289.6,389.78,25.7,62.08,10.53
79,722,263,Reinforcement Learning,459.45,610.88,24.79,81.57,9.14
81,1672,338,FCFS,418.97,518.95,19.27,76.31,20.64
54,70,416,Reinforcement Learning,460.59,654.96,29.68,81.08,1.3
15,1384,755,FCFS,185.7,413.78,55.12,89.61,92.27
99,637,434,QoS Aware Heuristic,367.26,631.26,41.82,83.84,6.43
32,947,117,Bin Packing,395.39,607.14,34.88,71.7,29.59
74,1726,170,FCFS,396.97,619.22,35.89,83.98,23.32
45,1711,274,Round Robin,301.6,503.71,40.12,63.33,38.02
20,1836,953,QoS Aware Heuristic,104.5,400.87,73.93,60.21,91.8
72,1973,899,FCFS,204.57,319.82,36.04,76.06,27.4
52,1669,910,Round Robin,229.32,345.88,33.7,90.29,32.1
60,1507,438,QoS Aware Heuristic,440.81,522.39,15.62,92.91,25.12
68,420,347,FCFS,436.35,607.77,28.2,81.99,6.18
63,1633,292,Round Robin,141.87,215.91,34.29,94.72,25.92
94,1964,518,Bin Packing,479.93,597.47,19.67,65.04,20.89
66,127,424,QoS Aware Heuristic,172.98,343.65,49.66,98.56,1.92
80,1615,405,FCFS,265.74,555.14,52.13,96.87,20.19
15,1358,879,Round Robin,186.06,477.01,60.99,83.97,90.53
93,697,303,Bin Packing,444.13,680.07,34.69,62.35,7.49
22,189,952,Round Robin,399.76,547.07,26.93,78.17,8.59
23,602,222,Bin Packing,241.41,507.7,52.45,67.17,26.17
91,1047,669,FCFS,372.75,641.61,41.9,85.14,11.51
59,331,950,Round Robin,173.75,451.3,61.5,67.6,5.61
86,1635,546,Round Robin,252.92,462.93,45.37,79.27,19.01
30,1331,812,Reinforcement Learning,250.84,351.29,28.59,68.23,44.37
10,1896,590,QoS Aware Heuristic,195.17,267.94,27.16,67.27,189.6
8,1433,532,Round Robin,450.52,729.21,38.22,69.92,179.12
33,489,723,Bin Packing,371.54,435.43,14.67,61.17,14.82
63,319,227,QoS Aware Heuristic,211.98,335.95,36.9,88.64,5.06
21,1207,647,FCFS,196.85,368.59,46.59,72.27,57.48
47,795,845,QoS Aware Heuristic,107.18,162.67,34.11,87.92,16.91
84,1713,921,Reinforcement Learning,238.63,515.36,53.7,86.14,20.39
70,153,146,FCFS,310.71,432.49,28.16,62.64,2.19
38,815,604,Round Robin,211.08,268.21,21.3,72.48,21.45
12,144,214,FCFS,380.18,678.58,43.97,82.67,12.0
17,1922,515,FCFS,264.7,392.55,32.57,96.74,113.06
12,778,866,Reinforcement Learning,226.53,495.72,54.3,76.05,64.83
98,1646,322,Bin Packing,475.62,638.99,25.57,80.19,16.8
98,529,735,FCFS,205.12,420.9,51.27,90.01,5.4
69,829,602,Bin Packing,259.3,369.57,29.84,92.13,12.01
47,1314,771,QoS Aware Heuristic,252.92,428.64,40.99,96.93,27.96
43,62,195,Reinforcement Learning,196.48,310.89,36.8,79.89,1.44
85,1220,206,Round Robin,186.99,474.76,60.61,67.75,14.35
63,1825,731,FCFS,220.95,286.19,22.8,90.58,28.97
88,650,712,Bin Packing,445.69,564.36,21.03,65.02,7.39
92,144,714,FCFS,406.83,680.11,40.18,76.73,1.57
90,1900,777,Reinforcement Learning,372.4,542.41,31.34,85.13,21.11
97,342,797,Round Robin,282.84,482.86,41.42,87.67,3.53
90,74,131,QoS Aware Heuristic,303.1,516.02,41.26,89.32,0.82
48,1345,592,QoS Aware Heuristic,206.86,274.59,24.67,67.74,28.02
13,1578,165,Bin Packing,129.73,184.16,29.56,99.27,121.38
41,1239,278,QoS Aware Heuristic,232.42,516.88,55.03,67.14,30.22
78,988,878,Bin Packing,298.23,416.11,28.33,63.84,12.67
40,811,542,Round Robin,122.93,268.01,54.13,86.56,20.27
96,1160,648,FCFS,135.29,355.81,61.98,96.4,12.08
32,703,300,Reinforcement Learning,205.21,314.29,34.71,82.38,21.97
46,1719,969,Round Robin,246.83,480.1,48.59,83.82,37.37
47,1034,148,Round Robin,257.33,421.89,39.01,81.54,22.0
89,1864,886,QoS Aware Heuristic,147.15,411.3,64.22,61.71,20.94
92,687,779,QoS Aware Heuristic,190.33,309.97,38.6,87.25,7.47
46,1901,362,Reinforcement Learning,204.66,305.62,33.03,74.33,41.33
70,540,232,FCFS,127.05,384.97,67.0,97.43,7.71
59,1981,909,Round Robin,230.44,362.02,36.35,67.47,33.58
76,1214,443,QoS Aware Heuristic,128.89,281.86,54.27,72.08,15.97
52,1941,275,Round Robin,381.38,629.81,39.45,80.19,37.33
95,1176,490,FCFS,254.42,463.31,45.09,79.09,12.38
26,1299,110,Bin Packing,230.7,391.13,41.02,76.01,49.96
31,1975,300,FCFS,150.61,263.08,42.75,72.58,63.71
97,624,908,Round Robin,190.6,431.65,55.84,65.89,6.43
71,343,102,Round Robin,193.08,288.19,33.0,92.84,4.83
17,945,313,Reinforcement Learning,494.08,776.15,36.34,77.95,55.59
49,1379,907,Round Robin,434.14,521.72,16.79,82.92,28.14
14,1327,406,QoS Aware Heuristic,106.1,357.33,70.31,81.86,94.79
13,1253,643,Reinforcement Learning,346.73,502.79,31.04,83.02,96.38
58,89,659,Round Robin,202.36,298.86,32.29,88.19,1.53
31,825,426,FCFS,141.75,292.34,51.51,85.18,26.61
38,1774,863,Round Robin,382.24,487.63,21.61,70.96,46.68
5,569,298,FCFS,152.64,236.64,35.5,82.15,113.8
36,1689,700,FCFS,277.5,387.29,28.35,69.78,46.92
93,1810,208,Round Robin,352.87,619.72,43.06,83.55,19.46
97,595,390,FCFS,321.8,398.29,19.2,77.28,6.13
75,285,207,Bin Packing,491.05,784.18,37.38,61.58,3.8
71,512,507,Reinforcement Learning,414.3,465.55,11.01,89.36,7.21
88,1301,651,Round Robin,409.68,624.24,34.37,70.99,14.78
24,1773,151,Bin Packing,242.24,506.37,52.16,96.81,73.88
98,1898,211,FCFS,103.36,386.85,73.28,71.22,19.37
39,532,394,FCFS,393.76,479.76,17.93,99.86,13.64
95,479,679,Reinforcement Learning,499.89,724.44,31.0,78.52,5.04
94,1095,288,Bin Packing,262.35,339.19,22.65,61.06,11.65
82,392,943,Bin Packing,494.21,632.36,21.85,63.05,4.78
21,1113,820,Round Robin,156.68,389.66,59.79,63.28,53.0
22,1246,164,FCFS,218.6,355.09,38.44,62.25,56.64
49,1512,673,QoS Aware Heuristic,168.29,296.63,43.27,70.71,30.86
97,1252,564,Round Robin,290.07,369.08,21.41,72.98,12.91
88,1671,357,Round Robin,418.79,485.4,13.72,64.45,18.99
57,182,745,Round Robin,236.26,315.08,25.02,77.53,3.19
95,400,733,Reinforcement Learning,462.49,731.36,36.76,74.61,4.21
86,1598,430,Reinforcement Learning,317.93,370.73,14.24,85.45,18.58
72,1613,600,Round Robin,286.17,509.39,43.82,67.83,22.4
69,555,782,QoS Aware Heuristic,414.81,656.97,36.86,96.56,8.04
5,133,309,Bin Packing,140.58,332.55,57.73,80.64,26.6
62,1042,907,Bin Packing,409.5,642.19,36.23,84.95,16.81
30,1537,188,FCFS,197.18,410.25,51.94,61.58,51.23
24,879,778,Bin Packing,212.33,376.22,43.56,82.36,36.62
91,910,127,Bin Packing,339.78,485.46,30.01,74.72,10.0
14,392,337,QoS Aware Heuristic,460.77,746.1,38.24,96.97,28.0
63,1353,435,Bin Packing,331.36,624.34,46.93,95.43,21.48
79,915,162,QoS Aware Heuristic,359.58,572.4,37.18,85.51,11.58
45,1336,866,Reinforcement Learning,410.64,509.96,19.48,90.71,29.69
9,1239,652,QoS Aware Heuristic,203.73,365.7,44.29,85.78,137.67
69,342,599,Reinforcement Learning,430.89,605.02,28.78,60.68,4.96
21,1582,640,QoS Aware Heuristic,267.18,506.67,47.27,88.13,75.33
26,1653,890,Round Robin,170.26,387.2,56.03,67.08,63.58
45,1299,568,Reinforcement Learning,240.05,418.75,42.67,87.3,28.87
97,1243,691,Reinforcement Learning,198.45,418.54,52.59,60.42,12.81
72,647,150,Bin Packing,191.49,247.5,22.63,72.44,8.99
73,694,211,Reinforcement Learning,213.03,457.19,53.4,80.68,9.51
15,497,972,QoS Aware Heuristic,172.37,275.28,37.38,73.33,33.13
60,739,400,Round Robin,367.08,581.18,36.84,87.76,12.32
55,1051,189,Round Robin,332.0,410.49,19.12,80.91,19.11
25,904,328,Bin Packing,359.38,438.0,17.95,98.39,36.16
80,551,249,QoS Aware Heuristic,237.49,296.4,19.88,74.31,6.89
30,813,854,QoS Aware Heuristic,407.89,685.45,40.49,88.87,27.1
23,1600,237,FCFS,151.84,352.98,56.98,93.43,69.57
64,784,234,Reinforcement Learning,328.45,468.94,29.96,70.14,12.25
75,1452,556,Bin Packing,210.18,457.12,54.02,90.17,19.36
51,1274,700,Round Robin,311.04,517.56,39.9,75.73,24.98
75,1692,593,FCFS,229.45,434.47,47.19,65.15,22.56
30,299,626,QoS Aware Heuristic,416.2,587.96,29.21,60.15,9.97
44,1482,432,Reinforcement Learning,456.51,508.49,10.22,89.75,33.68
9,650,461,Round Robin,397.03,511.65,22.4,67.45,72.22
25,174,273,FCFS,170.23,247.5,31.22,62.05,6.96
82,162,701,QoS Aware Heuristic,209.95,425.55,50.66,79.89,1.98
8,1030,312,Round Robin,467.74,579.9,19.34,73.87,128.75
27,1210,442,Round Robin,274.89,437.43,37.16,87.67,44.81
88,1832,160,QoS Aware Heuristic,476.47,614.83,22.5,64.29,20.82
19,1569,975,QoS Aware Heuristic,256.98,342.78,25.03,65.31,82.58
97,1751,831,Bin Packing,480.71,770.3,37.59,76.16,18.05
12,199,160,Round Robin,470.3,753.65,37.6,80.82,16.58
45,924,918,QoS Aware Heuristic,364.21,435.36,16.34,92.97,20.53
23,392,777,FCFS,103.53,360.37,71.27,83.43,17.04
50,629,623,Reinforcement Learning,260.13,432.22,39.82,96.1,12.58
32,1806,315,Bin Packing,464.49,707.92,34.39,68.71,56.44
95,832,688,QoS Aware Heuristic,454.04,541.83,16.2,83.85,8.76
72,370,843,Reinforcement Learning,174.96,258.03,32.19,86.21,5.14
19,871,723,Bin Packing,259.67,532.36,51.22,89.03,45.84
41,1999,677,Round Robin,434.2,708.65,38.73,99.55,48.76
5,1934,793,Reinforcement Learning,331.15,497.63,33.45,78.72,386.8
71,581,522,Bin Packing,438.92,706.46,37.87,74.77,8.18
28,1362,815,QoS Aware Heuristic,430.63,647.49,33.49,94.09,48.64
31,1562,522,QoS Aware Heuristic,462.99,559.24,17.21,67.07,50.39
44,541,470,Bin Packing,146.89,279.13,47.38,61.48,12.3
67,661,305,Round Robin,158.09,242.11,34.7,77.74,9.87
65,301,385,Bin Packing,133.12,376.61,64.65,69.89,4.63
40,1150,204,FCFS,474.11,770.42,38.46,75.86,28.75
97,1720,853,Bin Packing,290.06,476.65,39.15,99.44,17.73
28,1465,846,Bin Packing,125.73,339.7,62.99,73.94,52.32
28,1485,787,QoS Aware Heuristic,228.61,465.13,50.85,88.32,53.04
8,222,822,Round Robin,240.57,346.63,30.6,70.02,27.75
71,924,642,Bin Packing,423.82,557.82,24.02,72.14,13.01
38,250,846,Reinforcement Learning,394.19,547.27,27.97,69.73,6.58
61,266,341,QoS Aware Heuristic,375.75,574.4,34.58,82.89,4.36
53,425,590,QoS Aware Heuristic,108.75,371.37,70.72,69.04,8.02
91,1793,764,Bin Packing,464.28,577.83,19.65,88.73,19.7
57,1659,807,Reinforcement Learning,186.22,353.94,47.39,87.21,29.11
27,60,597,Bin Packing,351.62,589.5,40.35,76.85,2.22
73,1872,534,Reinforcement Learning,124.73,196.58,36.55,61.02,25.64
99,1841,880,QoS Aware Heuristic,132.61,310.83,57.34,60.91,18.6
57,1085,583,Reinforcement Learning,103.83,189.92,45.33,81.31,19.04
66,941,546,Bin Packing,326.37,511.16,36.15,93.57,14.26
45,1663,483,FCFS,351.75,593.71,40.75,83.95,36.96
61,484,609,FCFS,120.18,229.42,47.62,77.43,7.93
64,1757,269,Reinforcement Learning,216.19,478.56,54.82,95.28,27.45
58,1681,968,Bin Packing,440.58,574.28,23.28,67.88,28.98
74,867,422,Round Robin,140.52,238.22,41.01,74.38,11.72
61,1446,947,FCFS,186.62,352.95,47.13,82.61,23.7
14,1346,573,QoS Aware Heuristic,269.76,538.78,49.93,71.67,96.14
44,980,331,Bin Packing,436.91,504.14,13.34,99.91,22.27
11,1970,795,Bin Packing,201.94,333.83,39.51,78.09,179.09
42,1998,458,FCFS,498.85,712.14,29.95,62.07,47.57
89,740,374,Round Robin,242.1,381.5,36.54,67.04,8.31
65,1649,131,QoS Aware Heuristic,254.58,322.29,21.01,81.3,25.37
88,1582,276,Round Robin,148.84,281.84,47.19,82.0,17.98
7,1205,164,QoS Aware Heuristic,372.08,627.32,40.69,99.37,172.14
55,904,809,FCFS,197.39,489.4,59.67,84.0,16.44
90,1997,126,Bin Packing,351.55,411.49,14.57,86.67,22.19
51,833,762,QoS Aware Heuristic,189.26,381.58,50.4,68.55,16.33
72,368,914,Bin Packing,255.15,331.48,23.03,64.27,5.11
96,893,578,Reinforcement Learning,442.67,662.77,33.21,84.08,9.3
80,1926,367,Reinforcement Learning,395.56,447.53,11.61,94.6,24.08
42,670,696,FCFS,161.84,215.53,24.91,83.49,15.95
40,834,165,FCFS,343.08,587.3,41.58,77.71,20.85
45,1241,232,FCFS,351.46,420.07,16.33,83.13,27.58
73,446,465,Reinforcement Learning,136.23,262.53,48.11,78.75,6.11
17,1253,181,QoS Aware Heuristic,286.32,575.83,50.28,65.68,73.71
91,1131,992,Round Robin,204.27,500.58,59.19,89.65,12.43
62,1553,930,FCFS,286.85,377.2,23.95,81.32,25.05
54,1664,427,Round Robin,410.83,601.06,31.65,75.97,30.81
34,509,197,Round Robin,163.3,353.09,53.75,82.39,14.97
66,110,684,Reinforcement Learning,149.32,312.42,52.21,69.65,1.67
29,418,426,QoS Aware Heuristic,207.73,488.91,57.51,77.12,14.41
31,1194,641,Reinforcement Learning,480.91,719.42,33.15,84.9,38.52
55,768,224,FCFS,399.13,640.26,37.66,69.05,13.96
82,595,309,Reinforcement Learning,107.78,225.17,52.13,89.96,7.26
61,1655,883,Reinforcement Learning,260.4,418.98,37.85,80.84,27.13
51,1090,824,Reinforcement Learning,202.96,374.82,45.85,94.47,21.37
43,545,232,FCFS,355.26,479.99,25.99,93.89,12.67
20,546,602,FCFS,283.72,357.42,20.62,79.78,27.3
26,554,256,Reinforcement Learning,485.8,567.39,14.38,67.82,21.31
89,1605,658,Reinforcement Learning,187.59,282.76,33.66,89.47,18.03
58,1018,968,Round Robin,335.14,436.05,23.14,76.75,17.55
25,1388,974,QoS Aware Heuristic,380.08,490.65,22.54,83.79,55.52
76,1142,481,Round Robin,430.23,544.1,20.93,64.29,15.03
20,1800,121,QoS Aware Heuristic,262.79,426.72,38.42,85.26,90.0
63,210,694,QoS Aware Heuristic,374.77,552.16,32.13,74.94,3.33
35,1687,518,Reinforcement Learning,221.28,348.5,36.51,73.37,48.2
46,1961,571,Round Robin,274.19,551.01,50.24,99.2,42.63
78,767,333,QoS Aware Heuristic,458.25,646.53,29.12,77.3,9.83
36,1218,671,QoS Aware Heuristic,479.96,726.83,33.97,87.12,33.83
63,1642,553,FCFS,387.53,668.59,42.04,85.11,26.06
38,1668,799,QoS Aware Heuristic,249.74,340.52,26.66,64.17,43.89
13,1042,669,Reinforcement Learning,428.02,584.99,26.83,89.92,80.15
85,1458,870,Bin Packing,110.35,268.65,58.92,72.93,17.15
15,318,261,FCFS,141.1,279.72,49.56,91.96,21.2
14,1996,400,Bin Packing,364.55,416.78,12.53,84.31,142.57
90,1527,405,Reinforcement Learning,216.5,470.49,53.98,72.68,16.97
21,748,101,Bin Packing,480.55,558.44,13.95,74.25,35.62
72,1591,370,QoS Aware Heuristic,274.42,573.29,52.13,89.26,22.1
52,914,520,Bin Packing,271.75,514.99,47.23,82.0,17.58
56,399,242,Round Robin,371.23,566.23,34.44,86.73,7.12
29,159,799,Reinforcement Learning,407.03,495.68,17.88,66.33,5.48
25,1556,963,Round Robin,290.22,469.07,38.13,91.48,62.24
69,456,952,Bin Packing,185.6,300.88,38.31,72.82,6.61
67,699,835,Round Robin,409.32,522.4,21.65,84.79,10.43
93,100,978,FCFS,228.14,485.52,53.01,64.59,1.08
55,1476,791,Bin Packing,170.04,315.2,46.05,72.86,26.84
40,1636,634,Round Robin,352.66,515.34,31.57,85.95,40.9
85,1549,966,QoS Aware Heuristic,136.18,396.92,65.69,70.97,18.22
92,1160,136,Bin Packing,488.54,560.49,12.84,95.21,12.61
70,1141,206,FCFS,352.96,551.61,36.01,86.45,16.3
19,645,396,QoS Aware Heuristic,494.36,688.91,28.24,94.81,33.95
43,1028,840,Bin Packing,235.56,391.86,39.89,75.82,23.91
74,1115,924,QoS Aware Heuristic,488.48,745.92,34.51,61.36,15.07
5,780,196,Bin Packing,158.22,443.94,64.36,83.05,156.0
27,106,380,Bin Packing,116.28,282.61,58.85,73.57,3.93
43,787,209,Reinforcement Learning,113.19,277.23,59.17,77.93,18.3
61,245,648,Round Robin,285.95,461.47,38.03,87.24,4.02
85,1833,651,Bin Packing,133.2,363.98,63.4,88.03,21.56
38,1751,696,FCFS,304.87,521.89,41.58,61.1,46.08
45,1135,913,Round Robin,231.0,336.71,31.39,90.77,25.22
97,1336,287,Reinforcement Learning,234.25,300.22,21.97,79.74,13.77
77,161,851,Round Robin,354.24,641.55,44.78,82.27,2.09
17,814,969,Round Robin,165.24,280.51,41.09,71.92,47.88
74,760,587,Bin Packing,406.62,616.27,34.02,76.83,10.27
10,1251,453,FCFS,332.81,589.92,43.58,88.42,125.1
88,997,118,Bin Packing,465.98,591.05,21.16,91.07,11.33
56,75,958,FCFS,245.94,454.8,45.92,75.48,1.34
7,459,492,FCFS,493.09,570.07,13.5,87.64,65.57
85,807,936,QoS Aware Heuristic,330.33,622.81,46.96,70.32,9.49
67,580,360,Bin Packing,489.36,553.9,11.65,93.28,8.66
53,1850,509,Reinforcement Learning,110.82,270.36,59.01,84.39,34.91
80,1390,502,Round Robin,391.19,575.39,32.01,91.01,17.38
51,1605,769,QoS Aware Heuristic,426.65,674.27,36.72,79.09,31.47
59,1179,583,Reinforcement Learning,121.27,201.55,39.83,69.16,19.98
68,798,403,Bin Packing,331.59,491.79,32.57,77.17,11.74
69,1891,723,FCFS,420.78,545.71,22.89,75.26,27.41
85,1537,755,Bin Packing,324.42,452.42,28.29,73.31,18.08
71,295,867,Bin Packing,125.53,370.23,66.09,68.49,4.15
94,1154,117,QoS Aware Heuristic,377.38,428.75,11.98,90.37,12.28
19,711,283,Reinforcement Learning,124.24,361.51,65.63,63.45,37.42
36,958,504,QoS Aware Heuristic,426.99,679.59,37.17,95.5,26.61
72,445,898,Reinforcement Learning,117.21,392.55,70.14,67.0,6.18
22,571,996,QoS Aware Heuristic,154.96,361.68,57.16,99.19,25.95
87,1906,230,Round Robin,210.04,343.4,38.84,99.54,21.91
47,1809,578,FCFS,353.35,510.16,30.74,75.94,38.49
39,975,892,FCFS,490.54,782.97,37.35,99.51,25.0
82,313,856,FCFS,147.13,417.43,64.75,94.76,3.82
62,1734,107,Round Robin,157.08,322.96,51.36,63.3,27.97
37,839,804,Round Robin,247.55,533.32,53.58,97.89,22.68
18,1347,417,FCFS,434.49,690.23,37.05,61.7,74.83
38,1779,490,FCFS,286.89,562.16,48.97,67.28,46.82
65,221,618,Reinforcement Learning,228.64,449.38,49.12,83.38,3.4
8,314,235,Reinforcement Learning,324.48,588.89,44.9,63.23,39.25
92,1895,630,Bin Packing,204.21,477.15,57.2,66.47,20.6
63,1099,750,QoS Aware Heuristic,260.46,333.46,21.89,98.14,17.44
33,1542,466,Reinforcement Learning,233.04,524.34,55.56,99.79,46.73
87,1935,588,Reinforcement Learning,421.66,555.06,24.03,91.93,22.24
10,525,788,Reinforcement Learning,469.7,629.67,25.41,80.61,52.5
53,405,110,Reinforcement Learning,403.83,651.81,38.04,96.01,7.64
44,1099,652,Round Robin,275.63,491.85,43.96,64.48,24.98
87,83,545,Bin Packing,301.73,574.99,47.52,97.72,0.95
69,313,213,Reinforcement Learning,150.03,300.17,50.02,74.06,4.54
73,1211,791,QoS Aware Heuristic,398.75,542.07,26.44,94.46,16.59
31,865,805,Reinforcement Learning,338.59,396.51,14.61,86.73,27.9
84,1768,295,Round Robin,460.98,626.66,26.44,98.41,21.05
10,924,959,FCFS,180.24,411.26,56.17,94.59,92.4
17,803,836,FCFS,403.89,529.18,23.68,95.52,47.24
68,615,942,Bin Packing,373.87,539.55,30.71,85.27,9.04
66,511,422,FCFS,206.34,311.19,33.69,93.33,7.74
23,1241,872,Reinforcement Learning,366.95,610.15,39.86,90.29,53.96
80,1704,611,Round Robin,469.75,534.88,12.18,66.46,21.3
84,704,727,Bin Packing,467.37,693.72,32.63,85.94,8.38
47,130,761,Reinforcement Learning,387.85,532.59,27.18,65.93,2.77
78,806,729,FCFS,119.23,179.63,33.62,94.78,10.33
93,1987,264,QoS Aware Heuristic,448.91,712.28,36.98,62.64,21.37
24,1937,351,Reinforcement Learning,363.11,535.04,32.13,99.48,80.71
99,919,878,QoS Aware Heuristic,224.17,424.0,47.13,76.03,9.28
72,1480,143,QoS Aware Heuristic,174.9,407.91,57.12,66.83,20.56
48,1647,569,Bin Packing,146.48,360.25,59.34,97.43,34.31
27,1119,588,Round Robin,120.09,352.8,65.96,61.82,41.44
6,648,280,FCFS,401.64,642.21,37.46,78.8,108.0
26,1684,176,FCFS,194.34,391.63,50.38,90.81,64.77
61,856,473,Reinforcement Learning,109.7,251.11,56.31,72.67,14.03
76,1984,727,FCFS,258.91,369.7,29.97,81.15,26.11
11,1126,166,Bin Packing,293.04,568.77,48.48,88.02,102.36
82,1033,624,FCFS,167.69,460.17,63.56,98.08,12.6
60,753,191,Reinforcement Learning,117.62,257.04,54.24,64.11,12.55
71,525,857,FCFS,175.65,253.73,30.77,66.29,7.39
20,641,878,Round Robin,371.64,477.27,22.13,80.35,32.05
87,65,750,QoS Aware Heuristic,132.9,350.57,62.09,76.74,0.75
55,1433,952,QoS Aware Heuristic,322.01,415.24,22.45,76.43,26.05
86,536,343,QoS Aware Heuristic,158.56,403.59,60.71,71.88,6.23
84,1911,440,Round Robin,178.28,459.04,61.16,82.43,22.75
76,755,884,Bin Packing,257.23,548.14,53.07,95.33,9.93
16,1575,403,Reinforcement Learning,140.33,192.66,27.16,66.44,98.44
57,1214,497,Round Robin,169.28,458.82,63.11,68.61,21.3
79,669,802,Reinforcement Learning,239.58,474.63,49.52,86.83,8.47
9,1888,547,Bin Packing,231.87,302.88,23.44,62.25,209.78
31,1068,196,Round Robin,399.71,553.52,27.79,86.95,34.45
16,826,430,FCFS,129.91,354.92,63.4,72.58,51.62
21,496,304,Bin Packing,444.18,733.35,39.43,74.31,23.62
10,339,548,QoS Aware Heuristic,426.49,517.53,17.59,76.22,33.9
9,258,517,Round Robin,406.4,488.33,16.78,73.98,28.67
61,1548,748,Bin Packing,223.75,391.84,42.9,93.65,25.38
32,462,176,Bin Packing,429.15,721.17,40.49,97.84,14.44
82,726,995,Round Robin,173.12,465.96,62.85,81.92,8.85
73,1500,648,QoS Aware Heuristic,149.76,256.74,41.67,83.28,20.55
63,1927,897,QoS Aware Heuristic,117.98,247.82,52.39,62.82,30.59
37,1444,524,Bin Packing,475.72,752.73,36.8,88.53,39.03
66,1905,528,Reinforcement Learning,223.2,456.91,51.15,83.36,28.86
54,713,584,Bin Packing,467.05,760.13,38.56,62.02,13.2
23,339,914,Round Robin,209.05,482.34,56.66,67.94,14.74
90,1505,234,Round Robin,463.03,566.8,18.31,68.08,16.72
73,1341,753,Round Robin,461.57,701.5,34.2,66.84,18.37
70,200,353,QoS Aware Heuristic,469.47,531.61,11.69,86.35,2.86
98,1792,659,FCFS,298.46,552.92,46.02,97.14,18.29
51,1328,354,Round Robin,446.38,646.77,30.98,90.52,26.04
43,1426,745,Round Robin,480.31,769.34,37.57,79.09,33.16
72,1450,901,Reinforcement Learning,229.85,519.86,55.79,76.16,20.14
37,1726,819,Reinforcement Learning,267.55,330.25,18.99,75.46,46.65
17,904,598,Bin Packing,387.7,477.83,18.86,84.05,53.18
88,1431,712,Bin Packing,220.14,391.19,43.73,74.37,16.26
58,657,583,Bin Packing,401.52,671.39,40.2,69.04,11.33
11,419,145,Round Robin,129.56,383.17,66.19,84.11,38.09
83,1300,542,Reinforcement Learning,309.4,600.49,48.48,75.63,15.66
91,754,681,Bin Packing,148.93,353.45,57.86,60.56,8.29
18,1376,747,Reinforcement Learning,217.33,331.47,34.43,60.89,76.44
91,875,891,Round Robin,203.45,259.73,21.67,70.97,9.62
23,1054,678,Round Robin,435.57,541.3,19.53,80.5,45.83
58,1462,103,Bin Packing,177.41,396.23,55.23,74.17,25.21
97,426,835,Round Robin,423.38,704.95,39.94,60.96,4.39
24,1022,100,Round Robin,417.58,547.81,23.77,68.93,42.58
33,167,389,Reinforcement Learning,299.55,568.48,47.31,63.86,5.06
28,1078,208,FCFS,193.54,342.26,43.45,97.95,38.5
86,493,876,QoS Aware Heuristic,190.76,317.83,39.98,72.51,5.73
67,1425,674,Bin Packing,285.97,463.18,38.26,60.59,21.27
78,804,559,FCFS,103.52,264.09,60.8,86.42,10.31
61,1606,365,Bin Packing,312.54,590.99,47.12,69.3,26.33
12,1737,237,FCFS,481.11,648.17,25.77,82.67,144.75
94,689,533,Round Robin,161.88,281.21,42.43,66.03,7.33
66,173,143,Bin Packing,329.34,589.98,44.18,99.36,2.62
33,707,985,FCFS,484.71,784.4,38.21,98.81,21.42
78,1350,609,QoS Aware Heuristic,444.21,656.25,32.31,86.24,17.31
21,871,361,Round Robin,440.15,552.77,20.37,88.29,41.48
70,1467,827,Bin Packing,428.74,538.44,20.37,77.04,20.96
10,713,732,Bin Packing,223.61,288.04,22.37,98.49,71.3
62,409,251,FCFS,456.25,525.57,13.19,76.95,6.6
73,672,312,Bin Packing,476.54,755.29,36.91,69.58,9.21
32,1542,333,Round Robin,298.32,372.44,19.9,64.62,48.19
66,1701,962,Reinforcement Learning,241.83,412.92,41.43,68.33,25.77
45,1773,722,FCFS,265.69,490.22,45.8,82.89,39.4
73,1130,460,QoS Aware Heuristic,233.68,496.27,52.91,69.8,15.48
86,1324,419,Bin Packing,184.97,277.79,33.41,86.17,15.4
94,1969,321,Round Robin,347.38,506.82,31.46,75.29,20.95
88,968,837,Bin Packing,325.04,437.91,25.77,95.47,11.0
45,1223,309,QoS Aware Heuristic,285.03,398.99,28.56,82.34,27.18
53,501,495,Round Robin,138.34,264.3,47.66,84.9,9.45
95,1235,682,QoS Aware Heuristic,418.76,615.54,31.97,82.26,13.0
53,169,588,Round Robin,169.97,224.11,24.16,95.42,3.19
80,631,971,Reinforcement Learning,145.82,298.01,51.07,62.54,7.89
75,1997,700,Round Robin,349.23,445.94,21.69,62.69,26.63
7,1424,873,QoS Aware Heuristic,259.46,551.24,52.93,88.07,203.43
14,148,977,FCFS,123.92,319.6,61.23,90.72,10.57
93,1240,563,Reinforcement Learning,242.23,509.25,52.43,77.34,13.33
39,1883,799,Bin Packing,408.71,507.63,19.49,74.09,48.28
84,1736,723,Reinforcement Learning,346.1,598.6,42.18,71.12,20.67
6,1911,551,Reinforcement Learning,245.11,398.81,38.54,69.38,318.5
28,563,512,Bin Packing,176.72,271.14,34.82,96.48,20.11
78,713,850,Round Robin,352.72,593.03,40.52,71.81,9.14
42,450,575,Reinforcement Learning,455.02,695.52,34.58,85.92,10.71
26,414,355,Reinforcement Learning,358.51,657.48,45.47,91.48,15.92
30,1650,249,FCFS,425.16,670.39,36.58,60.88,55.0
47,1399,226,FCFS,308.61,394.93,21.86,61.35,29.77
59,630,491,QoS Aware Heuristic,387.19,517.83,25.23,73.33,10.68
43,1706,930,Bin Packing,458.49,621.42,26.22,87.84,39.67
95,670,579,Round Robin,409.27,490.93,16.63,70.43,7.05
33,877,496,Round Robin,463.94,710.95,34.74,60.06,26.58
24,296,501,QoS Aware Heuristic,272.46,454.13,40.0,71.53,12.33
95,483,373,Round Robin,461.69,747.8,38.26,63.61,5.08
45,1166,944,Round Robin,348.63,545.96,36.14,68.78,25.91
58,1341,238,FCFS,448.02,628.74,28.74,73.33,23.12
24,664,202,Round Robin,115.75,183.61,36.96,65.12,27.67
23,992,341,Round Robin,363.14,450.48,19.39,88.25,43.13
88,1012,216,QoS Aware Heuristic,439.19,701.57,37.4,70.24,11.5
70,673,313,QoS Aware Heuristic,169.68,467.35,63.69,86.44,9.61
34,370,583,Reinforcement Learning,364.71,518.5,29.66,83.96,10.88
57,1996,628,Round Robin,429.98,682.5,37.0,95.92,35.02
38,1889,790,Round Robin,215.18,422.08,49.02,63.52,49.71
26,905,323,Round Robin,262.1,551.86,52.51,68.58,34.81
71,111,369,FCFS,327.81,437.34,25.04,94.61,1.56
10,349,924,Round Robin,307.67,493.88,37.7,92.89,34.9
83,452,960,FCFS,115.68,267.88,56.82,67.68,5.45
31,1004,233,Reinforcement Learning,139.47,324.9,57.07,64.31,32.39
14,1721,213,Bin Packing,140.19,257.4,45.54,94.25,122.93
77,1640,540,Round Robin,204.91,379.35,45.98,67.13,21.3
52,1693,743,QoS Aware Heuristic,198.35,404.55,50.97,94.84,32.56
74,1376,750,QoS Aware Heuristic,396.89,467.19,15.05,98.44,18.59
63,1843,464,Round Robin,329.1,564.85,41.74,68.83,29.25
63,302,331,FCFS,405.59,632.22,35.85,93.62,4.79
6,1807,557,QoS Aware Heuristic,127.96,398.07,67.85,76.95,301.17
33,527,474,QoS Aware Heuristic,294.09,450.55,34.73,91.55,15.97
72,1442,703,Reinforcement Learning,229.51,294.93,22.18,76.3,20.03
69,1752,878,Reinforcement Learning,439.98,605.35,27.32,62.82,25.39
87,209,710,Reinforcement Learning,383.12,467.52,18.05,88.51,2.4
30,1010,306,QoS Aware Heuristic,447.7,659.56,32.12,66.03,33.67
93,1239,619,QoS Aware Heuristic,118.57,180.35,34.26,97.08,13.32
14,254,567,Round Robin,388.33,531.83,26.98,76.71,18.14
57,1340,981,Round Robin,316.0,386.71,18.29,63.28,23.51
83,1211,542,FCFS,430.0,480.84,10.57,69.14,14.59
63,1441,420,QoS Aware Heuristic,302.86,593.0,48.93,94.5,22.87
26,1516,192,Round Robin,316.08,615.11,48.61,72.84,58.31
55,907,507,Round Robin,120.71,309.59,61.01,94.25,16.49
52,809,257,Reinforcement Learning,367.41,477.15,23.0,66.89,15.56
25,1640,971,Reinforcement Learning,209.26,487.03,57.03,78.73,65.6
26,1989,198,Reinforcement Learning,107.88,388.64,72.24,95.13,76.5
34,770,324,Bin Packing,126.57,390.2,67.56,61.94,22.65
29,1090,951,Round Robin,482.91,669.0,27.82,72.17,37.59
32,117,540,Reinforcement Learning,238.43,307.11,22.36,96.39,3.66
69,182,819,Reinforcement Learning,447.23,519.34,13.88,83.86,2.64
49,1773,684,QoS Aware Heuristic,483.87,758.02,36.17,88.65,36.18
72,968,500,Reinforcement Learning,477.31,746.27,36.04,93.69,13.44
11,479,670,QoS Aware Heuristic,452.69,611.29,25.95,80.94,43.55
53,357,898,FCFS,457.94,589.98,22.38,93.81,6.74
13,699,163,Reinforcement Learning,215.6,426.63,49.46,85.55,53.77
40,1247,867,QoS Aware Heuristic,160.59,412.34,61.05,87.43,31.18
87,461,659,Reinforcement Learning,355.71,588.63,39.57,66.11,5.3
5,146,378,FCFS,295.24,499.14,40.85,97.56,29.2
14,1756,809,Reinforcement Learning,139.5,247.38,43.61,91.84,125.43
40,1227,769,QoS Aware Heuristic,371.02,486.65,23.76,70.17,30.68
77,1768,922,FCFS,325.14,556.16,41.54,83.2,22.96
50,1315,618,FCFS,445.23,695.88,36.02,75.06,26.3
36,1377,347,FCFS,343.67,422.7,18.7,86.42,38.25
36,1358,467,Bin Packing,329.58,426.4,22.71,99.75,37.72
10,1100,843,QoS Aware Heuristic,276.3,496.42,44.34,61.83,110.0
52,1475,717,Bin Packing,285.11,432.36,34.06,98.1,28.37
42,1433,197,FCFS,481.75,672.57,28.37,62.9,34.12
21,1133,367,Bin Packing,155.38,359.08,56.73,78.43,53.95
78,251,159,Reinforcement Learning,278.49,522.54,46.7,79.28,3.22
31,811,599,Bin Packing,362.33,613.76,40.97,70.75,26.16
58,923,407,Round Robin,273.2,393.22,30.52,82.67,15.91
54,630,592,FCFS,213.29,398.61,46.49,93.36,11.67
39,419,510,FCFS,214.94,295.82,27.34,71.76,10.74
89,582,239,QoS Aware Heuristic,193.46,453.96,57.38,62.82,6.54
29,1225,427,Reinforcement Learning,237.56,498.92,52.39,85.29,42.24
32,1175,563,QoS Aware Heuristic,448.67,573.55,21.77,90.07,36.72
19,948,801,Bin Packing,302.09,392.25,22.99,98.18,49.89
8,656,736,Round Robin,196.1,263.62,25.61,66.38,82.0
97,1519,262,Round Robin,253.81,447.55,43.29,96.05,15.66
77,922,159,Round Robin,142.33,215.19,33.86,79.28,11.97
31,1302,130,Round Robin,461.61,681.76,32.29,69.43,42.0
30,1198,432,Reinforcement Learning,263.28,482.81,45.47,98.51,39.93
23,819,175,Bin Packing,492.16,695.66,29.25,69.54,35.61
96,883,854,Round Robin,239.02,508.16,52.96,89.34,9.2
21,1048,416,FCFS,434.54,579.11,24.96,91.4,49.9
47,1954,869,Bin Packing,202.55,478.12,57.64,77.22,41.57
45,987,516,Reinforcement Learning,130.46,189.69,31.22,87.6,21.93
46,285,289,Round Robin,112.69,190.88,40.96,82.9,6.2
54,211,588,Reinforcement Learning,342.47,495.52,30.89,67.68,3.91
88,603,988,Round Robin,224.63,423.13,46.91,90.4,6.85
44,837,414,FCFS,277.41,335.5,17.31,97.12,19.02
43,1426,395,Bin Packing,427.46,619.32,30.98,79.55,33.16
27,1141,600,FCFS,199.24,326.09,38.9,99.77,42.26
56,1246,276,Round Robin,223.46,495.25,54.88,77.12,22.25
51,1916,899,QoS Aware Heuristic,438.13,621.45,29.5,79.19,37.57
67,1710,905,Bin Packing,297.1,494.07,39.87,86.96,25.52
73,1755,959,Reinforcement Learning,431.07,717.48,39.92,67.43,24.04
47,608,818,Round Robin,249.79,490.83,49.11,96.08,12.94
52,310,314,FCFS,259.35,418.92,38.09,92.05,5.96
38,266,955,QoS Aware Heuristic,166.86,336.08,50.35,94.9,7.0
44,1890,752,Round Robin,466.54,678.52,31.24,84.38,42.95
79,1197,696,Reinforcement Learning,458.71,558.76,17.91,95.35,15.15
65,854,793,FCFS,493.69,565.85,12.75,87.2,13.14
54,1235,431,Bin Packing,260.98,388.79,32.87,80.46,22.87
71,250,227,QoS Aware Heuristic,427.45,672.05,36.4,97.27,3.52
66,1527,368,Round Robin,265.98,380.31,30.06,77.59,23.14
62,451,650,Round Robin,281.72,364.41,22.69,80.02,7.27
37,1535,634,Round Robin,432.0,536.76,19.52,66.78,41.49
79,324,853,Round Robin,170.95,390.69,56.24,97.91,4.1
20,255,465,FCFS,188.12,391.61,51.96,68.84,12.75
86,1113,718,Bin Packing,225.89,447.97,49.57,68.06,12.94
98,1346,447,Reinforcement Learning,415.27,545.76,23.91,64.05,13.73
52,1773,241,QoS Aware Heuristic,249.06,524.27,52.49,78.13,34.1
14,916,244,Round Robin,243.27,406.21,40.11,70.94,65.43
86,142,891,Round Robin,499.53,677.96,26.32,89.63,1.65
42,1115,344,Bin Packing,253.52,540.72,53.11,72.3,26.55
23,1538,541,Bin Packing,199.11,493.93,59.69,88.83,66.87
40,428,802,FCFS,349.29,564.68,38.14,67.84,10.7
63,1180,389,FCFS,420.75,706.95,40.48,69.2,18.73
67,1401,790,FCFS,127.84,313.22,59.19,92.25,20.91
81,114,211,QoS Aware Heuristic,347.56,474.38,26.73,74.84,1.41
50,414,313,FCFS,114.29,243.06,52.98,64.47,8.28
7,870,749,Round Robin,310.53,500.27,37.93,98.46,124.29
78,1557,985,FCFS,202.8,404.06,49.81,67.1,19.96
69,1720,299,QoS Aware Heuristic,222.66,382.56,41.8,66.01,24.93
95,1974,504,FCFS,286.84,557.78,48.57,74.34,20.78
12,1097,520,FCFS,470.84,627.51,24.97,63.83,91.42
55,589,106,Round Robin,384.27,502.63,23.55,66.22,10.71
85,1135,957,Round Robin,474.74,526.74,9.87,93.86,13.35
77,540,624,Round Robin,363.99,656.63,44.57,66.86,7.01
10,1346,691,FCFS,102.84,358.92,71.35,64.46,134.6
93,278,385,Round Robin,206.23,410.12,49.71,95.2,2.99
43,1093,770,Bin Packing,462.31,719.95,35.79,77.75,25.42
64,52,488,Reinforcement Learning,357.38,609.95,41.41,66.29,0.81
32,1494,515,Reinforcement Learning,492.66,775.62,36.48,83.26,46.69
58,1803,883,Round Robin,162.39,308.91,47.43,61.66,31.09
41,960,812,QoS Aware Heuristic,218.7,407.41,46.32,77.1,23.41
13,356,249,Round Robin,244.95,319.61,23.36,83.61,27.38
86,481,527,Round Robin,230.62,521.95,55.82,98.28,5.59
60,185,907,FCFS,200.8,497.08,59.6,73.06,3.08
63,1982,392,QoS Aware Heuristic,277.39,524.66,47.13,90.6,31.46
89,564,433,Round Robin,356.92,520.45,31.42,65.31,6.34
6,242,371,Bin Packing,224.5,398.64,43.68,77.34,40.33
65,1658,142,Reinforcement Learning,131.88,290.72,54.64,68.93,25.51
62,1488,567,Bin Packing,383.41,506.74,24.34,79.7,24.0
64,922,418,Bin Packing,283.61,465.56,39.08,76.69,14.41
44,1191,591,Bin Packing,322.59,385.95,16.42,99.19,27.07
40,715,626,QoS Aware Heuristic,282.16,580.13,51.36,96.7,17.88
41,258,859,QoS Aware Heuristic,456.14,612.15,25.49,83.29,6.29
83,1001,271,QoS Aware Heuristic,323.5,605.34,46.56,67.06,12.06
96,1107,829,Reinforcement Learning,469.31,700.38,32.99,82.28,11.53
22,698,748,FCFS,304.23,426.72,28.71,91.68,31.73
67,1391,420,Round Robin,217.04,322.55,32.71,61.52,20.76
26,169,838,Round Robin,242.18,541.1,55.24,77.36,6.5
15,676,143,FCFS,308.85,551.88,44.04,61.71,45.07
62,574,631,Round Robin,312.0,424.42,26.49,69.76,9.26
61,1654,730,Bin Packing,374.94,441.8,15.13,63.68,27.11
81,1918,553,Reinforcement Learning,189.8,414.03,54.16,98.42,23.68
8,818,845,Round Robin,363.54,489.29,25.7,66.75,102.25
90,1162,979,Reinforcement Learning,411.44,516.77,20.38,66.0,12.91
11,561,990,FCFS,370.64,604.37,38.67,98.88,51.0
65,96,947,Round Robin,292.73,512.55,42.89,80.64,1.48
58,821,967,Reinforcement Learning,496.67,667.02,25.54,90.32,14.16
92,789,873,Bin Packing,261.93,547.59,52.17,73.09,8.58
72,1765,182,Bin Packing,142.64,362.55,60.66,81.31,24.51
96,571,642,FCFS,428.6,701.95,38.94,60.27,5.95
83,1357,421,QoS Aware Heuristic,184.88,282.52,34.56,76.35,16.35
5,1450,885,Round Robin,385.31,509.47,24.37,82.2,290.0
59,1711,333,Bin Packing,171.59,247.72,30.73,80.58,29.0
7,183,639,Bin Packing,106.75,232.89,54.16,76.23,26.14
82,1740,351,FCFS,163.92,456.86,64.12,91.52,21.22
42,297,935,Bin Packing,250.8,541.51,53.69,80.07,7.07
5,1725,864,Round Robin,142.65,382.75,62.73,85.44,345.0
42,1391,548,FCFS,179.07,359.33,50.17,67.38,33.12
89,485,338,Reinforcement Learning,405.85,651.04,37.66,94.46,5.45
33,1249,589,FCFS,407.95,596.32,31.59,74.51,37.85
9,1908,981,Round Robin,427.0,477.88,10.65,79.28,212.0
78,735,563,Round Robin,436.46,611.85,28.67,74.09,9.42
96,635,413,Reinforcement Learning,268.17,467.9,42.69,95.68,6.61
25,400,274,FCFS,447.02,563.46,20.67,96.03,16.0
75,192,805,Round Robin,310.37,411.19,24.52,68.97,2.56
71,1016,279,Round Robin,288.24,406.69,29.13,90.11,14.31
51,853,484,Reinforcement Learning,387.41,593.32,34.7,64.12,16.73
88,1471,394,QoS Aware Heuristic,185.53,272.05,31.8,61.19,16.72
87,1697,314,FCFS,415.8,645.88,35.62,93.46,19.51
39,767,814,Round Robin,271.79,427.46,36.42,65.25,19.67
72,692,861,Bin Packing,150.92,289.26,47.83,66.19,9.61
73,1442,973,Reinforcement Learning,147.72,399.53,63.03,84.26,19.75
5,550,868,QoS Aware Heuristic,165.96,342.48,51.54,92.67,110.0
72,1695,174,QoS Aware Heuristic,456.23,600.83,24.07,67.58,23.54
16,419,443,Reinforcement Learning,496.38,765.92,35.19,64.57,26.19
64,1652,813,QoS Aware Heuristic,242.79,384.85,36.91,63.09,25.81
31,1455,241,Round Robin,216.86,481.61,54.97,60.99,46.94
60,1159,817,QoS Aware Heuristic,187.51,363.56,48.42,64.66,19.32
27,836,298,FCFS,429.53,531.53,19.19,97.71,30.96
29,788,270,Bin Packing,183.68,386.88,52.52,63.81,27.17
25,1533,505,Round Robin,469.64,590.97,20.53,83.9,61.32
65,999,927,Reinforcement Learning,366.94,453.73,19.13,96.84,15.37
67,1398,327,Bin Packing,458.85,530.48,13.5,85.11,20.87
56,571,510,Round Robin,321.6,432.02,25.56,61.31,10.2
92,538,997,Bin Packing,376.27,610.41,38.36,83.86,5.85
29,446,790,QoS Aware Heuristic,347.78,607.28,42.73,96.12,15.38
59,945,977,Reinforcement Learning,432.48,697.91,38.03,72.9,16.02
50,404,886,Reinforcement Learning,434.34,551.88,21.3,72.55,8.08
36,996,161,FCFS,335.92,551.16,39.05,69.95,27.67
59,337,426,QoS Aware Heuristic,353.0,460.59,23.36,80.22,5.71
9,1532,815,FCFS,468.75,674.44,30.5,69.52,170.22
40,1697,978,FCFS,471.95,743.75,36.54,88.95,42.42
53,1047,232,QoS Aware Heuristic,365.7,425.92,14.14,85.79,19.75
62,585,683,Round Robin,103.1,399.41,74.19,76.03,9.44
43,1364,689,FCFS,141.76,398.53,64.43,88.9,31.72
84,900,288,Bin Packing,443.18,683.6,35.17,63.94,10.71
89,887,455,Round Robin,133.89,356.73,62.47,89.98,9.97
65,217,170,QoS Aware Heuristic,185.41,427.98,56.68,84.12,3.34
13,999,362,Reinforcement Learning,192.22,490.87,60.84,85.2,76.85
10,670,405,Round Robin,340.09,582.64,41.63,62.59,67.0
39,477,657,FCFS,330.65,468.55,29.43,84.73,12.23
43,1775,323,Bin Packing,215.77,419.25,48.53,79.76,41.28
26,539,427,QoS Aware Heuristic,183.04,317.27,42.31,79.43,20.73
45,404,861,Reinforcement Learning,405.81,698.33,41.89,72.87,8.98
9,245,687,Bin Packing,474.18,749.21,36.71,60.3,27.22
46,594,173,Reinforcement Learning,121.12,313.03,61.31,76.91,12.91
91,766,610,QoS Aware Heuristic,153.27,398.59,61.55,76.04,8.42
85,873,241,Round Robin,356.87,634.29,43.74,76.91,10.27
80,981,684,FCFS,421.78,532.68,20.82,84.48,12.26
91,1767,201,QoS Aware Heuristic,416.48,611.35,31.88,72.0,19.42
84,1052,705,Bin Packing,387.87,558.3,30.53,70.78,12.52
71,708,680,Round Robin,454.97,697.87,34.81,79.91,9.97
34,988,164,Reinforcement Learning,186.94,331.71,43.64,83.69,29.06
61,829,292,Round Robin,142.92,370.16,61.39,82.69,13.59
90,60,161,Round Robin,346.15,496.9,30.34,95.27,0.67
77,1655,631,Bin Packing,428.91,506.68,15.35,90.77,21.49
33,1329,340,FCFS,332.82,409.6,18.75,62.09,40.27
41,445,814,Round Robin,485.2,564.96,14.12,82.54,10.85
91,780,509,Round Robin,418.23,476.36,12.2,76.71,8.57
17,1882,399,FCFS,380.32,563.56,32.51,74.44,110.71
36,458,294,FCFS,124.1,342.08,63.72,98.32,12.72
50,411,553,Reinforcement Learning,143.1,224.78,36.34,78.27,8.22
27,1332,673,Reinforcement Learning,413.94,616.9,32.9,88.78,49.33
49,1076,718,FCFS,179.3,378.74,52.66,98.68,21.96
21,133,736,QoS Aware Heuristic,111.53,198.3,43.76,66.04,6.33
89,205,400,FCFS,464.3,615.32,24.54,62.18,2.3
70,1736,878,Reinforcement Learning,456.32,695.1,34.35,72.54,24.8
10,1249,555,Bin Packing,187.39,241.58,22.43,61.78,124.9
22,756,301,Bin Packing,412.08,498.82,17.39,64.67,34.36
98,521,773,Round Robin,119.19,418.15,71.5,99.67,5.32
26,668,955,Bin Packing,214.02,447.41,52.16,98.41,25.69
37,1497,401,Reinforcement Learning,349.47,515.5,32.21,87.65,40.46
34,183,723,Bin Packing,405.27,612.72,33.86,90.12,5.38
85,837,436,QoS Aware Heuristic,104.16,365.72,71.52,65.62,9.85
36,956,131,FCFS,230.48,491.06,53.06,83.81,26.56
46,913,197,FCFS,185.74,316.92,41.39,66.18,19.85
82,1453,858,Reinforcement Learning,499.51,672.33,25.7,75.14,17.72
14,716,872,Round Robin,368.39,577.9,36.25,73.81,51.14
40,326,290,FCFS,262.27,330.24,20.58,84.56,8.15
38,1309,640,Bin Packing,130.26,416.71,68.74,63.19,34.45
77,1825,147,QoS Aware Heuristic,339.47,497.66,31.79,64.14,23.7
32,931,349,Round Robin,356.68,499.4,28.58,84.4,29.09
15,62,325,Round Robin,426.56,703.34,39.35,85.44,4.13
82,391,371,Round Robin,215.43,295.0,26.97,73.6,4.77
43,84,764,FCFS,492.57,552.39,10.83,65.87,1.95
51,608,584,Round Robin,275.79,497.04,44.51,95.44,11.92
23,1287,427,Reinforcement Learning,218.38,364.63,40.11,62.12,55.96
19,1485,896,Bin Packing,239.38,480.5,50.18,88.7,78.16
32,454,279,QoS Aware Heuristic,307.83,374.97,17.91,65.6,14.19
28,1567,913,Bin Packing,474.68,620.62,23.52,85.49,55.96
76,707,764,Reinforcement Learning,394.06,502.89,21.64,86.55,9.3
13,208,845,Reinforcement Learning,330.84,565.74,41.52,92.17,16.0
51,1005,122,Bin Packing,165.12,271.91,39.27,75.8,19.71
37,1710,705,FCFS,159.74,324.23,50.73,60.87,46.22
66,1183,469,Reinforcement Learning,300.88,555.6,45.85,92.44,17.92
23,598,344,Round Robin,391.48,670.33,41.6,77.76,26.0
71,1862,901,QoS Aware Heuristic,400.4,631.05,36.55,93.88,26.23
78,1599,259,QoS Aware Heuristic,190.37,347.68,45.25,91.04,20.5
44,1034,472,Reinforcement Learning,140.04,333.04,57.95,79.93,23.5
51,1420,384,Round Robin,253.78,476.2,46.71,99.98,27.84
69,1817,620,Bin Packing,467.27,736.0,36.51,78.48,26.33
33,1901,549,QoS Aware Heuristic,318.15,590.29,46.1,87.86,57.61
54,1709,796,Round Robin,228.04,510.78,55.35,86.79,31.65
17,328,906,Round Robin,229.46,482.14,52.41,80.72,19.29
5,528,746,FCFS,152.83,239.53,36.2,83.41,105.6
38,160,721,Reinforcement Learning,289.29,526.2,45.02,91.94,4.21
97,1709,680,Round Robin,416.55,670.2,37.85,82.86,17.62
52,1998,235,Bin Packing,487.42,756.89,35.6,78.01,38.42
81,480,195,QoS Aware Heuristic,300.64,581.84,48.33,86.48,5.93
52,591,218,FCFS,166.89,344.18,51.51,61.42,11.37
53,1188,473,Bin Packing,373.18,586.95,36.42,64.37,22.42
68,1163,373,QoS Aware Heuristic,402.72,455.11,11.51,65.02,17.1
65,1285,969,Reinforcement Learning,128.68,321.88,60.02,77.03,19.77
33,1623,977,Bin Packing,440.06,608.36,27.66,94.87,49.18
43,1668,949,QoS Aware Heuristic,431.73,722.31,40.23,85.73,38.79
92,1612,276,FCFS,289.02,564.45,48.8,98.9,17.52
30,1802,972,QoS Aware Heuristic,324.17,573.57,43.48,61.6,60.07
21,409,848,Round Robin,385.36,449.61,14.29,88.88,19.48
75,1559,883,FCFS,370.7,521.21,28.88,72.57,20.79
17,421,376,Bin Packing,106.61,330.62,67.75,60.93,24.76
73,1288,237,Reinforcement Learning,148.97,206.39,27.82,93.04,17.64
30,1806,973,FCFS,165.04,273.99,39.76,66.51,60.2
53,1088,231,FCFS,402.27,674.15,40.33,68.56,20.53
71,1004,143,FCFS,276.03,358.48,23.0,73.62,14.14
11,308,222,QoS Aware Heuristic,318.2,381.04,16.49,91.53,28.0
62,827,235,Round Robin,409.07,604.22,32.3,84.98,13.34
53,1536,466,Reinforcement Learning,236.39,523.01,54.8,70.59,28.98
57,169,472,Reinforcement Learning,399.56,658.22,39.3,66.74,2.96
69,1025,225,Round Robin,276.92,570.61,51.47,64.38,14.86
66,962,538,QoS Aware Heuristic,250.87,489.25,48.72,65.99,14.58
21,1201,886,QoS Aware Heuristic,233.21,392.55,40.59,94.73,57.19
47,772,675,Round Robin,485.98,772.63,37.1,96.91,16.43
29,572,907,Round Robin,408.79,565.45,27.71,98.72,19.72
7,1761,843,Bin Packing,108.08,245.6,55.99,93.39,251.57
83,1718,150,QoS Aware Heuristic,482.97,645.02,25.12,95.5,20.7
33,374,236,FCFS,410.18,663.67,38.2,92.64,11.33
36,1393,257,Reinforcement Learning,159.67,439.09,63.64,98.32,38.69
30,1579,155,QoS Aware Heuristic,130.54,269.96,51.64,93.83,52.63
20,1599,692,Round Robin,223.28,388.84,42.58,78.48,79.95
29,1123,843,FCFS,349.67,624.25,43.99,72.93,38.72
58,1995,527,Bin Packing,346.62,408.38,15.12,83.37,34.4
32,1657,542,Bin Packing,210.34,456.31,53.9,84.33,51.78
77,118,425,FCFS,278.27,441.82,37.02,83.0,1.53
60,440,739,FCFS,184.76,328.89,43.82,88.27,7.33
69,432,737,Round Robin,120.23,281.96,57.36,87.96,6.26
97,65,928,Round Robin,306.79,461.46,33.52,63.49,0.67
90,1512,179,Reinforcement Learning,238.8,477.95,50.04,71.42,16.8
84,895,573,Reinforcement Learning,317.15,599.14,47.07,95.59,10.65
45,918,476,Bin Packing,478.6,651.46,26.53,83.6,20.4
55,617,968,FCFS,157.35,415.53,62.13,73.14,11.22
75,1690,432,Bin Packing,100.78,333.77,69.81,94.02,22.53
82,181,274,Round Robin,130.75,263.42,50.36,69.96,2.21
33,1633,756,QoS Aware Heuristic,285.08,481.91,40.84,76.37,49.48
87,1321,540,Round Robin,382.77,599.47,36.15,71.05,15.18
23,322,225,QoS Aware Heuristic,332.31,388.18,14.39,94.85,14.0
70,1696,793,FCFS,297.96,446.95,33.33,89.13,24.23
45,1911,318,FCFS,241.59,539.75,55.24,78.41,42.47
49,1921,377,FCFS,223.99,433.3,48.31,97.29,39.2
19,1422,584,Reinforcement Learning,250.51,384.07,34.77,97.1,74.84
7,533,694,Reinforcement Learning,344.65,457.16,24.61,88.46,76.14
15,599,240,QoS Aware Heuristic,167.1,269.47,37.99,95.68,39.93
57,406,945,Bin Packing,408.54,558.95,26.91,88.78,7.12
50,1825,706,Bin Packing,330.1,428.42,22.95,85.13,36.5
34,1391,976,QoS Aware Heuristic,207.66,291.46,28.75,76.83,40.91
61,1706,805,Reinforcement Learning,300.46,441.48,31.94,70.94,27.97
22,1121,209,Round Robin,485.11,686.86,29.37,62.41,50.95
55,1083,151,QoS Aware Heuristic,108.2,194.8,44.46,92.03,19.69
52,282,714,Bin Packing,179.81,240.9,25.36,64.89,5.42
70,85,712,QoS Aware Heuristic,279.35,338.01,17.35,76.41,1.21
12,462,753,QoS Aware Heuristic,355.38,472.23,24.74,69.39,38.5
26,1535,812,FCFS,184.89,282.42,34.53,78.19,59.04
10,1077,418,Reinforcement Learning,472.56,657.37,28.11,72.6,107.7
80,93,298,FCFS,357.03,520.96,31.47,93.19,1.16
61,617,895,Reinforcement Learning,450.97,582.16,22.54,99.13,10.11
40,1627,828,QoS Aware Heuristic,231.73,490.12,52.72,97.66,40.67
83,1328,145,Reinforcement Learning,431.58,607.82,29.0,84.89,16.0
96,789,604,Bin Packing,251.29,324.17,22.48,99.17,8.22
61,163,639,FCFS,201.1,325.04,38.13,76.03,2.67
53,1822,613,QoS Aware Heuristic,464.66,757.99,38.7,80.9,34.38
49,446,994,Bin Packing,136.89,431.13,68.25,70.27,9.1
86,1247,116,Reinforcement Learning,477.16,590.83,19.24,95.92,14.5
70,1328,414,Reinforcement Learning,283.41,375.22,24.47,67.19,18.97
81,515,535,Bin Packing,497.05,670.97,25.92,84.42,6.36
49,1350,487,Reinforcement Learning,315.84,486.21,35.04,91.98,27.55
83,1537,176,FCFS,403.0,555.53,27.46,83.82,18.52
24,896,998,Round Robin,102.83,285.17,63.94,63.15,37.33
68,551,470,Reinforcement Learning,298.67,406.72,26.57,84.46,8.1
97,490,264,QoS Aware Heuristic,394.98,473.71,16.62,90.68,5.05
97,118,708,Reinforcement Learning,413.13,605.75,31.8,67.51,1.22
71,1582,716,QoS Aware Heuristic,163.22,446.37,63.43,89.48,22.28
87,375,123,Reinforcement Learning,267.59,352.03,23.99,95.14,4.31
7,1815,811,Reinforcement Learning,267.63,493.83,45.81,99.46,259.29
58,116,134,QoS Aware Heuristic,141.46,300.93,52.99,76.4,2.0
82,353,613,FCFS,277.22,400.71,30.82,61.01,4.3
68,1021,900,Round Robin,422.84,686.12,38.37,76.76,15.01
44,533,943,Round Robin,220.07,384.19,42.72,86.41,12.11
63,978,953,FCFS,273.03,468.86,41.77,95.65,15.52
59,1621,560,Reinforcement Learning,484.38,645.14,24.92,97.52,27.47
66,1490,237,Round Robin,112.68,182.99,38.42,96.38,22.58
8,1232,948,FCFS,336.61,535.34,37.12,86.32,154.0
64,198,673,FCFS,397.37,552.08,28.02,87.3,3.09
79,1100,910,Round Robin,404.35,476.04,15.06,60.1,13.92
99,1036,808,QoS Aware Heuristic,386.38,585.33,33.99,74.55,10.46
95,633,988,Bin Packing,390.58,443.05,11.84,96.27,6.66
34,297,670,QoS Aware Heuristic,123.61,225.74,45.24,87.58,8.74
6,1174,364,Reinforcement Learning,313.65,558.92,43.88,78.72,195.67
66,751,432,QoS Aware Heuristic,413.19,472.67,12.58,64.17,11.38
53,145,287,Bin Packing,137.63,349.3,60.6,69.85,2.74
13,1457,162,Bin Packing,104.82,392.25,73.28,82.2,112.08
96,331,919,FCFS,425.82,518.62,17.89,95.9,3.45
35,371,378,Reinforcement Learning,384.92,539.2,28.61,63.83,10.6
65,1469,641,FCFS,264.88,458.75,42.26,66.15,22.6
83,1351,270,QoS Aware Heuristic,476.16,638.76,25.46,86.2,16.28
52,578,602,QoS Aware Heuristic,406.64,611.73,33.53,71.77,11.12
29,312,632,Round Robin,487.14,638.16,23.66,66.79,10.76
40,1692,398,FCFS,471.73,558.86,15.59,67.14,42.3
12,629,300,FCFS,292.52,364.78,19.81,79.7,52.42
77,1713,234,FCFS,401.88,637.99,37.01,83.35,22.25
62,1366,371,FCFS,367.68,477.34,22.97,96.17,22.03
49,343,634,Bin Packing,424.58,686.44,38.15,81.19,7.0
66,1681,541,Round Robin,415.08,650.84,36.22,87.65,25.47
43,444,186,Reinforcement Learning,161.29,223.65,27.88,67.23,10.33
62,562,130,Reinforcement Learning,193.49,293.79,34.14,88.54,9.06
85,970,220,Reinforcement Learning,206.29,329.29,37.35,85.95,11.41
87,859,168,Bin Packing,427.4,626.02,31.73,68.65,9.87
68,1253,745,Round Robin,424.3,676.76,37.3,86.78,18.43
48,969,982,Round Robin,298.13,363.21,17.92,68.46,20.19
33,742,926,Bin Packing,332.33,444.73,25.27,83.74,22.48
63,284,595,FCFS,430.77,574.82,25.06,86.75,4.51
75,1001,245,QoS Aware Heuristic,225.04,320.88,29.87,87.73,13.35
96,1904,432,FCFS,120.07,306.39,60.81,96.37,19.83
13,1410,580,Reinforcement Learning,293.04,462.54,36.65,97.91,108.46
96,1081,362,FCFS,465.49,594.61,21.72,92.41,11.26
10,1516,392,Bin Packing,416.19,595.41,30.1,95.15,151.6
33,588,528,Reinforcement Learning,246.65,385.61,36.04,60.77,17.82
62,869,185,QoS Aware Heuristic,125.91,261.71,51.89,74.51,14.02
21,1731,115,Reinforcement Learning,354.77,471.12,24.7,61.59,82.43
20,1164,827,FCFS,433.8,618.91,29.91,68.99,58.2
91,1927,727,Round Robin,365.98,527.01,30.56,75.27,21.18
99,321,217,Round Robin,270.03,369.11,26.84,94.7,3.24
7,1907,369,Round Robin,149.34,202.58,26.28,80.47,272.43
25,1078,494,Reinforcement Learning,464.31,552.04,15.89,85.95,43.12
68,1667,954,Round Robin,210.38,271.09,22.39,74.51,24.51
94,1972,261,Bin Packing,189.71,347.61,45.42,84.12,20.98
40,1292,799,QoS Aware Heuristic,426.39,532.66,19.95,92.62,32.3
90,1191,203,Round Robin,492.49,647.6,23.95,72.05,13.23
66,642,752,Bin Packing,364.06,496.42,26.66,97.29,9.73
46,1025,266,Bin Packing,349.92,534.42,34.52,68.53,22.28
80,1655,399,Reinforcement Learning,227.77,458.74,50.35,96.77,20.69
46,164,127,Reinforcement Learning,108.17,278.0,61.09,61.13,3.57
65,312,523,QoS Aware Heuristic,176.72,242.21,27.04,81.71,4.8
17,1379,883,QoS Aware Heuristic,333.77,388.15,14.01,99.41,81.12
15,1727,661,FCFS,160.53,263.84,39.16,84.39,115.13
58,1495,982,QoS Aware Heuristic,453.53,609.77,25.62,82.19,25.78
20,256,255,Reinforcement Learning,175.26,236.49,25.89,87.3,12.8
12,1696,423,Bin Packing,308.84,440.77,29.93,71.57,141.33
63,352,447,FCFS,304.81,576.57,47.13,62.16,5.59
61,161,220,QoS Aware Heuristic,341.58,414.08,17.51,70.04,2.64
44,1490,751,Bin Packing,230.97,518.1,55.42,67.05,33.86
63,1628,627,Reinforcement Learning,449.41,713.58,37.02,96.94,25.84
6,1932,920,Round Robin,277.72,535.67,48.15,94.09,322.0
98,1358,660,FCFS,380.06,645.97,41.16,72.71,13.86
98,1713,263,Bin Packing,354.36,424.37,16.5,93.44,17.48
80,234,161,Reinforcement Learning,146.86,234.65,37.41,68.47,2.92
14,1814,439,Reinforcement Learning,349.06,432.65,19.32,67.98,129.57
48,950,765,FCFS,320.28,398.09,19.55,90.7,19.79
15,270,411,FCFS,459.44,591.37,22.31,73.08,18.0
83,1937,475,QoS Aware Heuristic,452.35,709.9,36.28,62.59,23.34
84,1517,445,QoS Aware Heuristic,160.38,273.37,41.33,88.8,18.06
85,1190,249,FCFS,132.67,243.73,45.57,99.58,14.0
94,1143,987,FCFS,217.84,436.81,50.13,82.64,12.16
6,947,684,Bin Packing,494.65,568.88,13.05,70.55,157.83
54,1143,680,QoS Aware Heuristic,108.63,248.7,56.32,74.92,21.17
16,671,276,Reinforcement Learning,369.16,493.02,25.12,85.95,41.94
94,476,453,QoS Aware Heuristic,343.41,605.24,43.26,88.06,5.06
27,693,613,QoS Aware Heuristic,358.63,537.26,33.25,95.45,25.67
22,617,408,FCFS,187.31,398.93,53.05,96.35,28.05
66,492,218,FCFS,190.69,272.95,30.14,94.45,7.45
66,650,618,QoS Aware Heuristic,272.26,554.49,50.9,85.94,9.85
42,1210,866,Round Robin,138.34,268.95,48.56,77.99,28.81
71,553,577,Round Robin,129.85,356.56,63.58,87.17,7.79
42,180,513,QoS Aware Heuristic,135.34,424.0,68.08,86.66,4.29
71,267,686,Round Robin,329.19,506.35,34.99,68.72,3.76
98,737,450,QoS Aware Heuristic,259.1,435.98,40.57,80.3,7.52
65,220,605,FCFS,217.45,296.76,26.73,68.33,3.38
5,1548,294,FCFS,226.33,373.9,39.47,95.96,309.6
98,661,286,FCFS,182.91,446.03,58.99,72.93,6.74
49,1041,549,Reinforcement Learning,264.6,348.38,24.05,92.22,21.24
32,1202,595,FCFS,181.22,460.6,60.66,75.09,37.56
25,106,614,FCFS,379.22,596.05,36.38,90.55,4.24
17,1254,795,QoS Aware Heuristic,149.57,304.81,50.93,68.84,73.76
31,295,946,Round Robin,479.3,665.92,28.02,90.55,9.52
11,193,372,Round Robin,135.93,223.55,39.19,67.18,17.55
26,1124,979,FCFS,477.38,581.75,17.94,79.63,43.23
78,417,151,FCFS,433.32,554.92,21.91,64.55,5.35
57,1532,362,FCFS,372.28,518.49,28.2,81.12,26.88
83,267,467,QoS Aware Heuristic,464.92,743.8,37.49,92.83,3.22
83,665,232,QoS Aware Heuristic,155.69,297.58,47.68,90.22,8.01
8,1968,324,QoS Aware Heuristic,170.53,351.49,51.48,62.03,246.0
27,1640,409,Round Robin,200.86,291.37,31.06,79.69,60.74
74,1330,672,Reinforcement Learning,197.92,431.91,54.18,94.09,17.97
92,1931,976,Round Robin,224.34,414.41,45.87,86.0,20.99
88,1229,115,QoS Aware Heuristic,330.25,490.23,32.63,62.37,13.97
88,1638,840,Bin Packing,111.27,398.07,72.05,73.03,18.61
80,491,294,Reinforcement Learning,252.91,525.57,51.88,82.26,6.14
37,890,862,FCFS,198.55,413.43,51.97,66.91,24.05
32,1005,542,Round Robin,342.65,623.1,45.01,87.28,31.41
12,748,402,Reinforcement Learning,494.07,685.27,27.9,85.39,62.33
5,925,147,Bin Packing,307.06,563.79,45.54,68.1,185.0
41,1735,846,Reinforcement Learning,270.27,422.64,36.05,82.02,42.32
67,825,220,Round Robin,247.3,318.99,22.47,92.47,12.31
26,811,598,QoS Aware Heuristic,413.98,712.52,41.9,74.99,31.19
74,994,931,FCFS,128.79,220.2,41.51,69.88,13.43
25,1883,661,QoS Aware Heuristic,483.91,596.79,18.91,88.05,75.32
39,972,568,QoS Aware Heuristic,267.17,357.95,25.36,62.83,24.92
83,984,140,Round Robin,225.48,359.85,37.34,93.31,11.86
9,1796,555,QoS Aware Heuristic,489.63,611.95,19.99,97.74,199.56
64,74,633,QoS Aware Heuristic,474.35,674.63,29.69,98.59,1.16
50,855,470,Round Robin,356.77,655.89,45.61,77.3,17.1
54,1926,281,Round Robin,107.4,170.53,37.02,84.93,35.67
52,1737,616,Bin Packing,399.41,644.02,37.98,94.29,33.4
10,1609,756,QoS Aware Heuristic,234.22,316.22,25.93,68.94,160.9
93,813,968,Reinforcement Learning,255.31,310.27,17.71,61.11,8.74
60,1133,689,FCFS,163.5,373.14,56.18,75.38,18.88
63,1540,330,FCFS,309.38,577.71,46.45,95.37,24.44
33,483,908,Round Robin,397.82,491.89,19.12,80.2,14.64
75,928,447,Round Robin,209.2,344.6,39.29,81.21,12.37
81,1139,578,Bin Packing,475.49,567.68,16.24,87.66,14.06
22,959,308,QoS Aware Heuristic,177.89,454.52,60.86,82.98,43.59
6,614,774,Round Robin,126.5,244.09,48.17,62.18,102.33
12,155,779,Round Robin,357.75,518.93,31.06,82.43,12.92
79,145,377,FCFS,439.73,713.42,38.36,85.92,1.84
58,1761,848,QoS Aware Heuristic,481.25,669.47,28.11,85.66,30.36
42,1624,787,Bin Packing,406.87,690.08,41.04,89.13,38.67
52,217,152,Round Robin,179.86,461.47,61.02,80.8,4.17
31,91,960,Round Robin,491.06,656.46,25.2,96.0,2.94
24,1952,109,Round Robin,467.77,663.37,29.49,78.57,81.33
16,153,757,FCFS,165.27,272.85,39.43,80.73,9.56
47,1918,838,Round Robin,323.51,621.14,47.92,91.21,40.81
65,1277,847,Round Robin,322.21,441.79,27.07,93.33,19.65
35,569,563,FCFS,277.01,522.84,47.02,85.93,16.26
95,331,853,Round Robin,493.71,621.95,20.62,65.05,3.48
65,1981,916,QoS Aware Heuristic,123.85,252.11,50.87,73.28,30.48
78,1116,682,QoS Aware Heuristic,350.88,426.85,17.8,60.81,14.31
71,996,257,FCFS,182.12,372.09,51.05,71.82,14.03
95,1183,118,QoS Aware Heuristic,310.93,422.14,26.34,82.81,12.45
39,1283,154,Bin Packing,411.9,499.0,17.45,92.21,32.9
99,798,826,Round Robin,198.69,305.36,34.93,83.43,8.06
19,1941,820,Bin Packing,257.34,370.11,30.47,61.6,102.16
20,880,120,QoS Aware Heuristic,480.31,656.33,26.82,70.36,44.0
17,98,381,FCFS,404.59,551.07,26.58,83.12,5.76
39,164,860,FCFS,329.09,397.96,17.31,88.36,4.21
79,1228,639,Bin Packing,188.8,372.81,49.36,94.66,15.54
63,1722,516,QoS Aware Heuristic,270.12,517.06,47.76,98.71,27.33
25,552,907,Round Robin,409.62,603.18,32.09,95.67,22.08
58,1752,822,QoS Aware Heuristic,428.22,721.86,40.68,78.69,30.21
79,1906,384,QoS Aware Heuristic,197.84,272.63,27.43,89.88,24.13
34,1784,631,FCFS,364.82,620.11,41.17,69.62,52.47
52,1035,631,Reinforcement Learning,138.0,314.42,56.11,62.55,19.9
39,120,610,Round Robin,109.28,289.68,62.28,62.2,3.08
90,1061,941,Round Robin,319.47,499.24,36.01,69.65,11.79
42,1592,495,FCFS,189.75,321.08,40.9,61.5,37.9
35,1785,219,QoS Aware Heuristic,131.56,262.7,49.92,94.01,51.0
82,1409,196,FCFS,391.93,599.89,34.67,79.6,17.18
28,116,219,QoS Aware Heuristic,299.19,360.38,16.98,92.44,4.14
53,1566,636,Reinforcement Learning,418.51,615.71,32.03,97.6,29.55
36,1723,252,Reinforcement Learning,365.58,596.73,38.74,99.76,47.86
59,1827,344,Bin Packing,391.92,531.0,26.19,97.49,30.97
83,1016,871,QoS Aware Heuristic,222.94,327.28,31.88,88.66,12.24
62,1286,615,FCFS,205.31,308.66,33.48,77.68,20.74
7,230,492,FCFS,340.35,410.81,17.15,83.92,32.86
84,1839,242,FCFS,180.03,252.46,28.69,92.66,21.89
73,662,603,Bin Packing,426.16,517.83,17.7,95.9,9.07
89,1936,893,Round Robin,309.17,363.96,15.05,98.26,21.75
14,1672,946,FCFS,190.8,307.36,37.92,89.22,119.43
87,746,957,Reinforcement Learning,350.07,476.67,26.56,81.6,8.57
29,652,319,FCFS,478.01,776.82,38.47,98.73,22.48
72,297,938,FCFS,132.84,430.76,69.16,98.34,4.12
65,1287,259,FCFS,143.74,240.5,40.23,79.1,19.8
33,408,175,Round Robin,437.54,540.8,19.09,85.95,12.36
23,298,710,FCFS,143.84,316.82,54.6,92.37,12.96
47,687,791,Round Robin,115.75,202.95,42.97,77.32,14.62
70,1996,738,Round Robin,239.17,415.18,42.39,93.18,28.51
78,999,131,Bin Packing,286.68,436.53,34.33,64.46,12.81
65,1954,876,Reinforcement Learning,327.78,458.94,28.58,79.25,30.06
47,1589,433,FCFS,302.92,558.57,45.77,79.3,33.81
29,1161,624,FCFS,465.27,722.3,35.58,87.39,40.03
24,712,539,FCFS,407.47,704.44,42.16,64.66,29.67
52,225,991,Round Robin,493.52,599.29,17.65,64.13,4.33
87,772,451,QoS Aware Heuristic,290.58,562.65,48.36,96.02,8.87
91,475,438,Reinforcement Learning,133.73,318.19,57.97,72.15,5.22
28,1844,499,FCFS,482.21,680.07,29.09,73.08,65.86
15,1676,495,QoS Aware Heuristic,101.65,375.72,72.95,91.07,111.73
59,820,301,QoS Aware Heuristic,410.44,696.1,41.04,76.6,13.9
32,1997,629,QoS Aware Heuristic,112.51,344.21,67.31,93.32,62.41
73,752,192,Reinforcement Learning,404.49,541.45,25.3,76.06,10.3
67,130,891,QoS Aware Heuristic,475.18,647.6,26.62,90.42,1.94
63,976,457,FCFS,255.7,459.46,44.35,81.01,15.49
9,187,495,FCFS,196.39,453.55,56.7,97.43,20.78
55,1506,927,Bin Packing,190.51,405.0,52.96,73.1,27.38
25,519,159,Round Robin,296.69,438.05,32.27,74.51,20.76
16,399,576,QoS Aware Heuristic,168.35,322.82,47.85,98.8,24.94
54,1199,825,Round Robin,369.17,431.78,14.5,89.5,22.2
8,1954,711,Round Robin,247.34,528.41,53.19,90.9,244.25
46,1990,100,Round Robin,229.24,301.27,23.91,71.84,43.26
88,1941,654,Round Robin,284.51,479.49,40.66,81.28,22.06
42,1382,410,Round Robin,317.04,584.95,45.8,72.54,32.9
29,1928,267,FCFS,156.77,311.99,49.75,70.39,66.48
18,1303,291,Reinforcement Learning,383.11,633.14,39.49,81.41,72.39
79,1533,133,QoS Aware Heuristic,453.18,704.13,35.64,99.51,19.41
36,1418,133,QoS Aware Heuristic,211.19,276.15,23.52,68.58,39.39
15,359,787,FCFS,172.16,325.2,47.06,69.7,23.93
65,1093,516,FCFS,404.2,626.96,35.53,69.73,16.82
22,1954,807,Round Robin,173.42,329.01,47.29,91.67,88.82
31,1634,257,Reinforcement Learning,116.5,302.79,61.52,80.42,52.71
59,1051,856,QoS Aware Heuristic,347.7,546.31,36.35,75.39,17.81
58,1720,599,Bin Packing,195.9,283.71,30.95,93.75,29.66
86,1614,465,FCFS,168.72,321.72,47.56,71.9,18.77
91,1633,439,Bin Packing,492.64,549.76,10.39,75.69,17.95
79,1550,957,QoS Aware Heuristic,216.75,304.16,28.74,62.94,19.62
25,318,434,FCFS,461.38,639.44,27.85,64.76,12.72
48,1076,682,QoS Aware Heuristic,171.29,364.69,53.03,65.47,22.42
9,819,426,FCFS,427.59,514.15,16.84,73.88,91.0
91,65,213,QoS Aware Heuristic,300.81,539.71,44.26,80.96,0.71
45,655,896,Bin Packing,131.44,274.69,52.15,60.03,14.56
63,1431,517,Reinforcement Learning,393.44,673.6,41.59,67.6,22.71
93,1719,567,FCFS,456.83,603.75,24.33,67.03,18.48
58,862,242,Bin Packing,165.21,252.66,34.61,70.13,14.86
78,1912,708,QoS Aware Heuristic,390.24,629.73,38.03,66.64,24.51
26,1206,408,Bin Packing,278.02,469.97,40.84,67.81,46.38
87,1385,500,FCFS,401.55,548.22,26.75,99.36,15.92
69,531,419,Bin Packing,385.57,524.56,26.5,83.79,7.7
68,944,311,QoS Aware Heuristic,110.64,198.33,44.21,90.51,13.88
75,1617,416,Round Robin,171.49,306.7,44.09,92.77,21.56
8,1378,284,Reinforcement Learning,288.41,345.75,16.58,86.71,172.25
69,318,304,Reinforcement Learning,473.44,649.04,27.06,88.16,4.61
19,463,463,Round Robin,236.83,511.01,53.65,85.29,24.37
80,74,315,FCFS,351.55,600.38,41.45,85.97,0.92
26,365,345,Bin Packing,104.83,161.96,35.27,97.14,14.04
90,620,338,Bin Packing,384.45,654.77,41.28,67.43,6.89
51,774,904,Round Robin,341.23,504.31,32.34,70.99,15.18
85,1741,490,Round Robin,386.16,483.88,20.2,63.73,20.48
97,1057,619,QoS Aware Heuristic,461.86,699.96,34.02,93.49,10.9
50,1899,689,QoS Aware Heuristic,158.6,289.32,45.18,77.95,37.98
18,1349,935,Reinforcement Learning,204.64,317.97,35.64,96.28,74.94
54,438,376,FCFS,498.31,588.64,15.35,76.47,8.11
24,771,301,FCFS,162.51,334.17,51.37,77.7,32.12
54,493,313,Round Robin,388.25,461.6,15.89,77.93,9.13
37,1048,705,Reinforcement Learning,390.03,636.43,38.72,84.5,28.32
63,1500,577,Reinforcement Learning,373.2,540.87,31.0,90.64,23.81
47,1130,607,QoS Aware Heuristic,190.98,352.72,45.86,74.05,24.04
83,746,174,Bin Packing,186.05,236.51,21.34,85.21,8.99
16,1020,768,FCFS,366.54,621.01,40.98,68.16,63.75
44,1639,764,Reinforcement Learning,174.5,347.71,49.81,82.16,37.25
24,770,241,QoS Aware Heuristic,364.63,524.6,30.49,81.86,32.08
98,417,689,QoS Aware Heuristic,297.01,537.36,44.73,95.55,4.26
42,391,421,QoS Aware Heuristic,254.65,320.37,20.51,95.83,9.31
7,1878,793,Bin Packing,220.09,361.76,39.16,79.49,268.29
32,1925,560,Reinforcement Learning,479.03,672.96,28.82,60.98,60.16
60,353,806,Round Robin,303.24,468.38,35.26,93.78,5.88
94,813,769,Round Robin,324.5,419.91,22.72,60.02,8.65
98,1447,245,QoS Aware Heuristic,479.7,604.52,20.65,79.13,14.77
17,865,153,QoS Aware Heuristic,361.55,486.6,25.7,60.79,50.88
81,161,455,Bin Packing,483.14,781.13,38.15,74.1,1.99
70,927,376,QoS Aware Heuristic,142.55,274.1,47.99,85.47,13.24
41,1079,920,Reinforcement Learning,438.66,539.96,18.76,74.85,26.32
53,979,694,QoS Aware Heuristic,234.17,489.83,52.19,97.08,18.47
70,752,499,QoS Aware Heuristic,424.2,579.49,26.8,85.63,10.74
40,895,767,Reinforcement Learning,442.25,603.22,26.69,85.86,22.38
58,993,615,FCFS,208.6,395.82,47.3,74.98,17.12
30,328,598,Round Robin,263.53,462.45,43.01,61.54,10.93
79,431,410,QoS Aware Heuristic,390.41,588.05,33.61,89.53,5.46
76,1925,370,Reinforcement Learning,139.62,198.24,29.57,88.65,25.33
44,62,675,Round Robin,402.21,656.92,38.77,81.21,1.41
47,352,548,Bin Packing,144.19,242.9,40.64,76.65,7.49
26,1629,211,FCFS,465.78,588.87,20.9,81.53,62.65
24,1690,338,QoS Aware Heuristic,210.54,303.9,30.72,89.87,70.42
12,209,243,FCFS,330.24,572.01,42.27,88.51,17.42
33,203,473,QoS Aware Heuristic,146.86,342.77,57.15,86.32,6.15
44,803,119,QoS Aware Heuristic,207.8,446.62,53.47,96.15,18.25
94,230,675,QoS Aware Heuristic,261.58,474.93,44.92,84.4,2.45
34,1599,388,FCFS,294.82,370.86,20.5,60.58,47.03
85,1253,692,Bin Packing,100.03,225.4,55.62,84.72,14.74
88,426,296,Reinforcement Learning,455.46,632.28,27.97,84.5,4.84
59,1877,481,Reinforcement Learning,103.07,229.31,55.05,62.79,31.81
20,825,680,Bin Packing,409.47,511.3,19.92,77.11,41.25
50,1241,797,Bin Packing,288.23,555.68,48.13,86.04,24.82
66,1287,778,QoS Aware Heuristic,309.55,546.5,43.36,88.18,19.5
11,1223,816,QoS Aware Heuristic,183.31,319.62,42.65,95.72,111.18
84,65,591,Reinforcement Learning,342.95,584.2,41.3,93.66,0.77
49,1164,263,QoS Aware Heuristic,314.89,521.77,39.65,64.66,23.76
63,1193,705,QoS Aware Heuristic,165.69,216.64,23.52,84.35,18.94
60,302,348,Bin Packing,195.25,340.32,42.63,83.86,5.03
52,1133,167,FCFS,126.76,249.38,49.17,72.15,21.79
31,1339,954,Round Robin,126.51,230.99,45.23,67.36,43.19
57,1482,120,Round Robin,105.51,218.41,51.69,67.98,26.0
91,80,930,QoS Aware Heuristic,188.19,473.78,60.28,67.1,0.88
92,1094,611,QoS Aware Heuristic,371.86,543.44,31.57,92.25,11.89
77,780,696,Round Robin,226.49,488.42,53.63,65.94,10.13
39,1666,489,Bin Packing,237.09,340.64,30.4,70.58,42.72
55,338,635,Round Robin,152.76,246.36,37.99,68.71,6.15
88,1616,210,Round Robin,330.19,602.39,45.19,88.51,18.36
41,547,962,Round Robin,236.86,410.79,42.34,66.34,13.34
85,1819,694,QoS Aware Heuristic,370.53,644.32,42.49,60.96,21.4
99,1547,969,QoS Aware Heuristic,396.58,462.34,14.22,74.97,15.63
61,1478,559,Round Robin,333.88,612.99,45.53,72.2,24.23
12,597,177,QoS Aware Heuristic,210.43,364.29,42.24,75.91,49.75
83,1010,533,Round Robin,303.44,392.28,22.65,90.15,12.17
99,181,479,Bin Packing,200.77,421.62,52.38,60.49,1.83
98,1397,751,QoS Aware Heuristic,461.17,710.4,35.08,61.51,14.26
24,907,539,FCFS,406.55,468.39,13.2,70.23,37.79
57,1205,987,QoS Aware Heuristic,297.2,594.0,49.97,95.57,21.14
16,570,882,Bin Packing,486.18,710.44,31.57,66.76,35.62
53,79,438,Bin Packing,318.7,449.05,29.03,99.88,1.49
21,676,523,QoS Aware Heuristic,231.41,319.23,27.51,92.23,32.19
68,1374,268,Reinforcement Learning,138.19,286.32,51.74,78.25,20.21
46,53,808,Round Robin,317.5,422.64,24.88,89.91,1.15
98,1398,361,Round Robin,444.17,617.71,28.09,80.75,14.27
33,558,826,Bin Packing,446.69,692.16,35.46,82.64,16.91
23,1310,678,QoS Aware Heuristic,341.83,556.86,38.61,83.23,56.96
15,1608,328,Reinforcement Learning,257.38,416.36,38.18,85.95,107.2
54,65,260,FCFS,360.12,439.86,18.13,62.43,1.2
75,1607,526,Round Robin,404.86,694.15,41.68,84.66,21.43
62,1046,221,Reinforcement Learning,264.65,382.24,30.76,88.68,16.87
38,1657,248,Round Robin,290.5,409.96,29.14,72.43,43.61
24,1889,951,QoS Aware Heuristic,372.25,583.63,36.22,99.14,78.71
54,1519,804,Round Robin,450.66,693.29,35.0,65.78,28.13
92,1576,842,FCFS,416.4,712.44,41.55,96.42,17.13
14,1005,210,QoS Aware Heuristic,108.96,401.25,72.84,87.06,71.79
36,1303,756,Bin Packing,149.75,428.19,65.03,86.57,36.19
56,1180,320,Reinforcement Learning,441.11,599.94,26.47,95.04,21.07
19,1793,163,Round Robin,433.53,525.2,17.45,93.27,94.37
88,1462,737,QoS Aware Heuristic,255.52,451.64,43.42,73.82,16.61
7,1793,829,QoS Aware Heuristic,333.71,388.02,14.0,88.21,256.14
41,312,895,Round Robin,462.34,561.4,17.65,62.02,7.61
44,1636,453,Bin Packing,464.62,515.25,9.83,78.56,37.18
76,1138,573,Round Robin,413.24,508.37,18.71,97.51,14.97
44,314,847,Bin Packing,183.84,352.53,47.85,70.96,7.14
60,1411,584,Round Robin,392.11,540.44,27.45,62.0,23.52
27,1374,112,QoS Aware Heuristic,140.44,282.76,50.33,83.32,50.89
15,427,252,FCFS,457.58,715.32,36.03,74.2,28.47
68,1248,338,FCFS,159.66,378.41,57.81,75.19,18.35
12,1012,289,QoS Aware Heuristic,364.94,649.05,43.77,83.3,84.33
97,1225,762,FCFS,344.1,505.44,31.92,84.86,12.63
98,525,185,Bin Packing,410.76,528.82,22.33,77.49,5.36
60,1339,120,QoS Aware Heuristic,320.63,401.3,20.1,80.3,22.32
64,378,793,Bin Packing,123.83,341.84,63.78,99.73,5.91
14,1889,418,QoS Aware Heuristic,382.34,642.78,40.52,98.29,134.93
43,1236,257,Bin Packing,253.26,349.19,27.47,88.29,28.74
32,487,580,Bin Packing,228.11,497.8,54.18,66.46,15.22
53,1416,978,FCFS,496.67,678.24,26.77,74.4,26.72
40,1440,175,QoS Aware Heuristic,336.16,422.18,20.38,95.32,36.0
17,1538,428,Round Robin,384.29,595.01,35.41,76.94,90.47
40,1823,515,FCFS,310.53,490.54,36.7,98.21,45.58
30,1272,302,Bin Packing,407.99,465.04,12.27,79.53,42.4
90,1573,328,Bin Packing,400.83,550.64,27.21,94.47,17.48
8,65,251,Round Robin,362.86,609.06,40.42,61.42,8.12
99,1894,874,Round Robin,499.1,687.96,27.45,77.37,19.13
86,1369,171,Bin Packing,283.92,404.43,29.8,88.01,15.92
68,917,324,Round Robin,382.48,664.64,42.45,94.54,13.49
42,560,572,Reinforcement Learning,419.11,528.55,20.71,84.39,13.33
92,1861,996,FCFS,250.41,363.59,31.13,66.93,20.23
91,1033,742,QoS Aware Heuristic,282.87,421.53,32.89,95.43,11.35
26,1312,459,Round Robin,487.67,761.3,35.94,82.99,50.46
6,630,639,Round Robin,112.92,289.83,61.04,64.32,105.0
35,1374,910,Reinforcement Learning,234.12,454.66,48.51,78.55,39.26
15,55,708,QoS Aware Heuristic,294.49,588.56,49.96,87.96,3.67
96,1293,145,Reinforcement Learning,100.59,346.41,70.96,78.04,13.47
50,1068,100,QoS Aware Heuristic,459.65,552.8,16.85,94.83,21.36
66,1839,777,FCFS,214.5,461.59,53.53,76.95,27.86
73,1526,344,Round Robin,203.08,440.16,53.86,83.34,20.9
68,1506,318,FCFS,428.13,536.28,20.17,68.45,22.15
14,856,713,QoS Aware Heuristic,211.19,342.53,38.34,80.51,61.14
44,1943,390,Round Robin,363.05,590.58,38.53,68.91,44.16
28,1459,557,Reinforcement Learning,428.6,538.2,20.36,69.01,52.11
48,668,303,Bin Packing,416.99,519.04,19.66,71.2,13.92
64,1368,301,Reinforcement Learning,412.78,638.65,35.37,61.77,21.38
66,1191,665,Bin Packing,135.46,405.61,66.6,66.53,18.05
91,454,581,Reinforcement Learning,131.94,200.69,34.26,76.97,4.99
21,1753,891,QoS Aware Heuristic,222.71,384.19,42.03,65.24,83.48
69,1046,610,FCFS,114.38,316.17,63.82,65.34,15.16
99,1836,377,Bin Packing,300.17,519.24,42.19,98.72,18.55
99,643,115,QoS Aware Heuristic,257.91,556.96,53.69,77.08,6.49
61,615,624,FCFS,322.81,543.48,40.6,76.15,10.08
59,801,455,FCFS,219.52,424.56,48.29,70.71,13.58
57,1951,455,Round Robin,294.3,591.73,50.26,80.5,34.23
60,61,929,Round Robin,233.9,299.07,21.79,83.84,1.02
13,1282,698,Round Robin,178.08,246.69,27.81,76.73,98.62
26,214,177,Bin Packing,359.75,549.92,34.58,75.75,8.23
17,927,166,Bin Packing,369.37,509.04,27.44,88.02,54.53
93,1367,958,FCFS,431.69,505.86,14.66,97.99,14.7
52,1984,822,Bin Packing,449.9,576.51,21.96,95.11,38.15
22,1592,313,FCFS,381.78,600.37,36.41,64.74,72.36
80,127,796,QoS Aware Heuristic,375.0,645.15,41.87,86.09,1.59
44,1507,548,Reinforcement Learning,122.67,196.25,37.49,60.28,34.25
21,1650,532,FCFS,143.91,328.95,56.25,85.32,78.57
19,663,644,FCFS,425.03,549.06,22.59,78.57,34.89
19,918,214,QoS Aware Heuristic,193.18,410.01,52.88,79.64,48.32
83,861,886,Round Robin,242.23,429.59,43.61,83.52,10.37
67,1872,519,Round Robin,158.12,439.8,64.05,89.71,27.94
43,1756,598,Round Robin,178.06,237.48,25.02,89.18,40.84
17,1150,809,FCFS,410.17,577.68,29.0,61.78,67.65
85,1121,479,FCFS,204.74,302.93,32.41,89.46,13.19
36,816,242,Bin Packing,279.61,463.81,39.71,93.19,22.67
13,131,839,Bin Packing,160.67,424.06,62.11,62.73,10.08
44,1968,731,Reinforcement Learning,371.17,649.0,42.81,72.92,44.73
24,1794,964,Reinforcement Learning,391.31,540.87,27.65,91.68,74.75
94,258,123,Bin Packing,244.68,497.63,50.83,79.72,2.74
95,1518,638,FCFS,413.9,534.03,22.49,87.8,15.98
89,1669,174,QoS Aware Heuristic,195.96,247.54,20.84,80.09,18.75
86,571,852,Bin Packing,376.76,640.57,41.18,99.13,6.64
81,1102,634,FCFS,391.99,471.84,16.92,97.45,13.6
84,1377,772,Bin Packing,487.46,541.86,10.04,71.25,16.39
77,1043,140,Round Robin,192.93,331.38,41.78,75.44,13.55
67,514,849,Bin Packing,137.48,282.32,51.3,77.25,7.67
80,1575,850,Round Robin,205.21,274.52,25.25,64.17,19.69
48,1519,667,FCFS,149.14,402.69,62.96,76.16,31.65
42,677,512,Round Robin,167.88,319.28,47.42,90.99,16.12
87,1563,514,Bin Packing,233.65,406.13,42.47,93.88,17.97
64,830,548,Round Robin,265.6,381.76,30.43,95.45,12.97
75,1501,709,QoS Aware Heuristic,461.49,639.37,27.82,60.58,20.01
52,608,757,Round Robin,178.25,419.93,57.55,91.55,11.69
22,1432,873,Round Robin,488.7,765.25,36.14,80.11,65.09
20,1009,535,Reinforcement Learning,424.06,716.69,40.83,68.25,50.45
59,140,651,QoS Aware Heuristic,452.59,609.27,25.72,79.95,2.37
43,1126,804,FCFS,471.78,769.29,38.67,93.77,26.19
72,1803,338,Round Robin,401.3,525.04,23.57,77.37,25.04
63,909,141,QoS Aware Heuristic,415.51,467.25,11.07,99.62,14.43
93,1662,833,FCFS,275.13,517.03,46.79,84.67,17.87
66,1277,807,QoS Aware Heuristic,304.18,398.79,23.72,79.59,19.35
17,605,899,Reinforcement Learning,472.99,536.1,11.77,71.8,35.59
85,205,109,FCFS,251.3,532.3,52.79,60.44,2.41
10,51,846,FCFS,116.78,364.73,67.98,84.42,5.1
87,1430,936,Round Robin,405.1,480.77,15.74,83.1,16.44
81,874,364,Bin Packing,329.26,573.49,42.59,80.67,10.79
64,1642,680,FCFS,425.95,686.95,37.99,81.51,25.66
94,851,544,FCFS,130.22,406.55,67.97,93.74,9.05
18,1032,238,Reinforcement Learning,348.49,534.41,34.79,72.67,57.33
99,1131,966,Reinforcement Learning,199.08,424.93,53.15,82.01,11.42
58,1327,830,Reinforcement Learning,461.31,701.87,34.27,87.2,22.88
8,1253,295,Round Robin,143.96,366.12,60.68,68.39,156.62
43,542,173,FCFS,437.23,648.94,32.62,96.99,12.6
76,718,714,Reinforcement Learning,135.42,322.31,57.98,89.48,9.45
29,1108,324,Reinforcement Learning,110.04,279.84,60.68,62.13,38.21
81,124,734,QoS Aware Heuristic,194.02,493.05,60.65,94.6,1.53
36,993,201,QoS Aware Heuristic,233.22,367.61,36.56,97.19,27.58
63,1362,363,Reinforcement Learning,350.61,422.68,17.05,91.75,21.62
67,420,260,Round Robin,152.69,393.95,61.24,77.05,6.27
42,636,332,Bin Packing,274.93,378.39,27.34,99.78,15.14
96,378,590,QoS Aware Heuristic,181.71,364.88,50.2,64.98,3.94
57,639,886,QoS Aware Heuristic,442.12,516.07,14.33,81.46,11.21
98,1840,869,FCFS,117.99,322.81,63.45,66.82,18.78
71,826,410,FCFS,242.38,528.38,54.13,77.57,11.63
32,353,750,Reinforcement Learning,352.55,583.23,39.55,97.1,11.03
7,628,326,FCFS,465.24,568.87,18.22,91.77,89.71
84,270,372,FCFS,447.2,739.98,39.57,91.28,3.21
26,1028,416,Bin Packing,458.08,584.85,21.68,74.15,39.54
42,1237,998,Round Robin,125.14,284.29,55.98,97.37,29.45
76,1553,185,Reinforcement Learning,436.37,610.9,28.57,74.73,20.43
76,1528,390,Bin Packing,411.97,709.65,41.95,61.6,20.11
66,424,568,Reinforcement Learning,460.97,528.19,12.73,85.51,6.42
61,1293,828,Round Robin,224.63,448.81,49.95,74.51,21.2
10,1757,970,Reinforcement Learning,464.71,605.19,23.21,66.15,175.7
82,1327,677,FCFS,261.06,330.64,21.04,97.39,16.18
36,1795,868,Round Robin,353.64,637.4,44.52,85.49,49.86
14,237,746,Bin Packing,269.67,467.13,42.27,97.62,16.93
7,1264,503,Bin Packing,271.06,509.44,46.79,83.32,180.57
63,1462,526,QoS Aware Heuristic,318.65,428.75,25.68,62.55,23.21
80,1288,474,Bin Packing,242.37,482.76,49.79,61.2,16.1
53,1448,666,QoS Aware Heuristic,417.09,674.21,38.14,96.02,27.32
63,1159,967,FCFS,353.46,511.17,30.85,61.55,18.4
35,523,854,Bin Packing,375.9,568.89,33.92,84.61,14.94
97,1691,351,Round Robin,192.41,485.38,60.36,71.92,17.43
73,893,632,QoS Aware Heuristic,487.83,749.51,34.91,87.51,12.23
66,1881,406,Bin Packing,364.07,525.28,30.69,71.39,28.5
56,580,529,FCFS,178.88,395.02,54.72,61.49,10.36
93,1120,774,Round Robin,400.2,646.26,38.07,89.23,12.04
45,1138,967,Round Robin,169.49,225.57,24.86,72.44,25.29
35,1012,363,FCFS,125.35,322.44,61.12,82.03,28.91
89,524,167,Bin Packing,311.02,607.15,48.77,90.95,5.89
88,1219,206,Reinforcement Learning,321.41,608.21,47.15,88.11,13.85
26,995,499,Bin Packing,175.59,433.7,59.51,73.94,38.27
8,1871,678,QoS Aware Heuristic,239.35,315.9,24.23,89.91,233.88
17,1455,298,QoS Aware Heuristic,478.31,776.82,38.43,97.03,85.59
49,1139,291,Bin Packing,214.0,416.38,48.6,84.4,23.24
46,566,613,QoS Aware Heuristic,162.23,267.96,39.46,88.14,12.3
53,1166,868,Reinforcement Learning,497.02,715.59,30.54,94.64,22.0
24,1938,541,Reinforcement Learning,220.92,485.05,54.45,93.75,80.75
81,475,100,Round Robin,372.1,450.18,17.34,74.06,5.86
85,1541,457,QoS Aware Heuristic,192.62,471.73,59.17,99.67,18.13
58,1167,214,Bin Packing,320.05,600.1,46.67,61.14,20.12
40,1691,699,Round Robin,254.51,307.88,17.33,99.47,42.28
5,182,296,Reinforcement Learning,484.63,759.71,36.21,69.84,36.4
19,1507,703,Round Robin,273.12,559.82,51.21,77.62,79.32
81,1414,373,FCFS,333.67,393.09,15.12,95.35,17.46
21,363,955,QoS Aware Heuristic,477.91,601.45,20.54,69.77,17.29
28,640,259,Bin Packing,495.69,638.97,22.42,68.99,22.86
62,1285,272,Reinforcement Learning,140.66,277.88,49.38,85.72,20.73
76,1593,644,Round Robin,433.73,673.48,35.6,88.22,20.96
95,1058,557,Bin Packing,252.85,392.38,35.56,60.3,11.14
27,208,684,QoS Aware Heuristic,337.93,627.07,46.11,78.02,7.7
50,1341,532,Bin Packing,250.02,548.77,54.44,79.56,26.82
76,710,580,QoS Aware Heuristic,260.45,389.65,33.16,70.87,9.34
12,1935,554,QoS Aware Heuristic,163.54,340.74,52.0,81.84,161.25
63,1676,295,QoS Aware Heuristic,329.11,518.54,36.53,66.18,26.6
94,797,895,Round Robin,318.69,513.54,37.94,72.94,8.48
63,1547,698,QoS Aware Heuristic,175.74,319.29,44.96,88.53,24.56
17,850,408,Bin Packing,316.69,408.19,22.42,94.95,50.0
43,459,835,FCFS,489.24,552.88,11.51,83.58,10.67
32,1547,655,Bin Packing,385.76,462.35,16.57,62.99,48.34
93,1429,947,Round Robin,292.39,567.71,48.5,87.15,15.37
65,729,593,QoS Aware Heuristic,466.43,586.52,20.48,95.9,11.22
20,1266,538,FCFS,330.13,399.34,17.33,80.17,63.3
6,1772,749,Round Robin,154.02,359.9,57.2,79.75,295.33
86,1344,881,Reinforcement Learning,319.0,387.83,17.75,99.66,15.63
21,163,458,Reinforcement Learning,172.39,239.9,28.14,85.45,7.76
34,946,135,Reinforcement Learning,407.0,612.39,33.54,92.24,27.82
17,1596,133,FCFS,486.87,684.72,28.9,85.86,93.88
97,1128,187,Bin Packing,244.33,304.7,19.81,68.84,11.63
98,1843,757,FCFS,273.97,439.09,37.61,71.36,18.81
86,114,115,FCFS,268.6,427.54,37.18,86.63,1.33
17,733,844,FCFS,214.12,400.79,46.58,78.24,43.12
47,1345,520,Reinforcement Learning,417.67,652.13,35.95,76.17,28.62
89,1575,652,Bin Packing,347.09,467.79,25.8,60.9,17.7
98,1735,866,FCFS,125.62,283.82,55.74,95.37,17.7
25,1435,892,Bin Packing,435.52,683.71,36.3,95.38,57.4
59,195,225,QoS Aware Heuristic,174.84,455.48,61.61,78.44,3.31
85,992,107,FCFS,491.66,764.49,35.69,88.03,11.67
44,1282,571,FCFS,250.67,420.08,40.33,67.11,29.14
87,1359,567,FCFS,346.58,526.8,34.21,80.15,15.62
19,1083,979,QoS Aware Heuristic,131.13,313.41,58.16,77.55,57.0
77,788,961,QoS Aware Heuristic,237.87,505.05,52.9,86.26,10.23
56,235,951,Reinforcement Learning,420.94,680.92,38.18,78.79,4.2
78,1647,609,Round Robin,290.88,418.76,30.54,79.94,21.12
99,1670,501,Bin Packing,461.84,552.55,16.42,71.83,16.87
57,1537,935,Round Robin,330.06,474.8,30.48,61.94,26.96
91,1207,275,FCFS,471.43,593.53,20.57,96.68,13.26
56,884,839,FCFS,493.04,780.74,36.85,60.49,15.79
34,858,934,Reinforcement Learning,281.56,398.04,29.26,71.25,25.24
37,220,466,Round Robin,326.06,421.36,22.62,77.9,5.95
61,262,587,FCFS,433.97,708.84,38.78,72.76,4.3
56,1603,117,Round Robin,188.61,260.23,27.52,82.08,28.62
13,1899,155,Reinforcement Learning,444.65,559.72,20.56,78.46,146.08
58,1575,134,Round Robin,336.77,496.55,32.18,70.22,27.16
5,1645,729,Bin Packing,390.2,588.98,33.75,63.52,329.0
48,1673,893,Reinforcement Learning,131.94,263.86,50.0,65.5,34.85
79,76,865,Round Robin,406.48,580.54,29.98,79.45,0.96
84,1063,824,FCFS,224.31,324.02,30.77,93.84,12.65
13,1141,672,QoS Aware Heuristic,422.09,615.66,31.44,64.03,87.77
36,839,699,QoS Aware Heuristic,303.66,455.61,33.35,87.09,23.31
19,457,882,Reinforcement Learning,209.85,472.16,55.56,91.68,24.05
16,1625,446,QoS Aware Heuristic,481.1,635.03,24.24,71.07,101.56
82,1182,131,Bin Packing,406.02,566.97,28.39,86.73,14.41
61,123,232,Reinforcement Learning,494.27,692.31,28.61,87.47,2.02
12,627,675,FCFS,245.79,326.58,24.74,88.31,52.25
76,729,298,FCFS,359.69,448.89,19.87,95.63,9.59
31,1335,355,Reinforcement Learning,344.64,592.2,41.8,75.94,43.06
66,1441,441,QoS Aware Heuristic,375.02,493.37,23.99,69.75,21.83
16,835,766,QoS Aware Heuristic,115.33,336.5,65.73,81.75,52.19
69,898,330,FCFS,216.69,291.05,25.55,62.5,13.01
46,919,400,Bin Packing,463.74,719.2,35.52,73.36,19.98
66,286,646,QoS Aware Heuristic,269.53,566.59,52.43,95.33,4.33
15,776,125,Bin Packing,484.26,627.68,22.85,81.28,51.73
47,1439,634,QoS Aware Heuristic,185.4,361.78,48.75,77.47,30.62
99,1359,752,Reinforcement Learning,498.97,659.65,24.36,70.63,13.73
21,427,573,Round Robin,379.03,652.58,41.92,70.02,20.33
36,710,486,FCFS,410.56,463.04,11.33,69.46,19.72
97,879,384,Reinforcement Learning,258.74,472.1,45.19,93.17,9.06
89,955,549,QoS Aware Heuristic,462.8,675.89,31.53,99.4,10.73
89,425,419,FCFS,318.19,463.79,31.39,81.39,4.78
44,668,255,Round Robin,372.38,477.21,21.97,63.19,15.18
27,702,570,Round Robin,137.92,247.84,44.35,90.04,26.0
60,1149,519,QoS Aware Heuristic,352.67,602.79,41.49,95.08,19.15
10,1082,212,FCFS,451.63,518.16,12.84,97.25,108.2
90,245,750,QoS Aware Heuristic,171.31,362.27,52.71,85.15,2.72
54,856,521,Round Robin,395.09,521.8,24.28,80.28,15.85
41,1865,985,Reinforcement Learning,110.16,226.47,51.36,84.82,45.49
68,942,820,Reinforcement Learning,470.48,646.91,27.27,60.52,13.85
58,1703,934,Bin Packing,493.17,767.64,35.76,86.22,29.36
76,1363,975,Round Robin,241.67,446.19,45.84,88.39,17.93
53,1134,697,Round Robin,142.83,389.98,63.38,88.88,21.4
15,986,384,QoS Aware Heuristic,363.43,563.6,35.52,82.52,65.73
92,1462,671,Bin Packing,111.93,336.36,66.72,88.0,15.89
53,896,153,Bin Packing,292.99,451.09,35.05,85.55,16.91
25,867,704,FCFS,208.71,490.21,57.42,64.62,34.68
70,1973,424,QoS Aware Heuristic,289.34,464.82,37.75,95.93,28.19
67,1636,557,Reinforcement Learning,107.31,295.25,63.65,84.91,24.42
87,613,984,FCFS,120.64,301.88,60.04,89.11,7.05
32,683,364,Bin Packing,106.39,235.44,54.81,73.72,21.34
21,728,481,Reinforcement Learning,347.65,455.46,23.67,96.77,34.67
10,1067,312,Round Robin,324.04,392.5,17.44,80.1,106.7
23,57,432,QoS Aware Heuristic,193.26,422.8,54.29,87.16,2.48
60,1442,109,Bin Packing,358.66,480.98,25.43,98.09,24.03
32,1118,457,Round Robin,453.68,600.98,24.51,96.64,34.94
70,393,302,Bin Packing,210.93,490.91,57.03,85.79,5.61
42,1830,807,Reinforcement Learning,432.8,624.41,30.69,66.63,43.57
41,845,157,FCFS,365.0,439.27,16.91,98.02,20.61
72,1448,593,Reinforcement Learning,113.53,363.43,68.76,99.37,20.11
90,1692,609,QoS Aware Heuristic,250.06,364.09,31.32,64.14,18.8
94,1100,867,QoS Aware Heuristic,303.1,491.28,38.3,78.01,11.7
53,1266,322,Bin Packing,392.68,570.18,31.13,81.93,23.89
47,898,468,Reinforcement Learning,214.85,324.37,33.76,63.68,19.11
40,1430,791,FCFS,493.09,572.03,13.8,67.59,35.75
62,111,517,QoS Aware Heuristic,373.82,476.64,21.57,81.51,1.79
17,1135,973,FCFS,249.13,323.46,22.98,98.52,66.76
56,471,646,Round Robin,138.81,257.72,46.14,61.11,8.41
62,1867,970,Bin Packing,172.55,471.87,63.43,96.5,30.11
36,682,202,FCFS,295.04,445.56,33.78,95.94,18.94
85,841,260,Bin Packing,297.88,563.85,47.17,94.29,9.89
64,600,299,Round Robin,407.09,594.38,31.51,75.1,9.38
87,1453,259,FCFS,390.47,607.12,35.68,79.63,16.7
62,1350,794,FCFS,180.51,269.6,33.05,76.14,21.77
60,655,964,Round Robin,337.98,456.68,25.99,97.9,10.92
32,1504,235,Reinforcement Learning,108.25,285.86,62.13,80.85,47.0
5,1188,497,FCFS,259.42,529.71,51.03,63.22,237.6
46,1761,837,FCFS,405.64,466.36,13.02,70.96,38.28
86,1194,491,QoS Aware Heuristic,259.8,436.53,40.49,78.48,13.88
52,574,854,Reinforcement Learning,434.24,496.99,12.63,98.14,11.04
44,948,205,FCFS,490.46,654.67,25.08,82.76,21.55
67,1489,682,Round Robin,342.89,550.11,37.67,87.84,22.22
80,212,688,Bin Packing,158.0,394.18,59.92,63.54,2.65
76,836,153,Round Robin,251.87,336.5,25.15,95.09,11.0
92,959,376,Reinforcement Learning,103.79,195.43,46.89,81.56,10.42
84,1761,210,QoS Aware Heuristic,341.09,508.61,32.94,96.85,20.96
8,1031,323,QoS Aware Heuristic,428.63,728.14,41.13,77.82,128.88
42,1410,174,QoS Aware Heuristic,351.98,490.99,28.31,87.32,33.57
31,428,605,Round Robin,414.43,571.31,27.46,78.83,13.81
13,1397,113,Bin Packing,419.96,578.07,27.35,65.7,107.46
20,222,869,Bin Packing,440.41,510.59,13.74,70.88,11.1
60,1049,581,FCFS,206.67,450.21,54.09,62.69,17.48
80,1860,288,Bin Packing,448.51,561.79,20.16,77.61,23.25
35,113,463,Bin Packing,361.64,587.56,38.45,85.97,3.23
92,1174,338,FCFS,215.89,384.66,43.88,69.75,12.76
18,1395,500,Round Robin,494.92,697.86,29.08,79.62,77.5
29,1024,945,Round Robin,480.07,543.56,11.68,78.36,35.31
38,115,403,Reinforcement Learning,329.78,602.27,45.24,81.34,3.03
71,1916,190,Round Robin,437.28,548.24,20.24,67.38,26.99
28,1630,491,QoS Aware Heuristic,204.6,422.12,51.53,81.36,58.21
77,1672,283,QoS Aware Heuristic,266.41,515.91,48.36,74.57,21.71
30,507,116,Reinforcement Learning,173.59,358.6,51.59,71.44,16.9
24,1652,111,Bin Packing,308.04,442.37,30.37,83.44,68.83
68,502,265,Reinforcement Learning,298.4,592.88,49.67,65.92,7.38
14,1332,245,FCFS,185.13,304.74,39.25,96.03,95.14
87,1790,381,Reinforcement Learning,369.12,656.29,43.76,97.39,20.57
71,1499,648,Reinforcement Learning,147.12,236.18,37.71,86.42,21.11
28,1028,681,QoS Aware Heuristic,124.68,271.99,54.16,72.13,36.71
9,227,268,FCFS,253.96,338.58,24.99,85.04,25.22
71,329,946,FCFS,263.93,314.49,16.08,84.06,4.63
62,393,269,Reinforcement Learning,227.9,342.96,33.55,75.65,6.34
31,1090,864,FCFS,203.18,274.98,26.11,71.49,35.16
84,345,445,FCFS,235.51,532.1,55.74,66.74,4.11
19,251,598,Round Robin,165.35,405.76,59.25,68.7,13.21
39,1011,559,FCFS,261.38,312.31,16.31,86.12,25.92
80,733,396,Bin Packing,461.84,567.75,18.65,95.44,9.16
57,1992,241,FCFS,189.77,407.3,53.41,75.4,34.95
48,1847,996,QoS Aware Heuristic,373.78,523.42,28.59,64.88,38.48
30,1267,884,Round Robin,156.71,414.67,62.21,60.51,42.23
51,1222,836,QoS Aware Heuristic,241.56,417.78,42.18,76.24,23.96
38,424,794,QoS Aware Heuristic,228.47,441.88,48.3,69.3,11.16
91,1961,832,Bin Packing,474.81,674.07,29.56,72.9,21.55
99,84,152,Round Robin,271.19,480.73,43.59,69.67,0.85
54,1442,217,Reinforcement Learning,376.19,483.71,22.23,86.57,26.7
88,78,464,FCFS,340.99,484.31,29.59,85.54,0.89
16,824,770,Bin Packing,156.41,219.07,28.6,96.49,51.5
91,270,235,Bin Packing,475.82,672.73,29.27,87.99,2.97
8,102,513,Reinforcement Learning,238.35,403.16,40.88,66.6,12.75
91,840,176,Bin Packing,117.9,358.08,67.07,90.06,9.23
52,1426,947,Reinforcement Learning,220.18,321.78,31.57,67.25,27.42
59,1465,656,Reinforcement Learning,234.25,393.45,40.46,82.34,24.83
5,125,117,Reinforcement Learning,137.1,232.29,40.98,63.08,25.0
93,543,966,Bin Packing,347.99,551.48,36.9,61.89,5.84
70,1761,502,Reinforcement Learning,238.71,500.72,52.33,78.57,25.16
34,1595,304,Bin Packing,351.65,593.01,40.7,64.2,46.91
7,166,598,Round Robin,102.7,388.75,73.58,72.27,23.71
25,329,423,Reinforcement Learning,492.82,785.75,37.28,73.55,13.16
93,1803,694,Bin Packing,168.21,411.22,59.09,90.78,19.39
88,1248,661,Bin Packing,363.73,485.43,25.07,73.31,14.18
53,795,380,Bin Packing,386.31,491.13,21.34,79.77,15.0
90,998,265,FCFS,168.64,330.53,48.98,90.9,11.09
89,813,342,FCFS,144.68,443.15,67.35,68.2,9.13
66,344,988,Reinforcement Learning,161.03,314.2,48.75,92.2,5.21
42,1067,578,Round Robin,198.73,298.5,33.42,93.27,25.4
19,1524,263,Reinforcement Learning,167.29,453.38,63.1,99.55,80.21
56,1907,423,QoS Aware Heuristic,369.6,516.08,28.38,77.76,34.05
83,1591,667,QoS Aware Heuristic,268.33,491.05,45.36,74.83,19.17
50,1094,650,Round Robin,315.12,562.16,43.94,88.08,21.88
29,1146,930,Round Robin,118.93,379.72,68.68,62.33,39.52
25,891,739,Round Robin,444.5,699.82,36.48,61.59,35.64
92,1109,733,FCFS,168.23,427.29,60.63,73.4,12.05
9,1580,858,FCFS,244.06,460.97,47.06,89.18,175.56
74,1972,797,QoS Aware Heuristic,128.76,279.72,53.97,64.66,26.65
51,1306,307,Round Robin,154.72,371.54,58.36,85.42,25.61
91,1801,414,Bin Packing,366.32,625.5,41.44,70.78,19.79
72,546,403,QoS Aware Heuristic,377.03,514.69,26.75,86.07,7.58
95,255,338,Round Robin,370.79,494.92,25.08,78.28,2.68
22,475,826,Bin Packing,320.85,456.78,29.76,64.61,21.59
25,93,903,Round Robin,481.01,668.83,28.08,69.89,3.72
96,1164,323,Reinforcement Learning,302.87,365.98,17.24,68.79,12.12
90,1901,187,Bin Packing,279.76,524.5,46.66,66.58,21.12
27,1543,636,Reinforcement Learning,199.02,283.73,29.86,78.73,57.15
68,654,528,FCFS,139.54,222.75,37.36,98.19,9.62
71,1540,319,QoS Aware Heuristic,319.26,418.67,23.74,86.32,21.69
44,1924,374,Round Robin,225.96,420.19,46.22,93.44,43.73
14,503,746,QoS Aware Heuristic,309.61,431.0,28.16,99.24,35.93
93,644,844,Round Robin,182.45,324.47,43.77,81.62,6.92
56,1406,165,Reinforcement Learning,435.27,718.18,39.39,69.52,25.11
76,556,691,Bin Packing,499.88,761.68,34.37,97.11,7.32
79,843,522,Bin Packing,228.96,492.01,53.46,87.96,10.67
65,1543,354,Round Robin,436.93,631.34,30.79,98.36,23.74
68,70,224,Reinforcement Learning,449.19,715.81,37.25,86.04,1.03
9,1301,245,Round Robin,498.43,743.07,32.92,91.01,144.56
57,1449,714,Round Robin,237.09,525.4,54.87,95.63,25.42
59,1203,484,Round Robin,402.42,468.51,14.11,90.37,20.39
41,1760,546,Bin Packing,191.52,248.7,22.99,82.51,42.93
60,669,486,Round Robin,349.92,443.68,21.13,78.88,11.15
63,463,482,Bin Packing,381.94,664.21,42.5,92.94,7.35
97,1868,376,FCFS,396.45,597.84,33.69,90.88,19.26
73,1144,481,Reinforcement Learning,182.87,339.4,46.12,74.66,15.67
77,1477,223,FCFS,439.49,617.67,28.85,79.93,19.18
63,1635,366,Round Robin,268.39,525.79,48.95,85.4,25.95
6,1680,889,Bin Packing,186.55,468.83,60.21,61.13,280.0
69,1864,210,Reinforcement Learning,317.01,549.43,42.3,69.9,27.01
64,1470,480,QoS Aware Heuristic,445.34,685.3,35.02,70.01,22.97
55,386,924,Reinforcement Learning,486.84,616.93,21.09,95.33,7.02
34,1717,700,Reinforcement Learning,399.28,566.04,29.46,73.26,50.5
15,1578,998,Round Robin,102.25,373.55,72.63,81.81,105.2
96,959,257,FCFS,153.88,400.36,61.56,93.26,9.99
80,325,827,FCFS,130.51,351.58,62.88,70.39,4.06
43,941,995,QoS Aware Heuristic,140.49,206.8,32.06,64.95,21.88
94,62,912,Round Robin,253.21,313.09,19.13,97.93,0.66
81,1076,647,Reinforcement Learning,235.4,318.0,25.97,88.19,13.28
76,1027,698,FCFS,145.47,340.82,57.32,67.08,13.51
67,1297,217,FCFS,452.89,636.99,28.9,92.79,19.36
68,1023,427,Bin Packing,346.17,631.84,45.21,91.49,15.04
65,224,793,Reinforcement Learning,418.59,642.28,34.83,93.5,3.45
58,1972,167,Round Robin,248.62,372.11,33.19,71.05,34.0
96,1458,533,FCFS,264.09,354.46,25.5,77.94,15.19
98,1675,458,Round Robin,227.05,489.43,53.61,87.75,17.09
77,1993,770,Reinforcement Learning,275.37,440.28,37.46,75.63,25.88
99,290,896,Reinforcement Learning,344.15,557.52,38.27,62.8,2.93
62,596,542,FCFS,297.19,488.48,39.16,65.46,9.61
89,63,263,QoS Aware Heuristic,435.17,512.03,15.01,83.88,0.71
60,1268,460,Round Robin,460.06,524.32,12.26,75.01,21.13
38,1470,684,Round Robin,287.87,432.12,33.38,60.22,38.68
35,1504,218,Bin Packing,195.9,336.29,41.75,90.67,42.97
56,1379,952,Reinforcement Learning,478.08,696.53,31.36,76.67,24.62
93,1407,294,Reinforcement Learning,394.02,602.07,34.56,72.55,15.13
80,774,700,FCFS,356.05,648.29,45.08,88.54,9.68
5,1483,956,FCFS,398.17,662.69,39.92,78.2,296.6
59,52,687,FCFS,130.39,304.54,57.18,87.79,0.88
26,740,832,Bin Packing,127.05,302.06,57.94,60.53,28.46
44,1625,750,QoS Aware Heuristic,161.25,379.78,57.54,60.38,36.93
5,1525,983,FCFS,158.98,237.5,33.06,82.4,305.0
69,1749,340,FCFS,268.27,568.24,52.79,99.29,25.35
67,1892,608,FCFS,162.96,342.66,52.44,70.89,28.24
58,796,765,Bin Packing,441.81,719.29,38.58,87.32,13.72
46,818,664,Round Robin,331.24,623.08,46.84,66.89,17.78
25,921,241,QoS Aware Heuristic,247.3,442.71,44.14,72.46,36.84
83,544,931,Round Robin,127.85,203.69,37.23,63.12,6.55
85,466,130,Reinforcement Learning,336.41,529.75,36.5,95.23,5.48
26,1464,322,Reinforcement Learning,146.61,346.02,57.63,72.42,56.31
42,1446,903,FCFS,397.29,644.59,38.37,69.22,34.43
84,677,365,Round Robin,421.1,483.16,12.84,89.22,8.06
12,1125,381,Bin Packing,317.59,484.17,34.41,67.98,93.75
66,1449,887,QoS Aware Heuristic,159.84,440.53,63.72,69.61,21.95
51,1468,480,Round Robin,414.75,712.57,41.8,64.14,28.78
21,1996,655,Round Robin,223.13,320.98,30.48,98.51,95.05
21,1070,161,QoS Aware Heuristic,189.06,456.71,58.6,69.91,50.95
94,191,812,Round Robin,288.22,374.78,23.1,99.83,2.03
17,1159,946,Round Robin,469.06,729.35,35.69,67.05,68.18
21,1537,620,QoS Aware Heuristic,218.95,338.27,35.27,60.83,73.19
42,95,170,Bin Packing,462.23,752.14,38.54,95.83,2.26
85,893,701,QoS Aware Heuristic,121.46,345.33,64.83,83.2,10.51
82,1058,635,FCFS,133.41,283.19,52.89,74.06,12.9
49,1311,239,FCFS,379.42,499.66,24.06,80.53,26.76
10,59,415,FCFS,176.24,285.05,38.17,70.43,5.9
39,713,439,FCFS,226.65,446.85,49.28,85.39,18.28
18,622,987,Reinforcement Learning,154.55,428.5,63.93,84.66,34.56
76,1603,689,Bin Packing,232.9,471.64,50.62,63.21,21.09
65,1671,825,Reinforcement Learning,212.18,470.88,54.94,96.43,25.71
19,698,627,Round Robin,394.54,639.89,38.34,78.42,36.74
58,962,640,Round Robin,380.81,675.6,43.63,67.81,16.59
31,1815,515,QoS Aware Heuristic,481.97,721.42,33.19,72.3,58.55
17,689,566,FCFS,389.77,492.33,20.83,94.65,40.53
35,665,474,QoS Aware Heuristic,377.93,625.83,39.61,75.33,19.0
39,747,390,Round Robin,377.68,508.2,25.68,82.48,19.15
64,958,142,FCFS,453.19,752.14,39.75,97.91,14.97
10,227,963,Bin Packing,218.49,362.66,39.75,86.07,22.7
73,918,986,Round Robin,220.04,343.24,35.89,87.03,12.58
90,1079,152,QoS Aware Heuristic,396.49,506.29,21.69,69.94,11.99
62,902,887,QoS Aware Heuristic,191.48,406.11,52.85,86.73,14.55
53,356,982,Round Robin,464.81,542.12,14.26,75.75,6.72
27,597,331,Reinforcement Learning,313.91,602.3,47.88,96.44,22.11
93,376,311,Bin Packing,220.05,343.63,35.96,65.18,4.04
38,1429,107,Round Robin,410.44,534.29,23.18,71.43,37.61
30,1866,733,Round Robin,224.93,286.45,21.48,62.64,62.2
51,444,582,QoS Aware Heuristic,485.31,596.81,18.68,75.24,8.71
9,349,141,FCFS,493.2,647.94,23.88,65.93,38.78
94,1599,432,FCFS,366.72,509.12,27.97,93.81,17.01
24,798,332,FCFS,145.45,263.7,44.84,97.0,33.25
10,334,169,QoS Aware Heuristic,205.28,265.47,22.67,86.78,33.4
74,379,978,FCFS,306.17,431.32,29.02,64.13,5.12
63,99,115,Round Robin,440.58,685.16,35.7,73.67,1.57
68,822,168,Reinforcement Learning,173.95,333.65,47.86,98.58,12.09
22,1695,152,Reinforcement Learning,141.76,264.45,46.39,65.45,77.05
8,1782,784,Reinforcement Learning,129.79,255.99,49.3,82.26,222.75
21,427,873,FCFS,302.79,491.4,38.38,74.12,20.33
18,1837,478,Reinforcement Learning,453.88,579.45,21.67,99.97,102.06
82,1673,900,FCFS,116.94,324.64,63.98,71.42,20.4
17,1049,562,Round Robin,184.93,482.29,61.66,61.91,61.71
11,1898,626,Round Robin,377.3,437.59,13.78,88.09,172.55
48,1611,881,QoS Aware Heuristic,430.35,522.53,17.64,73.07,33.56
19,823,778,QoS Aware Heuristic,422.96,517.74,18.31,86.3,43.32
23,1217,162,Bin Packing,414.03,575.8,28.09,64.19,52.91
67,1133,360,Round Robin,151.92,212.27,28.43,80.92,16.91
39,917,599,FCFS,258.9,428.28,39.55,75.01,23.51
85,1853,220,Bin Packing,493.9,776.13,36.36,81.47,21.8
39,1148,957,Round Robin,495.56,548.45,9.64,94.14,29.44
23,52,339,FCFS,340.97,482.2,29.29,98.91,2.26
24,1648,564,Round Robin,383.71,623.93,38.5,90.13,68.67
39,797,206,Round Robin,480.51,569.13,15.57,90.67,20.44
36,1521,279,FCFS,279.97,349.36,19.86,81.16,42.25
52,1814,115,Round Robin,154.75,362.44,57.3,63.9,34.88
48,1975,454,Round Robin,367.58,420.07,12.5,86.68,41.15
28,324,408,Round Robin,484.04,734.48,34.1,65.91,11.57
65,1603,826,QoS Aware Heuristic,378.88,445.59,14.97,69.83,24.66
21,1665,688,Reinforcement Learning,421.33,602.42,30.06,88.3,79.29
75,264,836,Round Robin,269.1,504.13,46.62,86.28,3.52
54,1756,704,FCFS,138.59,249.09,44.36,72.57,32.52
69,1558,280,Round Robin,167.55,243.44,31.17,90.88,22.58
36,378,273,QoS Aware Heuristic,493.06,586.97,16.0,97.57,10.5
40,304,453,QoS Aware Heuristic,297.27,560.94,47.01,81.81,7.6
17,1460,453,Round Robin,104.81,331.26,68.36,87.11,85.88
74,175,318,Bin Packing,482.15,581.67,17.11,70.87,2.36
62,816,754,Reinforcement Learning,299.11,528.14,43.37,98.83,13.16
18,1657,414,FCFS,434.51,661.66,34.33,70.95,92.06
41,1623,533,FCFS,319.38,618.81,48.39,95.5,39.59
83,1397,381,FCFS,140.68,288.57,51.25,97.11,16.83
72,1277,358,FCFS,346.23,612.44,43.47,88.79,17.74
44,1245,967,QoS Aware Heuristic,498.96,660.57,24.47,92.46,28.3
63,1808,658,Reinforcement Learning,113.9,388.34,70.67,78.31,28.7
84,266,104,Round Robin,436.72,509.62,14.3,96.78,3.17
96,1318,673,Round Robin,194.19,288.02,32.58,89.71,13.73
20,1409,695,Bin Packing,257.55,520.04,50.47,73.07,70.45
66,1776,744,Round Robin,249.08,503.91,50.57,61.4,26.91
8,1371,493,Reinforcement Learning,459.52,585.88,21.57,81.63,171.38
49,881,435,Round Robin,301.79,500.99,39.76,93.63,17.98
94,231,162,QoS Aware Heuristic,278.87,424.54,34.31,94.43,2.46
32,383,892,Round Robin,427.21,479.79,10.96,93.4,11.97
70,560,143,FCFS,119.56,176.09,32.1,68.59,8.0
35,432,252,FCFS,134.58,198.14,32.08,77.05,12.34
7,1790,881,FCFS,108.68,307.2,64.62,84.55,255.71
12,1946,953,FCFS,375.19,495.0,24.2,86.7,162.17
28,1272,782,QoS Aware Heuristic,310.25,396.24,21.7,73.38,45.43
19,381,255,QoS Aware Heuristic,450.41,735.69,38.78,87.71,20.05
47,1238,577,QoS Aware Heuristic,299.41,379.74,21.15,83.64,26.34
35,1315,374,Round Robin,188.73,407.23,53.66,82.67,37.57
77,949,457,FCFS,422.06,695.6,39.32,86.52,12.32
49,691,525,Bin Packing,217.73,308.69,29.47,84.13,14.1
70,1300,631,Bin Packing,474.28,577.96,17.94,66.67,18.57
12,683,582,FCFS,200.17,393.62,49.15,94.98,56.92
75,1629,313,Reinforcement Learning,167.09,344.2,51.46,69.62,21.72
61,500,178,Round Robin,297.33,477.59,37.74,89.78,8.2
84,245,238,Bin Packing,120.21,308.88,61.08,67.06,2.92
34,1943,197,QoS Aware Heuristic,114.56,402.04,71.51,86.44,57.15
78,1277,988,Reinforcement Learning,298.41,361.87,17.54,95.83,16.37
22,507,763,QoS Aware Heuristic,186.04,426.15,56.34,60.39,23.05
73,879,297,Reinforcement Learning,103.74,211.87,51.04,99.19,12.04
97,306,884,Reinforcement Learning,218.42,361.84,39.64,61.19,3.15
43,1602,255,Round Robin,290.95,363.27,19.91,60.45,37.26
64,1345,149,QoS Aware Heuristic,257.72,419.13,38.51,94.3,21.02
47,58,578,QoS Aware Heuristic,154.19,405.24,61.95,88.35,1.23
49,810,327,Bin Packing,331.87,406.56,18.37,64.23,16.53
27,998,556,FCFS,384.13,503.03,23.64,97.5,36.96
73,1274,621,FCFS,370.22,513.49,27.9,86.88,17.45
98,1132,248,Bin Packing,257.5,333.47,22.78,64.44,11.55
10,936,157,Reinforcement Learning,155.04,395.62,60.81,94.42,93.6
60,442,261,Bin Packing,299.79,546.53,45.15,79.24,7.37
8,1725,962,Bin Packing,456.17,715.14,36.21,71.13,215.62
97,1192,576,QoS Aware Heuristic,287.49,483.46,40.53,93.0,12.29
27,1626,206,Bin Packing,178.27,355.08,49.79,89.54,60.22
10,448,526,Reinforcement Learning,137.22,252.86,45.73,84.92,44.8
36,1907,494,FCFS,477.57,691.36,30.92,95.94,52.97
22,380,900,Round Robin,397.2,558.34,28.86,94.45,17.27
19,1340,285,Bin Packing,225.19,517.88,56.52,69.07,70.53
44,1593,657,Bin Packing,218.14,510.18,57.24,95.15,36.2
77,1768,545,QoS Aware Heuristic,458.09,734.39,37.62,74.96,22.96
78,529,740,QoS Aware Heuristic,171.03,311.05,45.02,77.27,6.78
88,183,929,Bin Packing,314.01,456.0,31.14,98.89,2.08
10,1766,547,Bin Packing,385.4,648.57,40.58,90.39,176.6
67,965,186,Reinforcement Learning,258.56,490.84,47.32,72.86,14.4
71,984,348,FCFS,115.96,342.05,66.1,85.92,13.86
15,404,940,FCFS,191.1,311.0,38.55,81.57,26.93
47,633,539,Round Robin,460.72,719.06,35.93,64.66,13.47
21,1571,356,FCFS,309.25,504.11,38.65,95.51,74.81
8,674,376,Round Robin,426.18,587.9,27.51,92.88,84.25
67,1180,889,QoS Aware Heuristic,322.27,588.63,45.25,91.11,17.61
72,339,537,Round Robin,477.44,625.99,23.73,82.37,4.71
85,874,615,Round Robin,463.65,677.13,31.53,68.83,10.28
45,678,676,FCFS,293.16,459.64,36.22,95.36,15.07
87,1068,301,Bin Packing,227.31,425.49,46.58,74.12,12.28
9,681,674,QoS Aware Heuristic,340.67,400.81,15.0,60.8,75.67
36,1220,754,Reinforcement Learning,369.96,535.24,30.88,99.27,33.89
90,376,855,Round Robin,299.34,488.46,38.72,94.45,4.18
74,1488,903,Round Robin,428.91,602.09,28.76,84.91,20.11
39,259,896,Round Robin,173.33,435.18,60.17,60.5,6.64
26,1369,279,Bin Packing,233.76,361.54,35.34,69.11,52.65
69,1471,785,Reinforcement Learning,374.55,645.57,41.98,78.08,21.32
88,1176,424,FCFS,198.67,349.54,43.16,85.12,13.36
26,685,722,QoS Aware Heuristic,275.94,499.57,44.76,88.33,26.35
15,1830,786,Bin Packing,485.49,557.17,12.87,91.53,122.0
81,1581,574,Reinforcement Learning,350.35,450.39,22.21,82.23,19.52
7,1964,764,QoS Aware Heuristic,479.62,719.91,33.38,86.25,280.57
13,917,499,FCFS,388.98,442.06,12.01,92.45,70.54
64,1282,967,QoS Aware Heuristic,389.87,682.0,42.83,88.79,20.03
80,477,316,Round Robin,336.74,434.4,22.48,98.19,5.96
91,442,908,Round Robin,156.88,432.21,63.7,94.99,4.86
18,875,552,Bin Packing,307.89,486.88,36.76,66.77,48.61
22,965,503,QoS Aware Heuristic,201.07,392.21,48.73,97.9,43.86
77,1182,339,Round Robin,499.47,570.5,12.45,68.17,15.35
27,1962,837,Bin Packing,206.78,348.08,40.59,99.65,72.67
78,397,285,Bin Packing,192.27,281.32,31.65,88.05,5.09
87,99,147,Bin Packing,349.55,531.03,34.18,85.1,1.14
51,965,485,FCFS,304.38,492.06,38.14,72.97,18.92
73,1178,307,Round Robin,108.54,335.96,67.69,65.32,16.14
51,1493,256,Round Robin,151.81,421.38,63.97,65.05,29.27
91,1446,324,Reinforcement Learning,424.42,591.46,28.24,94.66,15.89
34,1100,243,FCFS,293.48,401.82,26.96,77.3,32.35
29,1017,518,Round Robin,158.41,291.8,45.71,82.39,35.07
32,849,210,Round Robin,286.1,547.87,47.78,97.27,26.53
29,1842,929,Reinforcement Learning,201.26,287.73,30.05,70.21,63.52
78,1346,974,QoS Aware Heuristic,189.44,396.25,52.19,90.56,17.26
82,1066,973,QoS Aware Heuristic,483.09,536.36,9.93,78.82,13.0
62,698,564,FCFS,244.81,356.23,31.28,68.51,11.26
98,1413,231,Bin Packing,118.57,316.42,62.53,94.12,14.42
45,350,724,Reinforcement Learning,488.13,652.23,25.16,87.2,7.78
29,1553,935,Reinforcement Learning,417.94,591.33,29.32,63.8,53.55
82,1907,700,Round Robin,201.77,416.91,51.6,81.67,23.26
52,1617,772,Round Robin,263.56,372.21,29.19,94.07,31.1
14,1630,433,Reinforcement Learning,444.92,565.12,21.27,62.68,116.43
79,1338,174,Bin Packing,242.97,464.08,47.64,76.65,16.94
15,1615,892,QoS Aware Heuristic,326.96,511.53,36.08,92.21,107.67
89,1669,511,FCFS,313.94,367.59,14.6,94.33,18.75
25,215,618,QoS Aware Heuristic,260.52,478.1,45.51,91.01,8.6
90,365,724,FCFS,355.8,560.82,36.56,72.23,4.06
49,50,135,Bin Packing,289.32,358.97,19.4,80.28,1.02
11,1069,877,Reinforcement Learning,108.49,345.37,68.59,89.65,97.18
85,1834,724,Bin Packing,425.75,606.28,29.78,66.1,21.58
68,1334,903,Reinforcement Learning,145.26,246.45,41.06,83.8,19.62
68,112,322,Round Robin,285.64,475.48,39.93,88.81,1.65
6,532,822,FCFS,331.96,530.82,37.46,94.0,88.67
80,1749,629,Round Robin,382.2,662.23,42.29,64.47,21.86
46,1394,340,Reinforcement Learning,264.32,499.86,47.12,73.19,30.3
86,1919,233,FCFS,394.22,519.7,24.14,81.67,22.31
58,1274,831,FCFS,152.54,232.07,34.27,88.04,21.97
79,271,490,Round Robin,361.38,624.68,42.15,89.2,3.43
20,201,201,FCFS,430.54,692.06,37.79,70.13,10.05
22,693,751,Reinforcement Learning,455.78,549.61,17.07,60.56,31.5
63,675,780,Reinforcement Learning,331.83,397.36,16.49,87.75,10.71
94,1535,597,Round Robin,225.16,453.13,50.31,96.37,16.33
20,266,610,Bin Packing,165.34,395.99,58.25,91.9,13.3
10,245,802,Reinforcement Learning,238.22,332.51,28.36,84.9,24.5
61,1866,636,Reinforcement Learning,315.99,533.04,40.72,99.1,30.59
51,1275,644,FCFS,178.53,298.26,40.14,77.32,25.0
52,1044,442,FCFS,481.01,596.16,19.32,81.0,20.08
46,1064,940,Reinforcement Learning,458.85,589.98,22.23,60.49,23.13
80,696,105,Round Robin,113.18,293.28,61.41,97.84,8.7
64,1307,293,Bin Packing,324.78,575.89,43.6,83.33,20.42
81,1214,841,FCFS,415.72,590.38,29.58,75.63,14.99
8,757,236,FCFS,198.16,322.67,38.59,61.78,94.62
6,1571,934,Bin Packing,309.56,580.55,46.68,74.5,261.83
94,1628,572,FCFS,262.4,326.17,19.55,60.14,17.32
63,1130,315,Round Robin,178.62,427.89,58.26,72.97,17.94
31,1577,448,FCFS,345.89,591.99,41.57,98.06,50.87
31,1215,975,FCFS,497.48,610.87,18.56,66.17,39.19
83,771,282,Reinforcement Learning,246.11,345.68,28.8,81.82,9.29
76,1657,267,Round Robin,320.95,589.63,45.57,67.46,21.8
11,1809,893,Round Robin,231.14,420.86,45.08,91.34,164.45
67,1612,137,Reinforcement Learning,450.78,512.28,12.01,82.5,24.06
50,689,774,QoS Aware Heuristic,445.84,718.55,37.95,68.09,13.78
67,155,570,Bin Packing,171.51,308.76,44.45,94.65,2.31
16,214,551,Round Robin,459.98,595.52,22.76,91.36,13.38
17,264,589,QoS Aware Heuristic,160.6,371.42,56.76,98.05,15.53
47,1144,241,Bin Packing,138.18,353.51,60.91,60.03,24.34
21,1789,859,Round Robin,361.17,499.5,27.69,78.28,85.19
67,1738,202,FCFS,254.36,340.18,25.23,99.99,25.94
85,1652,810,Round Robin,312.3,500.37,37.59,92.45,19.44
40,139,811,Bin Packing,361.03,567.32,36.36,93.25,3.48
89,1845,141,QoS Aware Heuristic,121.13,386.19,68.63,84.85,20.73
12,923,246,FCFS,217.18,388.29,44.07,88.52,76.92
73,1301,165,Bin Packing,284.36,495.78,42.64,92.21,17.82
94,1152,292,Bin Packing,206.63,270.23,23.54,63.69,12.26
84,657,397,Round Robin,119.59,393.22,69.59,87.7,7.82
40,398,137,Reinforcement Learning,134.67,266.47,49.46,92.62,9.95
32,1915,601,Reinforcement Learning,420.7,628.76,33.09,61.63,59.84
97,943,752,FCFS,464.55,743.56,37.52,71.88,9.72
51,295,717,Bin Packing,160.89,413.52,61.09,72.96,5.78
80,321,527,QoS Aware Heuristic,199.7,409.13,51.19,94.18,4.01
34,452,763,FCFS,360.9,586.8,38.5,91.21,13.29
27,1742,451,FCFS,481.71,761.94,36.78,86.26,64.52
20,1189,425,Round Robin,219.84,472.86,53.51,92.19,59.45
18,1508,137,QoS Aware Heuristic,442.09,644.55,31.41,78.14,83.78
78,1603,196,Bin Packing,302.41,517.09,41.52,95.0,20.55
75,1515,207,Bin Packing,482.62,569.44,15.25,69.37,20.2
56,1245,730,Bin Packing,154.5,322.04,52.02,88.18,22.23
41,1089,250,FCFS,489.47,614.72,20.38,69.67,26.56
33,1010,173,Round Robin,276.39,434.38,36.37,61.59,30.61
71,1825,156,FCFS,481.18,696.74,30.94,71.37,25.7
19,947,977,Reinforcement Learning,283.48,370.77,23.54,79.72,49.84
51,1129,434,Reinforcement Learning,312.03,366.37,14.83,93.74,22.14
50,1664,351,Bin Packing,421.91,571.14,26.13,80.35,33.28
56,1176,903,Round Robin,389.05,519.6,25.13,67.17,21.0
23,333,924,Bin Packing,347.84,502.95,30.84,99.71,14.48
81,1778,866,Bin Packing,266.79,549.6,51.46,70.8,21.95
25,566,353,FCFS,416.98,643.75,35.23,99.41,22.64
68,667,484,Bin Packing,479.29,611.15,21.58,97.45,9.81
41,1351,555,Bin Packing,103.92,198.74,47.71,81.7,32.95
31,1958,358,Round Robin,335.14,539.76,37.91,63.68,63.16
59,661,881,Round Robin,446.39,660.78,32.44,87.82,11.2
33,799,564,Round Robin,361.25,532.16,32.12,93.83,24.21
24,1342,133,Bin Packing,420.33,523.52,19.71,77.81,55.92
29,1906,594,Round Robin,458.02,515.16,11.09,69.56,65.72
74,449,425,Round Robin,400.38,516.8,22.53,92.11,6.07
67,1576,936,QoS Aware Heuristic,386.81,551.1,29.81,81.8,23.52
40,135,337,QoS Aware Heuristic,485.9,732.88,33.7,67.91,3.38
6,369,790,Reinforcement Learning,445.47,708.91,37.16,97.98,61.5
26,1105,715,FCFS,426.15,579.38,26.45,97.92,42.5
20,385,640,FCFS,134.56,383.59,64.92,74.68,19.25
22,100,838,Round Robin,195.61,493.95,60.4,62.56,4.55
73,1152,565,Reinforcement Learning,322.7,551.85,41.52,85.23,15.78
58,1771,843,Reinforcement Learning,383.82,615.97,37.69,72.69,30.53
34,223,403,QoS Aware Heuristic,221.29,498.67,55.62,62.65,6.56
49,1691,961,Reinforcement Learning,137.33,271.87,49.49,95.67,34.51
23,550,946,Bin Packing,224.44,277.24,19.04,99.92,23.91
91,1648,216,Round Robin,408.41,705.15,42.08,74.02,18.11
38,125,306,Bin Packing,450.96,623.58,27.68,89.79,3.29
17,365,796,FCFS,465.16,711.58,34.63,62.63,21.47
47,1906,580,QoS Aware Heuristic,251.55,504.67,50.16,74.79,40.55
66,1446,749,Bin Packing,249.02,398.4,37.49,64.35,21.91
97,1154,502,Round Robin,262.68,448.0,41.37,62.21,11.9
26,1946,934,Bin Packing,250.32,435.3,42.49,83.55,74.85
56,1713,775,Bin Packing,366.48,471.53,22.28,92.08,30.59
56,1768,999,Reinforcement Learning,243.33,322.74,24.6,78.12,31.57
40,1828,686,QoS Aware Heuristic,108.14,294.03,63.22,80.97,45.7
77,746,332,FCFS,275.61,355.65,22.51,70.83,9.69
23,1059,383,Round Robin,189.66,326.18,41.85,89.46,46.04
42,781,579,Round Robin,111.52,208.04,46.39,74.44,18.6
74,1144,988,FCFS,288.34,515.07,44.02,62.7,15.46
83,1018,866,Round Robin,182.38,450.38,59.51,66.62,12.27
61,903,108,Reinforcement Learning,281.1,475.58,40.89,65.14,14.8
24,715,814,Bin Packing,211.1,363.64,41.95,77.44,29.79
13,1830,478,Reinforcement Learning,341.48,640.64,46.7,62.61,140.77
36,701,916,Reinforcement Learning,496.35,551.65,10.02,92.26,19.47
8,1144,702,Reinforcement Learning,318.89,444.98,28.34,96.32,143.0
54,95,480,FCFS,358.76,478.43,25.01,69.94,1.76
86,1120,943,QoS Aware Heuristic,467.71,606.76,22.92,79.42,13.02
9,1664,761,FCFS,249.6,357.25,30.13,80.76,184.89
24,1495,459,FCFS,166.62,282.69,41.06,99.4,62.29
91,198,275,Reinforcement Learning,213.12,327.54,34.93,62.62,2.18
79,959,584,QoS Aware Heuristic,261.12,437.56,40.32,86.72,12.14
41,1203,504,FCFS,358.01,505.77,29.21,73.83,29.34
26,505,132,QoS Aware Heuristic,101.84,311.66,67.32,80.07,19.42
62,1712,564,Reinforcement Learning,441.35,619.95,28.81,68.68,27.61
72,926,795,FCFS,130.44,226.3,42.36,66.41,12.86
97,1704,256,QoS Aware Heuristic,460.26,712.77,35.43,69.74,17.57
48,1015,664,Round Robin,479.77,647.82,25.94,62.85,21.15
38,918,907,FCFS,496.04,584.35,15.11,71.12,24.16
81,1578,301,FCFS,423.8,515.52,17.79,87.61,19.48
46,978,885,FCFS,156.74,405.98,61.39,86.06,21.26
13,1073,274,QoS Aware Heuristic,382.47,608.22,37.12,82.18,82.54
99,1050,343,Bin Packing,181.33,357.96,49.34,60.02,10.61
11,823,368,FCFS,458.85,585.37,21.61,65.03,74.82
72,293,545,Round Robin,226.64,391.77,42.15,93.71,4.07
23,523,173,Round Robin,230.72,439.84,47.54,70.87,22.74
98,431,195,Reinforcement Learning,467.06,736.88,36.62,96.49,4.4
35,1176,972,Bin Packing,105.29,294.26,64.22,94.98,33.6
39,538,272,Bin Packing,177.59,296.77,40.16,66.2,13.79
61,1110,998,QoS Aware Heuristic,268.77,329.45,18.42,95.93,18.2
89,1727,505,Reinforcement Learning,380.29,474.15,19.8,85.11,19.4
65,1622,254,QoS Aware Heuristic,359.03,571.57,37.19,85.21,24.95
35,1593,282,Reinforcement Learning,367.76,457.87,19.68,94.11,45.51
87,1816,422,Bin Packing,452.01,622.39,27.38,76.2,20.87
99,1406,388,QoS Aware Heuristic,148.41,373.15,60.23,89.41,14.2
57,446,357,Reinforcement Learning,308.86,435.92,29.15,86.71,7.82
36,345,686,Bin Packing,390.19,607.47,35.77,90.86,9.58
70,156,273,Bin Packing,354.45,549.72,35.52,86.41,2.23
63,909,429,FCFS,279.33,439.06,36.38,63.2,14.43
14,1003,330,QoS Aware Heuristic,106.85,381.16,71.97,71.71,71.64
6,579,858,FCFS,124.18,347.19,64.23,97.6,96.5
70,1898,260,Bin Packing,147.58,287.73,48.71,68.94,27.11
64,1156,285,QoS Aware Heuristic,237.29,488.36,51.41,78.89,18.06
92,983,242,QoS Aware Heuristic,147.06,381.59,61.46,74.28,10.68
21,337,381,Round Robin,270.43,518.35,47.83,63.45,16.05
20,755,739,Reinforcement Learning,171.46,381.7,55.08,67.25,37.75
20,1534,777,Round Robin,411.67,556.51,26.03,71.47,76.7
50,264,126,Round Robin,448.6,585.74,23.41,78.53,5.28
43,1354,345,Bin Packing,255.86,469.4,45.49,94.98,31.49
35,781,586,Reinforcement Learning,304.53,387.26,21.36,80.62,22.31
92,1532,746,Round Robin,481.4,736.38,34.63,86.08,16.65
5,1874,996,Round Robin,314.2,456.78,31.21,77.04,374.8
15,393,301,QoS Aware Heuristic,498.03,705.62,29.42,94.8,26.2
89,243,120,Bin Packing,156.85,331.62,52.7,86.5,2.73
8,207,690,Round Robin,444.89,624.72,28.79,63.63,25.88
75,514,769,Reinforcement Learning,298.88,533.38,43.96,79.1,6.85
30,153,193,FCFS,109.09,315.76,65.45,93.09,5.1
54,83,107,FCFS,488.89,601.47,18.72,89.35,1.54
16,1175,571,Bin Packing,486.02,554.58,12.36,96.21,73.44
99,688,438,FCFS,253.31,513.37,50.66,69.11,6.95
85,1799,358,QoS Aware Heuristic,481.66,752.88,36.02,99.09,21.16
79,374,154,QoS Aware Heuristic,156.4,247.52,36.81,71.4,4.73
96,1881,647,Reinforcement Learning,372.04,499.41,25.5,62.01,19.59
69,740,105,Bin Packing,176.77,297.36,40.55,79.83,10.72
51,641,476,Bin Packing,198.66,483.02,58.87,64.41,12.57
96,190,653,FCFS,411.73,512.92,19.73,87.25,1.98
57,523,149,Round Robin,250.94,342.57,26.75,96.02,9.18
75,1104,211,Round Robin,102.85,198.31,48.14,96.85,14.72
6,933,245,Round Robin,265.7,498.17,46.66,84.28,155.5
28,112,329,Reinforcement Learning,191.23,463.23,58.72,81.41,4.0
8,1633,822,Bin Packing,373.33,521.67,28.44,99.76,204.12
23,1160,596,FCFS,177.78,261.8,32.09,83.18,50.43
30,353,405,Reinforcement Learning,436.9,633.33,31.02,97.1,11.77
79,1134,641,QoS Aware Heuristic,206.84,309.32,33.13,96.66,14.35
44,445,560,QoS Aware Heuristic,257.21,323.25,20.43,71.58,10.11
54,383,906,QoS Aware Heuristic,219.21,490.77,55.33,60.55,7.09
47,835,727,Bin Packing,357.57,625.28,42.81,77.57,17.77
79,460,325,QoS Aware Heuristic,140.47,434.45,67.67,94.45,5.82
71,333,158,Round Robin,291.24,459.74,36.65,93.45,4.69
16,515,175,QoS Aware Heuristic,233.78,357.28,34.57,84.15,32.19
71,129,527,Reinforcement Learning,453.66,696.11,34.83,66.27,1.82
31,1765,827,QoS Aware Heuristic,129.36,224.48,42.37,64.3,56.94
58,833,231,Round Robin,431.88,542.7,20.42,98.19,14.36
70,1150,597,QoS Aware Heuristic,167.07,280.99,40.54,76.86,16.43
53,782,915,FCFS,135.43,423.33,68.01,85.93,14.75
20,1978,692,Round Robin,180.93,413.39,56.23,96.23,98.9
6,1867,404,Bin Packing,141.06,224.48,37.16,94.8,311.17
64,1613,166,QoS Aware Heuristic,308.39,381.6,19.19,82.68,25.2
58,1434,329,Reinforcement Learning,495.29,755.99,34.48,79.52,24.72
34,126,432,QoS Aware Heuristic,113.73,364.3,68.78,89.41,3.71
88,558,376,Reinforcement Learning,284.45,502.2,43.36,73.99,6.34
42,1237,972,FCFS,254.43,353.46,28.02,85.02,29.45
32,1082,683,Bin Packing,235.84,405.91,41.9,60.93,33.81
29,1248,820,Round Robin,232.75,433.43,46.3,92.97,43.03
14,511,883,Round Robin,458.01,741.04,38.19,99.92,36.5
64,1380,243,Bin Packing,107.59,199.95,46.19,98.19,21.56
46,1661,350,FCFS,409.97,588.83,30.38,74.4,36.11
44,294,895,FCFS,201.17,290.61,30.78,81.24,6.68
81,171,790,QoS Aware Heuristic,253.32,414.28,38.85,69.45,2.11
46,234,179,FCFS,268.06,368.09,27.18,72.12,5.09
51,81,156,QoS Aware Heuristic,221.89,480.94,53.86,78.29,1.59
41,1047,465,Reinforcement Learning,137.42,251.1,45.27,89.88,25.54
84,811,407,Bin Packing,145.73,300.01,51.42,60.72,9.65
26,618,273,Reinforcement Learning,219.25,371.2,40.93,75.75,23.77
61,359,561,Reinforcement Learning,428.72,695.29,38.34,82.26,5.89
88,1445,849,Reinforcement Learning,153.85,393.3,60.88,68.61,16.42
31,1729,777,Reinforcement Learning,397.06,461.45,13.95,63.14,55.77
45,879,695,Round Robin,215.55,282.32,23.65,81.58,19.53
84,1669,592,FCFS,453.39,641.19,29.29,85.51,19.87
38,1041,659,Bin Packing,271.33,428.26,36.64,85.64,27.39
36,1129,738,Bin Packing,168.69,287.59,41.34,74.26,31.36
94,840,780,Reinforcement Learning,494.34,742.5,33.42,69.49,8.94
93,1346,965,Bin Packing,170.65,252.81,32.5,68.82,14.47
70,513,473,QoS Aware Heuristic,327.05,620.56,47.3,61.62,7.33
16,727,448,Bin Packing,327.71,383.74,14.6,67.39,45.44
44,1529,166,Reinforcement Learning,249.13,328.69,24.21,92.74,34.75
77,1028,429,Bin Packing,480.6,608.43,21.01,60.12,13.35
80,719,951,FCFS,437.55,614.84,28.84,61.76,8.99
94,1322,293,Reinforcement Learning,431.93,535.96,19.41,65.08,14.06
77,747,254,Round Robin,489.66,723.71,32.34,76.81,9.7
14,1043,259,FCFS,282.84,422.23,33.01,73.35,74.5
52,127,795,Bin Packing,138.87,198.5,30.04,67.11,2.44
24,583,365,Round Robin,406.18,675.61,39.88,64.44,24.29
43,157,267,FCFS,252.33,538.3,53.12,97.55,3.65
64,1346,244,QoS Aware Heuristic,176.14,380.78,53.74,96.45,21.03
70,813,285,FCFS,293.3,544.93,46.18,90.88,11.61
69,64,985,Round Robin,470.29,550.57,14.58,70.08,0.93
55,419,964,QoS Aware Heuristic,168.54,285.75,41.02,72.95,7.62
40,1377,873,Bin Packing,439.48,570.79,23.0,86.63,34.42
28,1745,522,Reinforcement Learning,267.28,557.47,52.05,71.67,62.32
31,254,885,Bin Packing,154.72,332.78,53.51,81.22,8.19
6,1186,556,Reinforcement Learning,439.35,491.2,10.56,86.05,197.67
35,1753,939,Reinforcement Learning,487.85,632.9,22.92,80.77,50.09
61,914,444,Round Robin,216.51,268.45,19.35,76.53,14.98
82,1326,834,QoS Aware Heuristic,221.41,330.86,33.08,73.92,16.17
70,490,653,QoS Aware Heuristic,256.22,419.9,38.98,91.11,7.0
33,1259,615,FCFS,425.65,556.5,23.51,89.56,38.15
19,908,887,Bin Packing,104.17,162.35,35.84,87.85,47.79
16,276,895,Round Robin,189.58,268.66,29.43,74.99,17.25
32,577,804,Bin Packing,382.36,570.08,32.93,91.03,18.03
88,1741,203,FCFS,262.26,486.16,46.05,98.31,19.78
28,403,346,FCFS,232.12,383.26,39.44,87.56,14.39
25,672,911,Round Robin,448.91,681.78,34.16,76.32,26.88
14,1074,122,FCFS,466.93,557.76,16.28,91.86,76.71
82,1626,914,Round Robin,479.19,559.7,14.38,84.37,19.83
22,1633,624,FCFS,209.02,468.88,55.42,95.11,74.23
92,976,243,QoS Aware Heuristic,465.01,599.81,22.47,88.53,10.61
18,1493,829,Round Robin,394.79,552.85,28.59,90.8,82.94
38,1693,794,QoS Aware Heuristic,161.69,448.59,63.96,86.7,44.55
62,1234,962,QoS Aware Heuristic,344.11,500.14,31.2,63.68,19.9
80,210,853,Round Robin,110.53,161.4,31.52,79.4,2.62
26,920,292,Bin Packing,383.35,667.84,42.6,62.26,35.38
74,1201,564,Reinforcement Learning,393.43,446.96,11.98,77.9,16.23
40,1795,883,FCFS,415.74,631.31,34.15,88.66,44.88
49,1224,474,FCFS,169.01,299.73,43.61,76.85,24.98
40,493,776,Bin Packing,351.3,518.9,32.3,60.07,12.32
26,1840,791,Reinforcement Learning,171.54,358.36,52.13,74.77,70.77
82,1544,728,Bin Packing,478.66,630.78,24.12,62.71,18.83
84,512,365,Reinforcement Learning,370.0,613.59,39.7,91.22,6.1
65,1803,477,Round Robin,138.13,420.81,67.18,91.35,27.74
60,1103,649,Round Robin,174.81,246.41,29.06,92.26,18.38
93,522,655,QoS Aware Heuristic,365.38,615.44,40.63,61.21,5.61
37,606,962,QoS Aware Heuristic,290.67,372.84,22.04,61.29,16.38
49,129,173,Round Robin,394.52,464.59,15.08,96.14,2.63
40,1112,537,QoS Aware Heuristic,212.32,501.28,57.64,64.95,27.8
24,289,980,Round Robin,363.17,535.49,32.18,86.8,12.04
22,606,325,Bin Packing,170.78,258.93,34.04,91.82,27.55
42,639,918,FCFS,317.48,509.97,37.75,77.91,15.21
71,1410,407,Round Robin,483.12,598.93,19.34,81.86,19.86
27,1981,447,Round Robin,351.29,517.37,32.1,69.1,73.37
20,1934,575,Round Robin,120.0,326.16,63.21,96.94,96.7
63,1873,414,QoS Aware Heuristic,495.5,762.82,35.04,72.07,29.73
73,1353,624,QoS Aware Heuristic,162.75,213.52,23.78,68.71,18.53
72,1189,524,QoS Aware Heuristic,387.23,490.77,21.1,81.02,16.51
25,318,623,QoS Aware Heuristic,313.01,387.08,19.14,67.62,12.72
82,1989,661,Bin Packing,217.74,292.01,25.43,87.47,24.26
99,384,924,Round Robin,170.92,457.36,62.63,80.6,3.88
82,361,348,Bin Packing,171.08,455.1,62.41,65.91,4.4
74,1126,730,QoS Aware Heuristic,443.36,680.69,34.87,62.69,15.22
16,1141,668,Bin Packing,449.17,659.94,31.94,65.48,71.31
20,743,281,Round Robin,286.06,548.05,47.8,65.46,37.15
85,83,875,Round Robin,141.45,206.05,31.35,72.51,0.98
91,1869,205,QoS Aware Heuristic,453.67,533.54,14.97,93.33,20.54
18,1891,290,Round Robin,294.81,424.09,30.48,62.29,105.06
65,435,236,Bin Packing,275.5,533.62,48.37,65.12,6.69
75,298,799,Reinforcement Learning,262.94,431.0,38.99,72.12,3.97
50,1184,219,Round Robin,246.01,421.9,41.69,82.13,23.68
36,1167,853,Bin Packing,310.4,417.72,25.69,90.52,32.42
19,1483,930,Bin Packing,341.82,553.92,38.29,96.85,78.05
48,1252,171,Bin Packing,286.57,558.53,48.69,76.48,26.08
21,1120,854,Round Robin,458.66,591.04,22.4,64.23,53.33
45,843,230,Reinforcement Learning,227.06,431.86,47.42,68.54,18.73
58,901,556,QoS Aware Heuristic,331.32,464.31,28.64,71.49,15.53
48,923,880,QoS Aware Heuristic,219.98,468.16,53.01,91.44,19.23
9,1677,578,Round Robin,401.34,570.08,29.6,87.47,186.33
31,425,151,Round Robin,140.85,275.72,48.92,68.36,13.71
91,773,673,FCFS,175.48,330.49,46.9,93.55,8.49
82,1660,218,Reinforcement Learning,420.48,493.29,14.76,94.37,20.24
83,1963,976,Bin Packing,173.28,439.81,60.6,95.3,23.65
47,251,363,Bin Packing,350.3,639.82,45.25,71.0,5.34
35,494,338,QoS Aware Heuristic,488.1,657.45,25.76,65.35,14.11
21,1992,450,Round Robin,309.16,414.49,25.41,64.16,94.86
96,346,992,Reinforcement Learning,174.96,391.12,55.27,76.0,3.6
87,1381,354,QoS Aware Heuristic,228.28,391.38,41.67,77.17,15.87
58,1796,784,Reinforcement Learning,429.38,542.46,20.85,94.73,30.97
66,542,408,Round Robin,240.66,300.27,19.85,70.71,8.21
91,387,848,Bin Packing,389.4,661.83,41.16,85.08,4.25
36,972,930,FCFS,410.94,660.12,37.75,91.53,27.0
44,1719,706,Reinforcement Learning,300.47,557.72,46.13,70.77,39.07
17,1915,948,Bin Packing,413.29,573.25,27.9,70.69,112.65
88,1139,594,Reinforcement Learning,226.76,465.07,51.24,86.77,12.94
39,841,156,Reinforcement Learning,306.46,501.77,38.92,89.05,21.56
9,1495,502,Reinforcement Learning,374.62,518.31,27.72,98.39,166.11
77,1613,166,Round Robin,167.23,427.92,60.92,94.0,20.95
33,1997,145,QoS Aware Heuristic,209.45,509.14,58.86,92.88,60.52
74,1702,705,Reinforcement Learning,360.81,635.63,43.24,87.69,23.0
29,1566,749,Round Robin,362.14,606.19,40.26,64.74,54.0
99,1955,468,FCFS,297.32,534.2,44.34,92.37,19.75
26,1011,704,QoS Aware Heuristic,418.23,630.79,33.7,97.41,38.88
70,366,331,Round Robin,292.82,556.22,47.36,75.63,5.23
49,991,501,FCFS,452.53,625.8,27.69,72.55,20.22
73,1910,660,QoS Aware Heuristic,394.36,489.79,19.48,80.9,26.16
95,675,122,Round Robin,225.88,467.89,51.72,98.26,7.11
93,124,673,FCFS,258.1,537.98,52.02,62.03,1.33
76,1787,366,Round Robin,367.07,502.41,26.94,88.36,23.51
5,988,940,FCFS,457.78,703.53,34.93,92.59,197.6
88,108,217,Reinforcement Learning,171.48,289.91,40.85,91.55,1.23
48,435,699,Reinforcement Learning,305.87,591.52,48.29,82.67,9.06
91,64,700,QoS Aware Heuristic,147.51,368.38,59.96,96.82,0.7
79,1304,154,FCFS,211.78,404.1,47.59,65.38,16.51
43,1690,252,Reinforcement Learning,374.39,619.36,39.55,69.81,39.3
58,1750,338,QoS Aware Heuristic,131.09,384.4,65.9,72.28,30.17
92,248,364,Bin Packing,364.94,638.03,42.8,60.35,2.7
79,1989,367,Reinforcement Learning,460.32,735.6,37.42,74.83,25.18
33,1427,212,Reinforcement Learning,487.75,550.92,11.47,66.43,43.24
58,84,265,Round Robin,186.65,267.38,30.19,88.99,1.45
94,211,767,Bin Packing,399.56,656.08,39.1,76.6,2.24
20,1830,107,FCFS,470.55,757.06,37.85,88.18,91.5
24,1031,813,QoS Aware Heuristic,136.55,263.47,48.17,71.75,42.96
50,848,316,Bin Packing,265.61,317.76,16.41,65.28,16.96
71,944,530,FCFS,467.76,598.44,21.84,65.28,13.3
69,520,391,Reinforcement Learning,181.11,326.83,44.59,68.13,7.54
62,580,992,QoS Aware Heuristic,473.5,713.76,33.66,64.61,9.35
57,841,149,QoS Aware Heuristic,310.88,372.78,16.6,68.82,14.75
5,901,206,Bin Packing,139.96,243.12,42.43,83.16,180.2
85,1496,108,Round Robin,279.95,553.44,49.42,70.25,17.6
70,397,844,FCFS,230.5,319.21,27.79,73.72,5.67
33,743,799,Bin Packing,212.88,452.69,52.97,62.11,22.52
88,984,555,Round Robin,316.59,456.92,30.71,95.69,11.18
74,962,422,Round Robin,293.44,509.11,42.36,65.53,13.0
12,196,408,Round Robin,292.79,361.25,18.95,73.95,16.33
33,1447,949,QoS Aware Heuristic,135.26,256.9,47.35,75.18,43.85
55,1761,721,FCFS,420.93,577.13,27.06,90.89,32.02
37,724,244,FCFS,292.58,556.88,47.46,79.34,19.57
7,1489,839,Bin Packing,428.36,619.23,30.82,75.32,212.71
64,736,920,Reinforcement Learning,429.84,491.15,12.48,87.83,11.5
39,1567,511,Bin Packing,226.85,477.32,52.47,83.88,40.18
73,1632,213,FCFS,101.74,165.37,38.48,63.13,22.36
95,1329,674,QoS Aware Heuristic,464.5,748.09,37.91,72.51,13.99
80,1009,498,Bin Packing,404.28,507.21,20.29,99.14,12.61
88,735,374,Reinforcement Learning,142.9,314.88,54.62,79.33,8.35
24,1176,223,Bin Packing,380.69,448.76,15.17,76.97,49.0
77,170,185,Round Robin,108.01,298.44,63.81,66.0,2.21
43,468,681,Reinforcement Learning,111.1,285.41,61.07,93.56,10.88
8,399,146,Round Robin,310.33,462.89,32.96,65.33,49.88
23,1730,810,QoS Aware Heuristic,138.41,197.3,29.85,64.2,75.22
95,91,975,FCFS,485.73,755.46,35.7,77.56,0.96
49,1440,300,Bin Packing,457.53,708.19,35.39,77.47,29.39
47,78,375,Bin Packing,359.92,568.18,36.65,99.26,1.66
17,1015,648,Round Robin,125.48,318.54,60.61,65.1,59.71
17,1965,814,Round Robin,229.93,453.67,49.32,79.35,115.59
64,834,229,FCFS,248.69,334.69,25.7,68.05,13.03
61,63,547,Bin Packing,292.35,575.51,49.2,88.07,1.03
90,969,903,FCFS,167.56,288.73,41.97,75.67,10.77
96,867,488,Round Robin,331.0,545.12,39.28,85.94,9.03
56,874,675,Round Robin,274.31,476.0,42.37,73.54,15.61
57,1558,362,Reinforcement Learning,478.92,688.07,30.4,82.58,27.33
90,1262,731,Round Robin,474.48,744.22,36.24,78.77,14.02
47,921,377,Round Robin,326.19,450.17,27.54,74.97,19.6
87,344,813,FCFS,357.74,594.98,39.87,81.5,3.95
76,1256,145,Reinforcement Learning,155.12,354.72,56.27,75.35,16.53
76,913,267,Reinforcement Learning,189.33,258.35,26.72,92.24,12.01
46,597,544,Bin Packing,460.29,613.83,25.01,79.81,12.98
94,1955,721,QoS Aware Heuristic,379.67,639.16,40.6,96.13,20.8
30,1110,145,Bin Packing,175.77,304.61,42.3,68.91,37.0
27,1057,823,Bin Packing,328.08,498.65,34.21,64.48,39.15
47,1087,639,Bin Packing,473.9,646.06,26.65,75.24,23.13
81,1996,186,Reinforcement Learning,238.07,442.57,46.21,67.35,24.64
32,684,902,FCFS,174.33,445.33,60.85,75.72,21.38
13,644,484,Round Robin,476.81,570.19,16.38,68.3,49.54
24,1232,768,Reinforcement Learning,284.51,460.66,38.24,94.73,51.33
60,1567,364,Round Robin,266.9,422.97,36.9,82.72,26.12
87,1402,876,Round Robin,207.03,331.01,37.46,79.9,16.11
43,663,121,QoS Aware Heuristic,456.63,736.53,38.0,91.51,15.42
55,1922,867,Bin Packing,438.25,490.29,10.61,65.21,34.95
16,1156,802,QoS Aware Heuristic,261.2,341.73,23.57,94.28,72.25
83,1629,549,Bin Packing,112.25,345.59,67.52,79.33,19.63
99,1653,331,Reinforcement Learning,278.66,394.52,29.37,65.46,16.7
59,1633,285,Round Robin,172.34,403.13,57.25,92.78,27.68
82,1642,425,QoS Aware Heuristic,157.09,415.15,62.16,78.43,20.02
15,1660,282,Reinforcement Learning,257.24,370.89,30.64,84.18,110.67
30,1095,496,Reinforcement Learning,139.63,237.62,41.24,95.74,36.5
46,1205,580,Bin Packing,482.99,569.32,15.16,95.63,26.2
31,514,502,Round Robin,119.02,219.04,45.66,95.71,16.58
15,1529,562,Bin Packing,260.55,377.35,30.95,76.68,101.93
42,1375,516,Bin Packing,165.08,432.27,61.81,89.98,32.74
47,1004,301,Reinforcement Learning,375.52,618.02,39.24,69.33,21.36
23,979,164,Bin Packing,131.52,181.98,27.73,93.25,42.57
68,1340,654,FCFS,318.72,587.25,45.73,73.67,19.71
10,848,832,Round Robin,409.24,478.94,14.55,78.56,84.8
50,444,116,Bin Packing,480.02,693.84,30.82,95.66,8.88
46,1193,935,Bin Packing,379.41,467.28,18.8,92.23,25.93
96,295,896,QoS Aware Heuristic,139.8,205.37,31.93,98.1,3.07
69,617,282,Round Robin,135.41,375.35,63.92,74.54,8.94
76,87,490,Round Robin,392.64,559.44,29.82,66.04,1.14
63,294,143,Bin Packing,186.13,385.9,51.77,96.42,4.67
56,70,799,FCFS,278.9,435.24,35.92,79.73,1.25
51,1183,581,QoS Aware Heuristic,490.65,557.44,11.98,95.58,23.2
11,1679,362,FCFS,427.96,662.86,35.44,89.28,152.64
15,443,273,Bin Packing,438.64,693.73,36.77,94.99,29.53
65,1483,540,Round Robin,444.31,504.67,11.96,86.19,22.82
72,1036,665,Round Robin,347.82,491.75,29.27,92.49,14.39
29,1721,319,FCFS,397.57,586.9,32.26,64.81,59.34
16,1816,657,Reinforcement Learning,243.58,444.88,45.25,98.73,113.5
30,57,493,Bin Packing,499.38,693.92,28.03,67.24,1.9
16,1517,871,Round Robin,211.85,435.09,51.31,60.98,94.81
47,377,294,Reinforcement Learning,336.0,627.7,46.47,81.23,8.02
55,1960,508,Round Robin,212.82,360.47,40.96,88.48,35.64
41,339,570,Round Robin,144.83,333.99,56.64,88.66,8.27
50,1836,446,Reinforcement Learning,327.03,551.8,40.73,73.57,36.72
57,560,561,FCFS,241.34,439.45,45.08,90.15,9.82
92,961,160,Bin Packing,333.29,479.98,30.56,93.7,10.45
84,410,265,Reinforcement Learning,323.47,529.49,38.91,84.4,4.88
17,1982,771,Reinforcement Learning,316.9,529.43,40.14,75.44,116.59
93,1672,250,Round Robin,149.32,345.56,56.79,84.54,17.98
58,765,210,Reinforcement Learning,276.07,377.35,26.84,94.49,13.19
61,268,587,Bin Packing,424.8,601.3,29.35,96.02,4.39
8,455,648,FCFS,226.06,497.15,54.53,61.26,56.88
79,802,102,FCFS,277.53,544.68,49.05,64.9,10.15
53,972,582,FCFS,297.53,535.23,44.41,60.18,18.34
11,881,112,Bin Packing,445.09,669.39,33.51,79.7,80.09
15,1843,261,Round Robin,362.24,450.56,19.6,77.46,122.87
96,1694,443,Bin Packing,140.08,304.95,54.06,81.83,17.65
58,1841,548,Reinforcement Learning,446.07,523.81,14.84,87.35,31.74
91,843,431,QoS Aware Heuristic,432.83,687.15,37.01,74.63,9.26
49,1293,363,QoS Aware Heuristic,401.46,524.22,23.42,68.34,26.39
27,644,182,QoS Aware Heuristic,286.42,528.14,45.77,75.79,23.85
32,156,876,FCFS,403.02,656.66,38.63,60.36,4.88
61,630,433,Bin Packing,291.5,564.62,48.37,93.18,10.33
30,658,479,Bin Packing,394.65,633.11,37.66,75.35,21.93
29,1797,318,FCFS,452.04,643.22,29.72,84.91,61.97
58,1359,757,Reinforcement Learning,456.22,655.77,30.43,72.99,23.43
33,1822,909,QoS Aware Heuristic,281.83,411.98,31.59,84.59,55.21
87,57,908,QoS Aware Heuristic,443.74,537.99,17.52,81.62,0.66
40,855,553,FCFS,140.58,223.24,37.03,68.34,21.38
18,238,772,QoS Aware Heuristic,140.73,236.24,40.43,85.01,13.22
82,130,840,Round Robin,319.31,602.8,47.03,64.38,1.59
39,157,845,Bin Packing,360.74,451.85,20.16,79.24,4.03
34,1394,188,QoS Aware Heuristic,161.2,392.13,58.89,88.8,41.0
96,1652,432,QoS Aware Heuristic,288.87,385.03,24.97,81.96,17.21
21,735,409,Round Robin,137.75,431.57,68.08,89.85,35.0
71,395,826,Reinforcement Learning,340.84,482.49,29.36,70.93,5.56
84,1936,519,Reinforcement Learning,442.04,595.07,25.72,61.95,23.05
34,377,708,Round Robin,395.06,546.19,27.67,62.24,11.09
97,604,824,Reinforcement Learning,251.32,505.43,50.28,70.75,6.23
49,1772,453,FCFS,497.52,602.09,17.37,76.31,36.16
83,351,923,Round Robin,365.17,622.93,41.38,81.5,4.23
93,249,199,Bin Packing,426.1,640.36,33.46,90.31,2.68
55,942,244,Bin Packing,367.88,472.95,22.22,93.58,17.13
51,1492,109,Bin Packing,495.77,562.12,11.8,87.75,29.25
57,1112,143,QoS Aware Heuristic,428.54,672.29,36.26,78.53,19.51
68,1805,862,Round Robin,307.77,412.51,25.39,70.58,26.54
42,356,485,Round Robin,246.75,519.02,52.46,77.11,8.48
68,1077,838,Reinforcement Learning,372.86,455.31,18.11,70.94,15.84
91,1706,860,Round Robin,336.09,540.18,37.78,84.98,18.75
93,1921,594,Round Robin,351.74,574.78,38.8,92.73,20.66
11,1150,592,Reinforcement Learning,237.2,451.63,47.48,80.73,104.55
26,517,268,Round Robin,271.49,400.5,32.21,61.83,19.88
85,228,741,Round Robin,323.24,592.12,45.41,97.59,2.68
86,694,630,FCFS,435.71,678.16,35.75,71.77,8.07
45,1896,435,Reinforcement Learning,405.16,582.71,30.47,96.58,42.13
78,1814,846,FCFS,147.46,348.28,57.66,92.52,23.26
14,325,956,QoS Aware Heuristic,198.22,389.81,49.15,76.53,23.21
61,1225,612,Reinforcement Learning,110.66,397.33,72.15,62.27,20.08
11,1237,229,Round Robin,103.18,377.28,72.65,97.91,112.45
54,1363,638,Round Robin,189.75,298.62,36.46,86.36,25.24
95,1451,613,FCFS,419.73,535.42,21.61,69.99,15.27
56,670,349,FCFS,461.9,757.26,39.0,81.34,11.96
37,687,833,QoS Aware Heuristic,256.71,365.85,29.83,85.41,18.57
5,1825,237,QoS Aware Heuristic,325.28,613.65,46.99,69.07,365.0
57,1383,374,Round Robin,382.42,594.86,35.71,63.74,24.26
64,979,563,Bin Packing,481.17,543.7,11.5,70.7,15.3
38,1986,240,QoS Aware Heuristic,465.17,599.1,22.36,61.9,52.26
8,1462,355,Round Robin,122.88,291.92,57.91,62.8,182.75
21,1930,981,QoS Aware Heuristic,199.27,457.54,56.45,66.26,91.9
8,1731,923,Reinforcement Learning,119.66,251.81,52.48,66.34,216.38
47,1837,555,FCFS,346.62,474.26,26.91,69.92,39.09
94,232,533,Round Robin,384.2,664.27,42.16,97.5,2.47
8,1894,706,QoS Aware Heuristic,223.31,293.07,23.8,83.03,236.75
5,1379,272,FCFS,441.54,629.42,29.85,76.9,275.8
75,121,572,Bin Packing,281.13,457.19,38.51,82.55,1.61
98,1292,522,QoS Aware Heuristic,499.35,563.68,11.41,60.23,13.18
54,768,538,Round Robin,100.16,172.1,41.8,95.79,14.22
77,1246,156,Reinforcement Learning,143.8,289.29,50.29,81.29,16.18
65,1726,597,FCFS,220.72,304.26,27.46,78.07,26.55
39,1345,713,FCFS,110.2,279.72,60.6,97.66,34.49
12,775,268,Reinforcement Learning,412.94,615.16,32.87,89.22,64.58
28,1541,681,Round Robin,121.11,343.96,64.79,73.5,55.04
87,318,949,Bin Packing,399.59,586.21,31.84,97.45,3.66
40,1093,660,Reinforcement Learning,121.03,265.95,54.49,94.08,27.32
54,627,527,Bin Packing,201.09,283.53,29.08,98.18,11.61
47,1044,518,Round Robin,436.51,548.38,20.4,63.85,22.21
31,864,446,QoS Aware Heuristic,480.44,635.3,24.38,98.21,27.87
36,1576,616,QoS Aware Heuristic,265.81,546.84,51.39,81.72,43.78
82,196,554,Round Robin,487.98,588.63,17.1,86.89,2.39
22,1502,813,Bin Packing,350.75,504.09,30.42,68.49,68.27
32,1238,301,Reinforcement Learning,266.33,499.41,46.67,65.62,38.69
33,939,278,Round Robin,421.12,647.42,34.95,63.18,28.45
20,359,156,Round Robin,218.13,509.53,57.19,76.89,17.95
51,567,797,QoS Aware Heuristic,206.32,304.05,32.14,68.85,11.12
63,63,703,Reinforcement Learning,362.62,416.75,12.99,63.26,1.0
35,181,903,QoS Aware Heuristic,256.19,386.77,33.76,98.2,5.17
8,1927,600,Bin Packing,154.37,241.79,36.16,89.34,240.88
41,804,838,Bin Packing,126.79,313.91,59.61,80.71,19.61
21,488,211,FCFS,415.14,689.83,39.82,89.73,23.24
43,792,247,Round Robin,370.36,592.42,37.48,84.46,18.42
52,789,880,Reinforcement Learning,264.72,348.67,24.08,67.12,15.17
50,1747,814,Reinforcement Learning,458.49,537.51,14.7,85.34,34.94
94,844,477,QoS Aware Heuristic,264.34,542.2,51.25,87.24,8.98
52,312,976,QoS Aware Heuristic,384.12,556.02,30.92,69.5,6.0
43,692,447,Reinforcement Learning,463.65,744.57,37.73,72.81,16.09
8,1298,457,QoS Aware Heuristic,436.29,670.34,34.92,75.33,162.25
34,307,155,FCFS,304.44,602.78,49.49,84.1,9.03
34,1307,912,Round Robin,372.25,640.06,41.84,65.07,38.44
26,1409,415,FCFS,265.47,419.02,36.65,89.74,54.19
79,458,284,Bin Packing,358.88,598.44,40.03,73.84,5.8
70,1901,153,Reinforcement Learning,203.02,370.83,45.25,87.67,27.16
16,1024,136,FCFS,273.9,382.17,28.33,97.32,64.0
98,1097,822,FCFS,183.82,294.08,37.49,94.79,11.19
40,320,904,QoS Aware Heuristic,115.27,264.6,56.44,89.5,8.0
22,1168,369,QoS Aware Heuristic,335.42,413.29,18.84,67.73,53.09
94,191,962,QoS Aware Heuristic,445.77,540.21,17.48,89.28,2.03
57,1767,831,Bin Packing,110.23,285.38,61.37,85.43,31.0
75,1791,607,FCFS,178.41,466.89,61.79,90.9,23.88
5,951,327,Round Robin,284.07,478.49,40.63,94.75,190.2
62,1023,527,QoS Aware Heuristic,366.36,518.48,29.34,72.46,16.5
94,1154,969,Bin Packing,168.49,279.17,39.65,85.77,12.28
91,323,822,Bin Packing,122.68,221.66,44.65,71.01,3.55
94,325,909,QoS Aware Heuristic,307.62,522.22,41.09,73.85,3.46
10,1956,100,Reinforcement Learning,427.48,689.56,38.01,80.83,195.6
74,514,122,FCFS,114.09,263.8,56.75,77.37,6.95
48,1281,602,QoS Aware Heuristic,239.75,427.41,43.91,84.03,26.69
76,1369,547,Round Robin,365.41,592.09,38.28,90.35,18.01
28,1112,895,FCFS,152.3,216.87,29.77,84.2,39.71
90,337,595,Bin Packing,194.38,332.1,41.47,98.79,3.74
23,1197,999,Round Robin,314.2,546.64,42.52,89.52,52.04
22,925,524,FCFS,481.29,702.44,31.48,99.4,42.05
99,1356,799,Round Robin,214.94,278.28,22.76,89.74,13.7
34,927,117,Bin Packing,295.01,404.46,27.06,80.32,27.26
46,229,544,QoS Aware Heuristic,259.97,479.96,45.84,76.44,4.98
37,1170,660,Round Robin,458.96,576.81,20.43,89.43,31.62
78,1264,658,QoS Aware Heuristic,128.76,382.36,66.32,87.48,16.21
16,1147,726,Bin Packing,326.46,383.84,14.95,86.75,71.69
98,496,138,Bin Packing,438.45,536.04,18.21,88.87,5.06
31,834,828,Round Robin,495.25,615.58,19.55,94.89,26.9
43,1570,309,Round Robin,379.49,660.81,42.57,69.11,36.51
13,610,873,Bin Packing,251.97,501.05,49.71,82.6,46.92
25,533,310,Round Robin,264.73,535.77,50.59,84.13,21.32
80,898,664,Round Robin,240.67,400.79,39.95,71.71,11.22
33,771,380,Round Robin,341.45,597.09,42.81,99.52,23.36
37,165,966,Round Robin,395.76,659.13,39.96,91.42,4.46
66,584,932,FCFS,427.79,577.78,25.96,72.85,8.85
19,1171,232,Bin Packing,266.64,565.26,52.83,74.34,61.63
6,1401,548,Bin Packing,386.68,649.49,40.46,88.73,233.5
56,1982,363,Reinforcement Learning,466.49,760.01,38.62,60.46,35.39
48,456,906,QoS Aware Heuristic,468.33,734.95,36.28,78.56,9.5
58,1386,210,Reinforcement Learning,381.61,625.66,39.01,73.72,23.9
22,1775,654,Round Robin,354.76,640.72,44.63,94.16,80.68
7,743,949,Round Robin,312.61,467.56,33.14,91.65,106.14
11,1221,337,FCFS,173.28,419.11,58.66,73.28,111.0
47,1415,990,FCFS,149.45,252.67,40.85,94.59,30.11
86,544,556,FCFS,294.28,527.48,44.21,96.54,6.33
42,997,858,FCFS,163.78,410.12,60.07,82.1,23.74
41,72,615,FCFS,330.8,559.93,40.92,66.37,1.76
62,1178,975,FCFS,358.28,620.73,42.28,90.81,19.0
37,1748,960,FCFS,310.25,463.58,33.08,72.77,47.24
63,1652,996,FCFS,114.57,300.76,61.91,81.09,26.22
99,1875,961,FCFS,123.09,175.76,29.97,61.82,18.94
15,1874,923,Bin Packing,145.34,231.85,37.31,80.0,124.93
72,607,272,FCFS,161.46,372.51,56.66,75.21,8.43
86,1666,292,QoS Aware Heuristic,495.95,686.53,27.76,87.44,19.37
72,990,614,FCFS,237.8,337.13,29.46,61.63,13.75
97,1732,889,Round Robin,216.79,327.66,33.84,85.0,17.86
92,1295,667,Round Robin,120.91,256.93,52.94,90.88,14.08
26,904,885,FCFS,354.13,583.23,39.28,60.51,34.77
70,1088,508,FCFS,360.88,563.31,35.94,90.0,15.54
48,940,787,Round Robin,170.18,237.57,28.37,65.21,19.58
10,1706,727,QoS Aware Heuristic,467.7,707.68,33.91,87.92,170.6
46,127,183,Reinforcement Learning,420.2,535.86,21.58,78.21,2.76
29,1395,770,Bin Packing,192.13,410.07,53.15,82.08,48.1
61,856,897,Round Robin,294.34,375.18,21.55,73.49,14.03
89,1314,179,FCFS,283.36,582.84,51.38,69.82,14.76
59,1091,677,Bin Packing,239.41,309.49,22.64,62.84,18.49
20,817,308,FCFS,427.05,662.48,35.54,94.59,40.85
99,503,621,Reinforcement Learning,143.71,329.04,56.32,84.42,5.08
18,1516,298,Reinforcement Learning,266.13,337.61,21.17,99.31,84.22
43,977,670,Round Robin,271.21,327.91,17.29,94.02,22.72
32,326,333,Bin Packing,287.49,428.16,32.85,94.79,10.19
96,1497,918,Bin Packing,444.54,695.1,36.05,83.91,15.59
55,1549,343,Reinforcement Learning,187.27,247.56,24.35,63.24,28.16
53,1100,990,FCFS,141.17,367.27,61.56,96.54,20.75
13,563,492,Round Robin,347.12,560.96,38.12,64.72,43.31
62,1938,665,QoS Aware Heuristic,169.53,285.91,40.71,80.69,31.26
49,513,545,Reinforcement Learning,129.97,199.34,34.8,94.27,10.47
26,856,948,Reinforcement Learning,270.66,549.49,50.74,78.9,32.92
36,873,492,Round Robin,187.86,312.95,39.97,66.63,24.25
73,412,108,FCFS,244.49,322.34,24.15,74.93,5.64
91,1456,712,Bin Packing,203.88,424.26,51.94,99.54,16.0
73,800,906,Reinforcement Learning,137.05,241.22,43.18,99.99,10.96
46,574,814,Round Robin,324.14,493.05,34.26,88.43,12.48
57,1455,252,Round Robin,110.81,173.41,36.1,95.52,25.53
63,1257,209,Round Robin,486.55,784.8,38.0,61.77,19.95
78,1267,933,Bin Packing,236.53,398.44,40.64,71.04,16.24
43,1535,365,Reinforcement Learning,378.06,677.84,44.23,74.76,35.7
19,105,472,Round Robin,424.15,570.57,25.66,60.48,5.53
75,1303,251,Bin Packing,211.64,348.6,39.29,75.08,17.37
33,538,694,FCFS,399.5,678.14,41.09,63.72,16.3
7,1101,514,QoS Aware Heuristic,432.97,565.34,23.41,80.7,157.29
87,1905,745,Reinforcement Learning,196.53,354.53,44.57,60.18,21.9
14,1656,425,Bin Packing,497.0,566.53,12.27,70.82,118.29
96,771,771,QoS Aware Heuristic,108.28,397.15,72.74,94.65,8.03
33,1257,650,QoS Aware Heuristic,186.8,258.09,27.62,68.52,38.09
83,1498,275,Bin Packing,412.01,654.81,37.08,62.59,18.05
39,1448,624,Bin Packing,177.65,362.3,50.97,69.99,37.13
10,1941,414,Bin Packing,379.3,444.65,14.7,93.1,194.1
16,90,166,Round Robin,442.21,492.64,10.24,83.49,5.62
42,1557,859,FCFS,483.69,767.58,36.99,83.44,37.07
81,1053,652,Round Robin,289.7,525.24,44.84,60.02,13.0
97,309,283,QoS Aware Heuristic,488.44,710.05,31.21,78.89,3.19
23,490,134,QoS Aware Heuristic,264.65,424.29,37.63,70.62,21.3
71,975,604,QoS Aware Heuristic,187.25,296.9,36.93,73.45,13.73
12,905,948,Bin Packing,305.57,525.54,41.86,83.95,75.42
12,133,901,Reinforcement Learning,359.93,562.01,35.96,94.97,11.08
88,95,175,Round Robin,283.19,514.78,44.99,67.27,1.08
51,489,571,Reinforcement Learning,326.79,468.24,30.21,90.73,9.59
8,1744,681,FCFS,266.56,563.29,52.68,61.96,218.0
55,1929,845,FCFS,309.9,376.65,17.72,73.07,35.07
89,1592,622,Round Robin,481.04,550.97,12.69,68.76,17.89
71,1035,979,QoS Aware Heuristic,299.93,579.15,48.21,96.62,14.58
49,1918,382,FCFS,201.27,413.2,51.29,67.12,39.14
12,1511,915,Reinforcement Learning,403.5,535.08,24.59,83.15,125.92
91,185,635,Reinforcement Learning,235.03,475.52,50.57,66.59,2.03
20,1256,373,Bin Packing,426.48,589.67,27.67,78.94,62.8
81,1782,638,QoS Aware Heuristic,122.74,178.02,31.05,76.54,22.0
71,1245,153,Bin Packing,232.87,445.65,47.75,61.65,17.54
13,958,154,Round Robin,137.74,248.52,44.58,93.03,73.69
64,910,987,FCFS,134.13,212.96,37.02,91.2,14.22
82,837,844,Bin Packing,363.36,469.68,22.64,71.11,10.21
81,639,376,Bin Packing,254.13,423.17,39.95,84.56,7.89
75,1005,542,Round Robin,448.59,511.05,12.22,74.51,13.4
19,739,982,Reinforcement Learning,306.56,577.35,46.9,90.77,38.89
75,588,517,Reinforcement Learning,218.14,408.12,46.55,87.7,7.84
45,1193,731,Round Robin,388.36,511.61,24.09,63.62,26.51
26,1354,324,Reinforcement Learning,349.61,571.36,38.81,93.77,52.08
28,1381,669,Round Robin,419.84,670.9,37.42,67.18,49.32
48,757,354,Reinforcement Learning,357.44,560.92,36.28,66.96,15.77
5,1350,275,Round Robin,166.81,267.43,37.62,89.35,270.0
14,1603,665,Reinforcement Learning,368.12,445.69,17.4,67.33,114.5
84,344,245,Bin Packing,256.62,521.59,50.8,64.9,4.1
76,1856,870,Bin Packing,285.26,393.93,27.59,73.42,24.42
60,102,763,Reinforcement Learning,468.63,523.65,10.51,93.55,1.7
93,855,484,Round Robin,243.99,454.72,46.34,67.07,9.19
54,1505,361,Bin Packing,344.78,433.0,20.37,73.56,27.87
16,101,630,FCFS,245.39,543.13,54.82,71.45,6.31
93,777,953,Reinforcement Learning,137.89,405.32,65.98,74.24,8.35
85,121,470,FCFS,281.41,483.52,41.8,88.57,1.42
64,77,782,FCFS,338.82,597.29,43.27,76.22,1.2
30,518,990,QoS Aware Heuristic,263.0,430.63,38.93,90.38,17.27
82,1985,296,FCFS,256.27,503.39,49.09,85.62,24.21
45,813,684,FCFS,428.15,639.78,33.08,74.44,18.07
40,935,914,QoS Aware Heuristic,111.87,169.03,33.82,77.29,23.38
27,961,696,QoS Aware Heuristic,218.23,505.42,56.82,88.14,35.59
47,596,383,QoS Aware Heuristic,424.7,689.93,38.44,81.39,12.68
10,1474,401,Round Robin,468.21,756.56,38.11,94.73,147.4
73,250,231,QoS Aware Heuristic,264.92,497.76,46.78,97.33,3.42
47,1834,219,Round Robin,455.52,608.54,25.15,88.71,39.02
29,1684,827,Reinforcement Learning,179.57,281.32,36.17,99.57,58.07
22,869,235,Round Robin,188.57,283.57,33.5,83.86,39.5
66,1539,727,Reinforcement Learning,438.48,524.71,16.43,61.59,23.32
17,1725,672,QoS Aware Heuristic,461.3,566.45,18.56,80.19,101.47
47,1668,628,QoS Aware Heuristic,189.12,376.78,49.81,69.2,35.49
82,609,133,Reinforcement Learning,123.73,344.67,64.1,73.35,7.43
32,1863,631,Bin Packing,136.13,264.64,48.56,79.6,58.22
22,428,307,Round Robin,204.55,391.74,47.78,71.8,19.45
63,1833,773,FCFS,404.58,539.89,25.06,72.38,29.1
64,1968,398,QoS Aware Heuristic,304.0,528.13,42.44,76.08,30.75
67,1250,621,Round Robin,282.24,579.36,51.28,71.46,18.66
61,1125,193,Round Robin,333.66,555.91,39.98,66.78,18.44
96,128,513,QoS Aware Heuristic,456.09,520.85,12.43,90.62,1.33
55,1458,470,Reinforcement Learning,136.17,305.48,55.42,75.81,26.51
60,883,508,QoS Aware Heuristic,377.89,620.49,39.1,93.27,14.72
31,1649,482,Round Robin,470.72,656.28,28.27,95.31,53.19
36,1081,540,Bin Packing,185.34,473.11,60.83,90.04,30.03
13,1287,977,Reinforcement Learning,435.11,498.8,12.77,75.87,99.0
88,74,546,QoS Aware Heuristic,379.21,502.0,24.46,88.85,0.84
96,499,718,FCFS,105.79,210.97,49.86,66.21,5.2
72,817,716,QoS Aware Heuristic,192.64,434.55,55.67,86.44,11.35
50,804,170,Round Robin,342.34,523.29,34.58,76.24,16.08
71,1530,183,Round Robin,300.96,385.55,21.94,86.23,21.55
30,1534,308,FCFS,311.17,432.57,28.06,90.19,51.13
12,247,358,Reinforcement Learning,192.77,373.43,48.38,82.51,20.58
10,1167,338,Round Robin,370.0,669.03,44.7,85.7,116.7
84,1792,401,Reinforcement Learning,206.57,347.64,40.58,68.54,21.33
28,486,331,Reinforcement Learning,255.77,344.98,25.86,83.71,17.36
52,1600,381,QoS Aware Heuristic,247.57,421.84,41.31,78.42,30.77
98,739,493,Reinforcement Learning,368.81,496.36,25.7,77.12,7.54
49,1451,517,Round Robin,136.1,327.59,58.45,76.41,29.61
17,636,305,Round Robin,182.22,348.9,47.77,72.44,37.41
73,153,363,Bin Packing,180.2,402.57,55.24,72.21,2.1
29,1879,410,Reinforcement Learning,143.37,421.94,66.02,87.99,64.79
24,1753,958,Bin Packing,183.04,283.17,35.36,82.31,73.04
86,676,796,QoS Aware Heuristic,342.82,598.12,42.68,61.2,7.86
86,1112,725,Bin Packing,392.87,680.19,42.24,61.94,12.93
70,507,178,Reinforcement Learning,364.12,507.52,28.26,82.8,7.24
78,413,968,Round Robin,290.08,368.5,21.28,93.85,5.29
49,1858,441,QoS Aware Heuristic,120.97,376.45,67.87,61.76,37.92
51,184,912,Reinforcement Learning,483.6,708.87,31.78,80.29,3.61
67,423,661,QoS Aware Heuristic,167.23,270.41,38.16,94.05,6.31
80,1305,931,FCFS,367.37,528.68,30.51,60.18,16.31
81,88,194,Reinforcement Learning,465.16,659.66,29.48,71.03,1.09
59,1876,869,FCFS,379.11,471.57,19.61,96.8,31.8
79,868,450,Bin Packing,187.22,415.95,54.99,63.26,10.99
23,96,161,Reinforcement Learning,226.32,448.79,49.57,84.28,4.17
39,85,241,FCFS,112.08,383.86,70.8,80.3,2.18
57,1905,941,Round Robin,345.1,536.92,35.73,66.07,33.42
30,144,833,Bin Packing,345.2,538.78,35.93,61.7,4.8
18,1034,967,Reinforcement Learning,390.2,595.05,34.43,80.1,57.44
49,1434,210,Reinforcement Learning,104.4,222.85,53.15,89.41,29.27
48,1598,715,Round Robin,427.14,666.79,35.94,67.09,33.29
92,1219,626,Round Robin,395.48,611.1,35.28,87.65,13.25
69,1990,881,FCFS,156.35,416.14,62.43,81.86,28.84
55,417,770,FCFS,239.05,481.2,50.32,74.31,7.58
47,114,256,FCFS,355.41,565.05,37.1,86.58,2.43
90,1301,638,QoS Aware Heuristic,298.32,388.54,23.22,67.68,14.46
27,803,696,Bin Packing,146.04,425.83,65.7,78.28,29.74
60,1593,108,Reinforcement Learning,134.94,276.74,51.24,81.97,26.55
23,865,375,Bin Packing,412.58,703.65,41.37,78.35,37.61
86,1926,326,Round Robin,162.39,312.86,48.09,75.9,22.4
80,1628,285,Bin Packing,168.84,255.32,33.87,89.64,20.35
59,805,690,Bin Packing,432.37,703.58,38.55,86.24,13.64
96,230,315,FCFS,344.86,593.62,41.91,85.58,2.4
96,1574,532,Round Robin,341.89,588.46,41.9,95.67,16.4
64,646,668,Bin Packing,291.74,364.09,19.87,99.74,10.09
63,1228,755,Reinforcement Learning,327.6,597.42,45.16,82.69,19.49
37,836,455,FCFS,340.71,539.81,36.88,73.93,22.59
23,1608,942,Bin Packing,487.13,654.72,25.6,91.16,69.91
32,676,491,Round Robin,189.19,467.48,59.53,65.68,21.12
56,1891,678,Reinforcement Learning,185.82,402.33,53.81,80.52,33.77
53,1508,374,Round Robin,122.89,206.15,40.39,80.98,28.45
41,1884,593,Round Robin,363.28,543.16,33.12,99.34,45.95
30,1172,716,Round Robin,319.62,528.77,39.55,99.64,39.07
44,665,550,QoS Aware Heuristic,144.5,419.14,65.52,91.97,15.11
84,1445,519,Reinforcement Learning,245.82,365.79,32.8,78.92,17.2
42,1636,799,Round Robin,171.47,420.03,59.18,81.89,38.95
81,1435,263,QoS Aware Heuristic,232.59,482.54,51.8,72.79,17.72
91,161,878,FCFS,480.51,562.52,14.58,93.19,1.77
58,502,662,QoS Aware Heuristic,373.33,427.64,12.7,89.86,8.66
26,805,737,FCFS,103.03,298.38,65.47,90.86,30.96
20,1242,691,QoS Aware Heuristic,201.0,448.37,55.17,65.55,62.1
32,633,282,Round Robin,104.14,292.75,64.43,75.95,19.78
39,188,409,QoS Aware Heuristic,385.95,639.29,39.63,81.49,4.82
64,1921,116,QoS Aware Heuristic,287.77,493.35,41.67,64.99,30.02
49,280,545,Round Robin,497.61,710.93,30.01,74.74,5.71
50,1312,269,FCFS,393.43,450.47,12.66,63.5,26.24
76,1033,379,Round Robin,307.17,379.32,19.02,98.35,13.59
59,302,915,Reinforcement Learning,421.88,653.14,35.41,90.05,5.12
90,1509,439,QoS Aware Heuristic,381.92,622.63,38.66,84.83,16.77
89,1992,825,Reinforcement Learning,197.51,383.05,48.44,68.19,22.38
30,610,809,Round Robin,312.1,509.64,38.76,73.37,20.33
89,1495,618,Round Robin,322.4,525.99,38.71,65.78,16.8
29,1376,110,Bin Packing,280.49,356.74,21.37,81.44,47.45
69,121,623,Reinforcement Learning,171.68,388.66,55.83,92.82,1.75
10,1336,721,Bin Packing,189.35,358.97,47.25,60.76,133.6
27,1907,232,Reinforcement Learning,212.42,413.05,48.57,64.13,70.63
68,271,739,Bin Packing,104.1,294.89,64.7,69.17,3.99
91,1150,247,Bin Packing,466.78,707.53,34.03,88.56,12.64
47,111,665,Reinforcement Learning,374.44,504.08,25.72,95.76,2.36
27,1544,922,Round Robin,375.85,519.23,27.61,90.12,57.19
34,1230,178,FCFS,328.93,476.83,31.02,81.0,36.18
81,855,445,Round Robin,375.72,616.33,39.04,64.2,10.56
22,174,708,FCFS,492.75,650.53,24.25,90.2,7.91
91,790,348,Reinforcement Learning,254.06,348.33,27.06,64.23,8.68
83,1925,738,QoS Aware Heuristic,385.01,680.77,43.44,73.91,23.19
25,210,641,Round Robin,243.81,417.16,41.55,72.32,8.4
61,590,123,Bin Packing,441.72,519.03,14.9,74.37,9.67
27,675,570,Round Robin,443.21,660.78,32.93,73.18,25.0
95,1664,300,Reinforcement Learning,460.91,695.7,33.75,90.77,17.52
49,1608,230,QoS Aware Heuristic,102.19,277.25,63.14,66.87,32.82
48,155,733,QoS Aware Heuristic,219.28,430.89,49.11,93.83,3.23
86,1204,455,Round Robin,153.57,246.74,37.76,94.33,14.0
92,1430,938,Round Robin,281.59,423.57,33.52,79.64,15.54
51,1758,249,Round Robin,298.18,388.64,23.28,64.25,34.47
44,825,625,Reinforcement Learning,202.36,349.17,42.05,83.02,18.75
55,1927,403,FCFS,389.38,580.08,32.87,92.84,35.04
46,1958,640,FCFS,207.91,368.54,43.59,71.58,42.57
11,1870,149,Bin Packing,441.56,639.86,30.99,93.51,170.0
54,51,563,Reinforcement Learning,171.06,346.5,50.63,87.08,0.94
52,282,339,QoS Aware Heuristic,246.89,376.34,34.4,99.49,5.42
88,418,581,Bin Packing,348.9,434.75,19.75,92.99,4.75
95,1324,554,QoS Aware Heuristic,342.13,455.3,24.86,68.06,13.94
10,995,382,QoS Aware Heuristic,131.21,231.39,43.29,77.96,99.5
95,1906,434,Round Robin,438.5,665.36,34.1,64.14,20.06
13,1181,451,QoS Aware Heuristic,339.23,594.22,42.91,62.79,90.85
61,1349,767,QoS Aware Heuristic,447.94,678.04,33.94,88.24,22.11
35,229,748,Reinforcement Learning,447.05,657.98,32.06,96.52,6.54
25,1798,426,Round Robin,318.37,445.33,28.51,98.94,71.92
94,342,435,Round Robin,464.31,692.06,32.91,70.82,3.64
44,633,765,Bin Packing,439.36,640.63,31.42,68.07,14.39
49,844,180,Round Robin,483.25,544.97,11.33,82.41,17.22
81,224,186,FCFS,440.2,717.1,38.61,68.03,2.77
53,172,875,Reinforcement Learning,428.48,498.47,14.04,71.84,3.25
91,276,357,Bin Packing,287.74,463.42,37.91,93.49,3.03
24,1975,284,FCFS,184.81,363.08,49.1,92.42,82.29
96,493,791,QoS Aware Heuristic,464.28,723.53,35.83,95.8,5.14
21,1886,797,FCFS,389.02,667.29,41.7,79.29,89.81
32,477,222,Bin Packing,212.7,497.62,57.26,82.56,14.91
45,1156,988,Round Robin,236.4,428.82,44.87,90.82,25.69
70,814,195,Reinforcement Learning,374.43,594.19,36.98,69.57,11.63
29,1731,704,Bin Packing,291.13,363.26,19.86,92.92,59.69
62,681,614,FCFS,132.59,304.57,56.47,60.7,10.98
45,114,542,FCFS,156.58,431.04,63.67,91.91,2.53
10,1354,613,Bin Packing,398.26,562.18,29.16,91.04,135.4
79,1868,470,Bin Packing,231.43,298.83,22.55,72.07,23.65
42,1464,404,Bin Packing,303.06,403.22,24.84,89.12,34.86
10,477,456,Round Robin,406.65,564.03,27.9,68.56,47.7
49,667,247,Bin Packing,400.47,509.85,21.45,83.05,13.61
79,974,384,QoS Aware Heuristic,166.81,314.88,47.02,88.02,12.33
18,861,756,Reinforcement Learning,139.36,272.6,48.88,88.59,47.83
70,156,941,Reinforcement Learning,336.46,466.19,27.83,99.32,2.23
44,1621,972,QoS Aware Heuristic,396.65,469.44,15.51,67.28,36.84
7,708,361,FCFS,159.62,430.3,62.9,79.23,101.14
28,1335,673,FCFS,248.78,471.96,47.29,95.2,47.68
23,1994,590,FCFS,448.11,653.96,31.48,82.46,86.7
22,1232,837,FCFS,477.69,679.31,29.68,95.06,56.0
68,314,130,Round Robin,281.63,430.76,34.62,77.36,4.62
92,1541,801,QoS Aware Heuristic,131.81,387.64,66.0,91.81,16.75
39,1275,986,Reinforcement Learning,203.08,485.59,58.18,94.8,32.69
66,204,367,QoS Aware Heuristic,193.19,244.59,21.01,93.86,3.09
5,1086,111,Reinforcement Learning,195.59,265.39,26.3,94.85,217.2
29,1370,290,FCFS,297.55,516.29,42.37,68.78,47.24
49,945,499,Round Robin,333.29,442.31,24.65,77.56,19.29
53,1907,636,Bin Packing,149.0,426.93,65.1,66.98,35.98
93,1571,190,Bin Packing,455.74,672.59,32.24,67.22,16.89
20,1670,699,FCFS,347.99,490.06,28.99,79.51,83.5
97,1042,943,FCFS,338.9,492.72,31.22,98.4,10.74
23,1865,600,QoS Aware Heuristic,494.91,717.63,31.04,83.68,81.09
27,294,885,Round Robin,351.26,436.5,19.53,94.15,10.89
87,1373,400,Round Robin,471.58,742.43,36.48,97.49,15.78
29,1435,210,QoS Aware Heuristic,214.5,265.69,19.27,63.46,49.48
20,1427,179,Round Robin,196.05,490.79,60.05,66.48,71.35
58,1901,935,Round Robin,306.61,398.52,23.06,71.63,32.78
77,1594,751,Bin Packing,303.44,538.97,43.7,84.67,20.7
5,435,532,Round Robin,190.59,250.57,23.94,62.47,87.0
46,808,516,FCFS,379.86,537.72,29.36,91.47,17.57
23,1385,313,Bin Packing,111.85,319.43,64.98,62.55,60.22
38,463,546,FCFS,376.25,443.81,15.22,66.34,12.18
84,1351,117,FCFS,282.87,443.69,36.25,75.27,16.08
59,1823,153,QoS Aware Heuristic,375.6,501.38,25.09,82.31,30.9
22,764,979,Round Robin,290.83,465.39,37.51,95.26,34.73
38,808,708,Round Robin,490.93,667.07,26.41,98.55,21.26
93,796,894,Round Robin,233.87,480.18,51.3,95.39,8.56
49,642,845,Round Robin,493.03,573.91,14.09,64.28,13.1
10,1429,339,Bin Packing,125.99,196.67,35.94,85.25,142.9
25,1598,945,Reinforcement Learning,373.5,523.97,28.72,77.67,63.92
74,888,517,FCFS,281.69,553.57,49.11,65.03,12.0
52,65,955,Reinforcement Learning,428.86,692.68,38.09,82.2,1.25
43,1042,585,Reinforcement Learning,415.85,605.85,31.36,74.27,24.23
35,1118,543,Reinforcement Learning,420.08,692.27,39.32,73.83,31.94
14,1394,665,Bin Packing,137.9,389.24,64.57,63.78,99.57
34,700,698,Reinforcement Learning,428.95,548.43,21.79,99.15,20.59
22,1399,872,Bin Packing,185.62,278.15,33.27,89.04,63.59
64,197,847,QoS Aware Heuristic,110.27,235.56,53.19,71.21,3.08
92,404,222,QoS Aware Heuristic,187.1,293.88,36.33,96.7,4.39
77,1309,519,QoS Aware Heuristic,291.71,497.39,41.35,97.92,17.0
99,752,665,Bin Packing,396.84,593.06,33.09,92.41,7.6
19,662,315,Bin Packing,187.45,387.06,51.57,86.37,34.84
8,154,519,FCFS,145.2,242.53,40.13,75.06,19.25
67,1547,808,Reinforcement Learning,358.39,606.36,40.89,77.37,23.09
44,1835,650,Round Robin,493.56,651.97,24.3,78.2,41.7
13,445,976,Round Robin,340.35,508.46,33.06,97.95,34.23
13,1519,327,Reinforcement Learning,376.42,675.66,44.29,90.41,116.85
30,655,336,Round Robin,324.47,445.04,27.09,71.68,21.83
8,1293,743,Round Robin,412.94,561.47,26.45,84.99,161.62
85,1883,429,Round Robin,490.32,709.44,30.89,83.76,22.15
20,900,932,Bin Packing,317.65,587.75,45.95,92.49,45.0
19,491,568,Bin Packing,266.72,348.42,23.45,63.81,25.84
56,1718,779,Bin Packing,444.14,677.9,34.48,88.05,30.68
73,922,586,Reinforcement Learning,487.89,767.46,36.43,73.25,12.63
9,716,648,QoS Aware Heuristic,151.67,307.4,50.66,65.19,79.56
24,1101,678,Round Robin,331.27,452.95,26.86,89.27,45.88
83,843,722,FCFS,416.98,636.41,34.48,73.27,10.16
22,524,514,Bin Packing,313.34,424.86,26.25,89.2,23.82
6,677,318,FCFS,263.68,409.75,35.65,66.5,112.83
97,1378,820,Round Robin,362.09,636.32,43.1,99.44,14.21
17,1819,480,QoS Aware Heuristic,208.05,405.63,48.71,92.14,107.0
8,1478,186,FCFS,239.65,313.39,23.53,71.57,184.75
46,1586,560,Round Robin,496.91,629.33,21.04,89.62,34.48
78,551,914,Round Robin,354.59,561.41,36.84,65.43,7.06
65,397,510,Bin Packing,449.17,619.54,27.5,86.14,6.11
99,1313,790,QoS Aware Heuristic,423.11,638.19,33.7,62.39,13.26
12,1067,624,Round Robin,360.91,601.27,39.98,73.34,88.92
71,619,546,QoS Aware Heuristic,436.29,606.44,28.06,99.14,8.72
67,1920,399,Bin Packing,214.86,511.6,58.0,64.84,28.66
13,744,507,FCFS,354.85,633.52,43.99,83.9,57.23
98,1410,736,Reinforcement Learning,336.24,401.22,16.2,62.82,14.39
15,75,474,Reinforcement Learning,348.97,465.58,25.05,86.78,5.0
46,1482,332,Reinforcement Learning,167.45,292.59,42.77,71.15,32.22
17,1150,862,QoS Aware Heuristic,210.9,306.97,31.3,72.4,67.65
40,266,998,Reinforcement Learning,214.66,342.66,37.35,73.51,6.65
17,1401,737,FCFS,340.78,496.99,31.43,68.21,82.41
16,886,846,Round Robin,489.02,551.91,11.39,97.67,55.38
41,823,749,QoS Aware Heuristic,481.63,563.46,14.52,96.23,20.07
78,1096,148,FCFS,190.88,264.94,27.95,94.8,14.05
77,1829,991,QoS Aware Heuristic,221.94,283.52,21.72,64.26,23.75
56,719,285,QoS Aware Heuristic,114.42,284.79,59.82,69.34,12.84
75,767,304,QoS Aware Heuristic,259.53,392.98,33.96,84.49,10.23
6,359,177,Bin Packing,433.87,717.73,39.55,98.81,59.83
60,648,580,Round Robin,466.3,541.99,13.97,84.19,10.8
64,316,485,Reinforcement Learning,194.6,476.11,59.13,73.08,4.94
27,1488,293,Bin Packing,206.32,277.96,25.77,92.7,55.11
44,695,202,Round Robin,188.34,393.14,52.09,65.42,15.8
68,1340,716,Reinforcement Learning,240.04,351.97,31.8,95.27,19.71
89,1406,475,Bin Packing,421.9,678.6,37.83,98.99,15.8
27,1072,386,Bin Packing,358.74,424.11,15.41,98.71,39.7
33,1853,935,FCFS,414.38,702.51,41.01,65.91,56.15
82,499,581,Bin Packing,333.21,395.02,15.65,81.98,6.09
94,614,822,QoS Aware Heuristic,203.09,313.37,35.19,83.4,6.53
55,1684,349,Bin Packing,191.2,357.25,46.48,67.8,30.62
73,1320,904,QoS Aware Heuristic,103.6,342.61,69.76,81.87,18.08
99,1109,300,Round Robin,412.39,700.17,41.1,85.86,11.2
93,1474,635,Round Robin,438.85,595.86,26.35,73.16,15.85
35,77,560,QoS Aware Heuristic,407.31,646.64,37.01,72.63,2.2
54,269,399,FCFS,129.76,361.55,64.11,62.41,4.98
24,455,577,FCFS,404.89,597.68,32.26,98.27,18.96
59,1687,182,Round Robin,118.31,341.04,65.31,92.14,28.59
85,1848,908,Bin Packing,142.24,201.76,29.5,90.38,21.74
6,320,557,Round Robin,276.19,436.58,36.74,60.87,53.33
29,1809,790,Round Robin,290.46,536.93,45.9,84.97,62.38
17,1724,397,QoS Aware Heuristic,426.45,595.01,28.33,67.23,101.41
96,841,463,FCFS,371.81,640.19,41.92,86.47,8.76
74,1584,817,QoS Aware Heuristic,161.33,419.74,61.56,84.85,21.41
71,1012,139,Round Robin,190.46,456.32,58.26,94.08,14.25
62,1359,915,Reinforcement Learning,214.27,296.77,27.8,70.22,21.92
86,1527,724,Bin Packing,149.47,260.51,42.62,61.1,17.76
79,1835,439,Round Robin,215.06,272.46,21.07,96.56,23.23
88,883,615,QoS Aware Heuristic,391.44,687.14,43.03,96.35,10.03
68,366,207,Reinforcement Learning,196.56,305.59,35.68,78.23,5.38
73,1663,415,Reinforcement Learning,434.14,575.91,24.62,63.12,22.78
87,1370,213,Round Robin,287.81,406.54,29.2,79.92,15.75
90,387,266,FCFS,229.17,289.12,20.74,80.96,4.3
63,1380,360,Reinforcement Learning,264.97,380.28,30.32,92.87,21.9
64,1501,717,Bin Packing,383.8,458.35,16.26,88.68,23.45
87,400,323,QoS Aware Heuristic,306.72,455.29,32.63,62.83,4.6
66,560,361,QoS Aware Heuristic,102.91,394.62,73.92,88.21,8.48
20,574,350,QoS Aware Heuristic,468.93,693.5,32.38,65.43,28.7
92,1931,625,Round Robin,126.4,353.13,64.21,63.58,20.99
72,541,809,QoS Aware Heuristic,475.45,638.74,25.56,75.94,7.51
19,1981,225,QoS Aware Heuristic,111.26,364.09,69.44,63.09,104.26
93,1667,305,Bin Packing,408.39,685.46,40.42,93.17,17.92
59,58,239,FCFS,313.87,604.26,48.06,78.53,0.98
39,1570,161,Round Robin,302.29,377.04,19.83,83.48,40.26
59,1798,382,Round Robin,129.11,399.02,67.64,83.07,30.47
18,1633,153,QoS Aware Heuristic,195.5,301.77,35.22,99.12,90.72
53,610,445,Bin Packing,411.02,560.34,26.65,96.63,11.51
87,1894,623,Reinforcement Learning,456.5,592.87,23.0,93.97,21.77
11,489,235,QoS Aware Heuristic,311.65,530.43,41.25,75.33,44.45
34,1625,429,QoS Aware Heuristic,241.34,440.82,45.25,65.8,47.79
87,1948,243,Round Robin,123.98,201.26,38.4,83.67,22.39
53,841,535,Round Robin,372.87,618.58,39.72,77.61,15.87
93,1811,381,QoS Aware Heuristic,211.38,371.29,43.07,69.02,19.47
20,1181,235,Round Robin,122.01,172.57,29.3,63.91,59.05
55,1318,588,Bin Packing,366.34,519.97,29.55,77.44,23.96
76,1328,912,Reinforcement Learning,294.29,473.37,37.83,86.03,17.47
86,82,832,Reinforcement Learning,104.78,172.0,39.08,85.02,0.95
96,1096,951,Reinforcement Learning,144.37,232.15,37.81,90.96,11.42
84,894,820,QoS Aware Heuristic,379.68,678.07,44.01,78.66,10.64
87,615,500,QoS Aware Heuristic,125.47,393.27,68.1,72.87,7.07
46,1894,970,QoS Aware Heuristic,446.39,529.72,15.73,81.55,41.17
21,98,991,Bin Packing,224.53,419.61,46.49,99.0,4.67
67,511,548,Reinforcement Learning,135.47,280.28,51.67,61.8,7.63
49,639,734,Round Robin,403.9,589.84,31.52,81.15,13.04
81,385,727,Round Robin,309.77,477.4,35.11,73.17,4.75
11,1431,768,FCFS,222.66,284.7,21.79,64.21,130.09
31,1195,369,FCFS,262.44,391.3,32.93,77.39,38.55
14,1517,116,Round Robin,108.56,189.94,42.85,85.65,108.36
38,408,368,Reinforcement Learning,365.08,537.32,32.06,81.13,10.74
40,1675,960,QoS Aware Heuristic,246.31,523.14,52.92,61.17,41.88
29,395,581,Round Robin,385.62,684.5,43.66,83.16,13.62
10,242,318,Round Robin,351.27,637.33,44.88,69.28,24.2
28,1489,418,FCFS,360.5,656.92,45.12,73.66,53.18
22,1450,337,Reinforcement Learning,417.16,470.97,11.43,72.49,65.91
91,1536,644,Round Robin,352.46,584.82,39.73,94.34,16.88
10,805,384,QoS Aware Heuristic,267.49,385.73,30.65,61.9,80.5
33,1734,136,QoS Aware Heuristic,255.97,522.37,51.0,73.92,52.55
29,1219,202,Bin Packing,147.83,401.26,63.16,75.79,42.03
59,527,822,QoS Aware Heuristic,411.78,567.7,27.47,84.75,8.93
85,877,529,Round Robin,404.44,572.76,29.39,91.56,10.32
50,939,891,Round Robin,198.52,314.79,36.94,89.11,18.78
28,702,753,QoS Aware Heuristic,445.07,567.27,21.54,90.1,25.07
79,457,338,FCFS,335.6,630.89,46.81,67.7,5.78
30,335,840,Reinforcement Learning,291.47,563.68,48.29,96.47,11.17
32,1971,744,Round Robin,107.0,204.97,47.8,76.57,61.59
7,900,224,QoS Aware Heuristic,253.1,371.98,31.96,60.44,128.57
79,160,664,QoS Aware Heuristic,356.27,433.43,17.8,86.72,2.03
42,669,699,Round Robin,135.9,433.12,68.62,84.16,15.93
65,1952,709,Bin Packing,283.83,560.63,49.37,65.04,30.03
82,842,981,Reinforcement Learning,497.37,685.39,27.43,98.39,10.27
55,99,706,Round Robin,386.62,609.84,36.6,82.46,1.8
94,1087,287,QoS Aware Heuristic,318.75,555.74,42.64,78.77,11.56
52,1207,987,Bin Packing,313.21,414.16,24.37,75.92,23.21
25,637,355,Round Robin,117.51,401.18,70.71,68.39,25.48
58,645,684,Reinforcement Learning,482.93,664.62,27.34,98.11,11.12
60,1416,973,Bin Packing,471.27,544.38,13.43,88.09,23.6
98,719,893,QoS Aware Heuristic,372.96,522.23,28.58,82.7,7.34
63,1359,629,FCFS,139.6,340.01,58.94,85.25,21.57
76,363,775,Reinforcement Learning,183.13,321.34,43.01,93.62,4.78
55,655,491,Bin Packing,173.56,398.36,56.43,85.43,11.91
24,346,757,Round Robin,307.83,578.34,46.77,64.58,14.42
90,1679,567,Round Robin,183.12,426.09,57.02,87.89,18.66
63,618,925,Bin Packing,378.32,588.98,35.77,82.59,9.81
75,1237,352,Round Robin,318.09,496.13,35.89,98.65,16.49
13,881,771,Bin Packing,107.06,220.68,51.49,89.35,67.77
5,1570,960,Reinforcement Learning,397.62,561.36,29.17,73.76,314.0
33,659,660,Round Robin,175.53,298.77,41.25,65.42,19.97
67,65,275,Reinforcement Learning,429.95,713.46,39.74,79.29,0.97
76,1417,565,QoS Aware Heuristic,242.02,518.85,53.35,87.17,18.64
60,1151,938,QoS Aware Heuristic,235.45,324.41,27.42,67.09,19.18
72,1419,676,QoS Aware Heuristic,104.73,360.39,70.94,85.98,19.71
39,121,388,QoS Aware Heuristic,495.09,720.82,31.32,93.02,3.1
7,319,149,Round Robin,344.8,638.6,46.01,66.28,45.57
11,336,103,Bin Packing,269.09,434.92,38.13,88.23,30.55
31,115,730,Round Robin,138.65,369.19,62.44,62.73,3.71
5,929,951,Round Robin,379.66,559.13,32.1,60.32,185.8
95,117,984,Reinforcement Learning,213.09,280.44,24.02,61.31,1.23
84,1266,599,Bin Packing,495.31,557.0,11.08,85.26,15.07
75,1128,775,FCFS,480.22,560.75,14.36,98.93,15.04
48,1029,322,FCFS,394.12,518.17,23.94,90.85,21.44
91,1452,969,Bin Packing,488.43,603.21,19.03,70.18,15.96
45,1023,767,FCFS,142.25,374.33,62.0,62.87,22.73
79,1241,998,Bin Packing,211.97,440.95,51.93,84.67,15.71
46,1482,361,Reinforcement Learning,201.3,494.15,59.26,60.13,32.22
37,557,784,Reinforcement Learning,128.81,256.41,49.76,91.7,15.05
54,1610,634,Round Robin,488.89,773.5,36.8,69.72,29.81
67,1716,475,FCFS,123.99,327.2,62.11,71.97,25.61
41,886,160,Bin Packing,442.68,616.51,28.2,73.76,21.61
63,1175,455,Reinforcement Learning,407.26,624.22,34.76,90.54,18.65
85,935,932,Round Robin,250.35,476.04,47.41,70.63,11.0
52,843,745,FCFS,107.52,200.5,46.37,71.38,16.21
9,1881,123,FCFS,102.44,340.37,69.9,81.64,209.0
52,1879,392,FCFS,181.6,412.89,56.02,78.52,36.13
7,471,656,Reinforcement Learning,297.55,596.93,50.15,98.22,67.29
51,824,790,Reinforcement Learning,283.16,561.15,49.54,70.54,16.16
66,527,455,FCFS,334.12,555.29,39.83,63.68,7.98
18,975,969,Reinforcement Learning,408.78,636.87,35.81,81.64,54.17
67,169,674,FCFS,250.94,537.44,53.31,67.38,2.52
65,1988,128,QoS Aware Heuristic,164.15,455.94,64.0,76.55,30.58
35,1816,456,Reinforcement Learning,420.02,676.76,37.94,67.49,51.89
99,1364,464,Bin Packing,233.08,474.93,50.92,95.24,13.78
21,537,707,Reinforcement Learning,214.75,292.59,26.6,73.1,25.57
28,1234,508,FCFS,405.72,663.3,38.83,90.99,44.07
27,1746,365,Bin Packing,473.66,586.96,19.3,97.94,64.67
86,127,390,Round Robin,465.98,656.93,29.07,97.62,1.48
54,1111,666,Bin Packing,154.98,306.32,49.41,80.99,20.57
82,1467,252,Bin Packing,301.26,437.66,31.17,99.33,17.89
83,490,318,Reinforcement Learning,137.15,264.71,48.19,86.24,5.9
83,1613,272,Bin Packing,484.39,748.25,35.26,65.14,19.43
74,511,707,Bin Packing,186.09,428.37,56.56,95.54,6.91
31,661,734,FCFS,178.97,359.83,50.26,78.75,21.32
19,1367,111,Reinforcement Learning,455.55,671.67,32.18,66.11,71.95
54,1473,615,FCFS,487.14,783.27,37.81,91.66,27.28
40,1709,461,Reinforcement Learning,379.05,528.43,28.27,84.98,42.72
12,966,957,Round Robin,148.4,336.18,55.86,95.28,80.5
83,1165,678,Bin Packing,294.34,477.72,38.39,93.09,14.04
7,1840,756,Reinforcement Learning,426.64,710.63,39.96,72.8,262.86
66,658,576,Bin Packing,328.99,466.88,29.53,70.25,9.97
51,55,676,Bin Packing,153.04,449.6,65.96,89.35,1.08
81,730,181,QoS Aware Heuristic,168.76,294.93,42.78,82.93,9.01
92,944,716,FCFS,445.66,522.89,14.77,62.79,10.26
65,320,792,Reinforcement Learning,310.81,408.65,23.94,67.27,4.92
36,1693,439,Round Robin,382.33,538.89,29.05,66.05,47.03
98,1972,540,QoS Aware Heuristic,249.23,461.67,46.02,83.59,20.12
17,860,716,FCFS,312.99,492.2,36.41,63.43,50.59
5,608,325,Round Robin,490.84,634.91,22.69,68.31,121.6
38,148,470,Round Robin,231.88,422.39,45.1,81.82,3.89
66,575,127,Bin Packing,369.92,629.62,41.25,65.32,8.71
83,243,115,FCFS,169.0,428.73,60.58,69.93,2.93
82,1230,376,QoS Aware Heuristic,148.7,380.26,60.9,96.27,15.0
97,1973,432,Reinforcement Learning,413.46,701.57,41.07,87.88,20.34
86,1739,582,Reinforcement Learning,437.64,635.19,31.1,72.28,20.22
75,1188,909,QoS Aware Heuristic,367.32,419.23,12.38,95.09,15.84
97,445,665,Bin Packing,163.28,286.01,42.91,70.01,4.59
35,819,387,Bin Packing,196.24,328.3,40.23,83.56,23.4
68,1730,213,Round Robin,464.47,651.3,28.69,74.74,25.44
29,1876,137,FCFS,215.48,491.7,56.18,90.09,64.69
42,1073,553,Round Robin,427.54,687.07,37.77,74.86,25.55
18,1595,981,Reinforcement Learning,214.37,322.41,33.51,69.95,88.61
12,929,841,QoS Aware Heuristic,475.79,655.64,27.43,84.31,77.42
95,1287,265,FCFS,465.78,680.57,31.56,89.81,13.55
58,794,793,QoS Aware Heuristic,117.31,414.19,71.68,81.45,13.69
6,732,304,FCFS,408.17,466.0,12.41,88.65,122.0
85,1606,977,Reinforcement Learning,167.78,333.75,49.73,76.88,18.89
82,64,344,Reinforcement Learning,186.11,483.14,61.48,91.82,0.78
93,1492,970,FCFS,283.94,578.24,50.9,83.4,16.04
60,417,432,Bin Packing,330.53,463.21,28.64,67.85,6.95
98,687,495,FCFS,230.32,280.32,17.84,95.63,7.01
97,902,920,Reinforcement Learning,330.15,526.83,37.33,93.47,9.3
88,1926,606,QoS Aware Heuristic,168.26,434.99,61.32,98.56,21.89
89,1286,220,Round Robin,108.94,240.01,54.61,82.76,14.45
65,749,358,QoS Aware Heuristic,328.49,612.06,46.33,87.03,11.52
26,1757,821,Reinforcement Learning,306.97,440.15,30.26,94.54,67.58
39,1832,509,QoS Aware Heuristic,375.86,578.41,35.02,62.1,46.97
20,54,409,Bin Packing,359.93,590.44,39.04,96.49,2.7
54,280,907,Bin Packing,458.99,595.34,22.9,70.85,5.19
47,1274,805,FCFS,283.79,421.84,32.73,62.28,27.11
21,1958,167,QoS Aware Heuristic,103.35,270.85,61.84,69.5,93.24
84,1475,213,QoS Aware Heuristic,352.26,611.07,42.35,83.45,17.56
62,1222,319,Reinforcement Learning,370.05,445.26,16.89,61.91,19.71
6,1657,319,FCFS,308.6,516.47,40.25,60.03,276.17
8,1565,572,FCFS,375.72,595.06,36.86,85.57,195.62
89,1061,829,QoS Aware Heuristic,229.43,418.9,45.23,78.14,11.92
43,1299,848,Round Robin,159.52,443.48,64.03,93.77,30.21
98,635,485,QoS Aware Heuristic,365.82,566.32,35.4,70.3,6.48
10,1892,397,QoS Aware Heuristic,198.07,406.71,51.3,71.23,189.2
85,218,705,QoS Aware Heuristic,282.53,482.47,41.44,63.1,2.56
93,810,352,Bin Packing,296.65,527.15,43.73,81.54,8.71
73,841,504,FCFS,290.88,374.73,22.38,74.64,11.52
73,1049,591,Bin Packing,339.38,612.95,44.63,73.59,14.37
24,201,456,Round Robin,111.78,172.4,35.16,78.31,8.38
68,1065,527,Reinforcement Learning,495.87,706.06,29.77,93.99,15.66
20,273,314,Round Robin,386.52,590.39,34.53,64.21,13.65
55,553,479,FCFS,270.16,372.19,27.41,80.94,10.05
41,1810,869,Reinforcement Learning,176.53,236.71,25.42,67.86,44.15
77,1623,958,Round Robin,132.07,216.78,39.08,68.5,21.08
73,93,851,FCFS,368.88,486.8,24.22,70.27,1.27
46,746,926,Round Robin,226.78,497.31,54.4,78.38,16.22
61,553,313,Reinforcement Learning,191.79,455.72,57.91,79.78,9.07
70,1314,197,Reinforcement Learning,251.98,317.94,20.75,94.86,18.77
13,979,627,Round Robin,337.17,459.49,26.62,95.68,75.31
90,892,765,Bin Packing,368.68,641.01,42.48,83.47,9.91
68,400,627,Round Robin,358.07,467.23,23.36,71.26,5.88
90,1795,809,Round Robin,445.31,744.3,40.17,92.74,19.94
26,72,719,Round Robin,187.5,301.71,37.85,91.72,2.77
38,1709,634,Bin Packing,354.7,589.48,39.83,91.92,44.97
59,647,653,QoS Aware Heuristic,140.45,294.71,52.34,60.65,10.97
33,1116,648,Reinforcement Learning,319.17,403.23,20.85,90.15,33.82
42,515,427,FCFS,333.58,447.37,25.44,94.11,12.26
22,89,264,Reinforcement Learning,186.49,405.27,53.98,84.2,4.05
75,352,215,Reinforcement Learning,256.68,390.94,34.34,90.05,4.69
69,1754,249,QoS Aware Heuristic,430.88,631.91,31.81,91.05,25.42
5,224,617,Reinforcement Learning,159.36,260.74,38.88,80.26,44.8
92,1048,131,Reinforcement Learning,273.8,435.95,37.19,92.54,11.39
8,1605,756,Bin Packing,473.09,651.15,27.35,91.69,200.62
8,1534,905,Bin Packing,301.64,454.84,33.68,96.64,191.75
86,670,392,Bin Packing,390.05,489.53,20.32,96.85,7.79
31,1266,788,Bin Packing,430.75,596.14,27.74,81.19,40.84
47,293,276,Bin Packing,181.51,404.74,55.15,61.26,6.23
63,885,160,FCFS,187.29,478.52,60.86,60.76,14.05
36,329,688,QoS Aware Heuristic,403.44,650.82,38.01,97.56,9.14
37,1813,515,Round Robin,401.32,491.69,18.38,73.49,49.0
32,1109,482,Bin Packing,124.07,242.25,48.78,75.1,34.66
59,606,697,QoS Aware Heuristic,229.0,298.71,23.34,78.8,10.27
64,947,802,Round Robin,259.41,343.32,24.44,70.63,14.8
74,1613,106,Reinforcement Learning,431.62,544.29,20.7,83.62,21.8
66,1227,184,Reinforcement Learning,268.74,368.62,27.1,91.38,18.59
84,1096,873,QoS Aware Heuristic,470.37,573.78,18.02,70.29,13.05
38,768,497,FCFS,498.64,606.33,17.76,89.72,20.21
91,981,870,FCFS,412.29,537.46,23.29,86.88,10.78
92,140,492,QoS Aware Heuristic,366.55,447.95,18.17,81.02,1.52
60,439,146,FCFS,256.76,376.22,31.75,73.02,7.32
17,1432,440,FCFS,126.82,348.92,63.65,94.91,84.24
60,599,597,Reinforcement Learning,329.26,438.36,24.89,76.11,9.98
22,980,705,FCFS,244.68,337.64,27.53,74.99,44.55
58,1301,577,FCFS,240.36,307.28,21.78,85.65,22.43
81,1275,525,QoS Aware Heuristic,375.08,550.07,31.81,96.81,15.74
47,1423,525,FCFS,285.46,545.96,47.71,80.32,30.28
43,1894,835,Bin Packing,400.84,465.59,13.91,88.91,44.05
65,1839,890,Bin Packing,259.27,444.85,41.72,78.28,28.29
46,1111,614,QoS Aware Heuristic,160.35,373.0,57.01,68.75,24.15
85,782,228,Bin Packing,284.54,482.66,41.05,64.96,9.2
83,549,934,Reinforcement Learning,480.41,749.82,35.93,65.45,6.61
22,1772,348,QoS Aware Heuristic,420.61,687.21,38.79,60.85,80.55
27,1116,840,FCFS,182.3,246.63,26.08,82.12,41.33
58,920,938,Bin Packing,256.52,396.76,35.35,65.24,15.86
34,1699,230,Reinforcement Learning,471.12,688.83,31.61,94.63,49.97
62,1845,839,QoS Aware Heuristic,149.48,437.59,65.84,99.32,29.76
72,566,788,QoS Aware Heuristic,201.58,452.75,55.48,79.83,7.86
71,117,422,FCFS,204.89,299.04,31.48,77.99,1.65
75,1813,922,Round Robin,328.37,448.17,26.73,73.92,24.17
22,172,999,Bin Packing,264.29,505.19,47.69,85.52,7.82
11,1758,642,Reinforcement Learning,131.95,299.82,55.99,84.32,159.82
44,385,165,QoS Aware Heuristic,351.67,538.5,34.69,73.74,8.75
74,1226,817,Bin Packing,139.63,341.87,59.16,73.73,16.57
90,1023,200,Reinforcement Learning,342.57,418.39,18.12,85.79,11.37
69,828,931,Reinforcement Learning,302.8,566.79,46.58,82.18,12.0
72,1742,130,QoS Aware Heuristic,297.47,563.25,47.19,88.74,24.19
53,1235,984,Bin Packing,127.0,294.06,56.81,97.66,23.3
56,1287,290,Reinforcement Learning,355.69,562.4,36.75,91.18,22.98
33,1983,677,QoS Aware Heuristic,272.53,487.51,44.1,72.17,60.09
25,1449,514,Bin Packing,264.44,361.87,26.92,90.36,57.96
94,1993,914,Bin Packing,338.58,416.73,18.75,78.0,21.2
82,1516,846,QoS Aware Heuristic,342.5,397.67,13.87,91.11,18.49
13,472,889,Bin Packing,106.01,384.23,72.41,95.46,36.31
51,1611,813,Round Robin,150.09,286.52,47.62,70.0,31.59
80,988,599,Reinforcement Learning,194.61,266.07,26.86,69.55,12.35
46,853,961,Reinforcement Learning,371.19,537.64,30.96,77.3,18.54
55,1774,836,Bin Packing,330.7,399.61,17.24,62.06,32.25
60,1985,694,QoS Aware Heuristic,403.05,474.36,15.03,87.43,33.08
55,683,145,FCFS,396.24,568.46,30.3,89.99,12.42
74,1303,188,Bin Packing,441.27,618.48,28.65,73.82,17.61
24,1132,797,FCFS,250.73,445.77,43.75,78.61,47.17
92,145,474,Bin Packing,238.03,452.11,47.35,83.61,1.58
31,1335,800,FCFS,432.41,649.48,33.42,62.94,43.06
42,403,345,Bin Packing,195.04,353.29,44.79,88.45,9.6
76,1385,657,QoS Aware Heuristic,284.47,495.35,42.57,81.07,18.22
69,1209,356,FCFS,177.73,303.91,41.52,84.97,17.52
58,1935,451,Round Robin,465.54,625.87,25.62,88.95,33.36
28,1868,672,QoS Aware Heuristic,263.12,411.45,36.05,87.02,66.71
51,1016,204,Bin Packing,184.99,317.27,41.69,63.81,19.92
75,972,436,FCFS,376.81,486.45,22.54,91.3,12.96
87,522,625,Reinforcement Learning,197.86,267.47,26.03,84.4,6.0
90,1705,400,QoS Aware Heuristic,477.4,653.88,26.99,88.6,18.94
67,479,176,FCFS,247.05,431.37,42.73,70.46,7.15
61,1024,610,QoS Aware Heuristic,365.86,499.9,26.81,68.86,16.79
59,586,329,FCFS,238.1,532.06,55.25,93.04,9.93
64,1927,778,Reinforcement Learning,422.9,612.14,30.91,75.62,30.11
66,1219,677,Round Robin,458.77,731.02,37.24,83.01,18.47
34,1597,131,Reinforcement Learning,415.17,607.69,31.68,82.06,46.97
97,136,707,Bin Packing,439.4,536.88,18.16,83.41,1.4
26,158,157,QoS Aware Heuristic,140.75,434.41,67.6,62.78,6.08
79,1496,203,Round Robin,469.63,740.96,36.62,72.1,18.94
88,1418,411,QoS Aware Heuristic,349.72,517.54,32.43,62.66,16.11
33,1339,745,FCFS,447.69,558.45,19.83,79.21,40.58
45,1807,828,Bin Packing,373.77,479.44,22.04,96.08,40.16
46,1659,166,Bin Packing,180.74,432.25,58.19,75.57,36.07
69,1043,789,QoS Aware Heuristic,343.82,411.1,16.37,91.3,15.12
35,1567,473,Bin Packing,136.38,345.9,60.57,71.49,44.77
34,1406,858,QoS Aware Heuristic,378.29,588.32,35.7,94.25,41.35
22,871,905,FCFS,263.6,359.21,26.62,76.78,39.59
21,1486,334,FCFS,160.69,386.92,58.47,74.21,70.76
42,1687,742,QoS Aware Heuristic,491.69,718.04,31.52,87.9,40.17
18,986,211,Reinforcement Learning,460.43,597.94,23.0,80.51,54.78
91,1054,488,Reinforcement Learning,457.42,628.26,27.19,73.49,11.58
93,698,507,FCFS,415.53,673.72,38.32,62.32,7.51
83,240,153,Round Robin,376.79,557.58,32.42,66.67,2.89
60,982,901,Reinforcement Learning,362.03,566.57,36.1,90.89,16.37
26,191,338,QoS Aware Heuristic,142.44,295.63,51.82,96.83,7.35
71,1942,851,FCFS,460.23,547.63,15.96,66.75,27.35
60,1146,394,Bin Packing,452.45,751.97,39.83,82.78,19.1
23,889,211,Bin Packing,399.14,582.02,31.42,61.37,38.65
61,1240,187,Reinforcement Learning,470.93,605.04,22.17,71.63,20.33
48,217,839,Round Robin,321.23,549.68,41.56,77.95,4.52
39,615,575,Reinforcement Learning,279.06,484.27,42.38,89.44,15.77
5,1332,403,Round Robin,487.18,595.41,18.18,61.76,266.4
56,1512,404,Reinforcement Learning,285.65,554.88,48.52,91.25,27.0
89,1184,389,Bin Packing,356.53,424.26,15.96,68.11,13.3
97,793,307,Round Robin,249.22,450.64,44.7,90.38,8.18
74,722,967,Bin Packing,354.53,524.0,32.34,85.02,9.76
41,913,885,QoS Aware Heuristic,388.04,517.59,25.03,73.58,22.27
69,888,681,QoS Aware Heuristic,349.86,606.46,42.31,88.95,12.87
55,580,469,FCFS,305.83,519.9,41.18,69.45,10.55
5,1363,319,Bin Packing,220.04,459.91,52.16,68.79,272.6
95,1023,330,Bin Packing,357.54,511.2,30.06,62.47,10.77
25,611,901,FCFS,463.37,748.97,38.13,75.72,24.44
57,1583,918,QoS Aware Heuristic,102.77,238.95,56.99,63.91,27.77
20,224,972,QoS Aware Heuristic,153.57,336.33,54.34,76.78,11.2
65,351,448,Round Robin,147.91,431.32,65.71,60.39,5.4
58,1769,354,Round Robin,469.28,540.08,13.11,66.2,30.5
44,234,551,QoS Aware Heuristic,365.1,442.3,17.45,97.29,5.32
30,1412,241,Reinforcement Learning,480.72,779.27,38.31,91.82,47.07
84,559,168,Bin Packing,333.13,625.98,46.78,69.45,6.65
96,868,188,Round Robin,284.69,527.62,46.04,88.73,9.04
69,1383,970,Reinforcement Learning,416.94,587.99,29.09,86.74,20.04
78,1580,235,Round Robin,164.38,340.9,51.78,67.08,20.26
68,1419,754,FCFS,252.54,366.84,31.16,74.84,20.87
47,1154,950,Bin Packing,286.51,444.69,35.57,96.55,24.55
21,1447,798,Round Robin,219.38,377.22,41.84,89.55,68.9
63,205,622,QoS Aware Heuristic,248.51,307.53,19.19,90.41,3.25
27,836,759,FCFS,131.24,294.53,55.44,82.56,30.96
11,844,903,FCFS,179.19,349.14,48.68,86.62,76.73
48,481,949,QoS Aware Heuristic,234.2,450.65,48.03,80.35,10.02
57,1573,541,FCFS,418.36,597.47,29.98,89.64,27.6
75,810,137,Bin Packing,173.0,438.42,60.54,89.31,10.8
83,196,956,Round Robin,238.66,380.55,37.29,61.24,2.36
38,530,307,FCFS,125.97,278.4,54.75,85.27,13.95
50,484,309,Bin Packing,322.84,515.71,37.4,85.19,9.68
72,1592,612,QoS Aware Heuristic,344.5,445.18,22.62,62.69,22.11
82,1742,459,Round Robin,446.21,594.58,24.95,76.42,21.24
82,1756,676,QoS Aware Heuristic,427.65,649.19,34.13,95.95,21.41
20,118,100,Round Robin,214.15,367.1,41.66,98.14,5.9
75,1679,854,FCFS,154.78,431.43,64.12,91.29,22.39
23,1954,480,FCFS,162.43,366.26,55.65,66.06,84.96
6,924,927,Round Robin,487.59,576.03,15.35,74.99,154.0
14,1961,636,Bin Packing,369.29,541.15,31.76,67.3,140.07
54,235,958,Bin Packing,117.03,358.22,67.33,86.09,4.35
85,953,493,Bin Packing,154.71,365.55,57.68,90.93,11.21
16,731,149,Reinforcement Learning,294.32,565.64,47.97,95.35,45.69
74,253,495,Bin Packing,183.13,420.63,56.46,94.43,3.42
26,603,959,FCFS,421.46,486.86,13.43,63.97,23.19
36,62,852,Reinforcement Learning,329.29,407.42,19.18,65.03,1.72
88,715,131,Bin Packing,345.05,557.49,38.11,96.39,8.12
5,1347,644,FCFS,285.13,394.73,27.77,93.75,269.4
58,1371,811,Reinforcement Learning,202.43,399.39,49.32,78.42,23.64
62,100,333,FCFS,335.76,583.81,42.49,77.2,1.61
74,549,125,Round Robin,386.79,581.02,33.43,82.11,7.42
87,418,653,FCFS,248.38,402.25,38.25,83.87,4.8
22,773,533,Reinforcement Learning,301.98,513.55,41.2,70.17,35.14
10,1729,160,Bin Packing,435.87,521.77,16.46,76.15,172.9
49,406,652,Reinforcement Learning,159.47,390.27,59.14,84.79,8.29
27,1076,540,Bin Packing,318.09,542.35,41.35,68.25,39.85
27,1327,229,Bin Packing,239.37,417.97,42.73,99.95,49.15
30,1548,966,QoS Aware Heuristic,381.12,500.82,23.9,71.32,51.6
81,896,453,Round Robin,107.52,356.91,69.87,82.1,11.06
11,1579,297,QoS Aware Heuristic,368.19,545.83,32.54,82.17,143.55
83,305,898,Reinforcement Learning,141.16,205.95,31.46,78.06,3.67
48,1683,762,QoS Aware Heuristic,125.91,405.56,68.95,69.66,35.06
31,1758,815,Bin Packing,389.85,631.78,38.29,82.61,56.71
30,1223,793,Reinforcement Learning,356.14,552.34,35.52,63.64,40.77
83,1561,470,QoS Aware Heuristic,457.97,617.18,25.8,75.48,18.81
40,328,818,FCFS,307.86,597.83,48.5,68.97,8.2
59,1132,246,Round Robin,312.01,555.77,43.86,64.97,19.19
68,495,815,FCFS,382.81,566.56,32.43,97.02,7.28
95,162,597,Reinforcement Learning,229.36,442.65,48.18,88.0,1.71
61,885,147,QoS Aware Heuristic,114.76,234.95,51.16,66.75,14.51
73,804,869,Bin Packing,192.02,290.95,34.0,97.98,11.01
65,1895,750,QoS Aware Heuristic,195.21,313.54,37.74,68.64,29.15
6,1642,271,Reinforcement Learning,234.26,357.54,34.48,69.42,273.67
59,1562,712,Reinforcement Learning,477.39,712.32,32.98,65.33,26.47
84,1480,798,Reinforcement Learning,421.94,506.96,16.77,89.11,17.62
91,416,995,Reinforcement Learning,474.38,718.78,34.0,82.84,4.57
42,1133,414,QoS Aware Heuristic,499.44,680.29,26.58,62.33,26.98
84,378,475,FCFS,273.51,419.65,34.82,61.01,4.5
82,777,905,Bin Packing,190.83,315.93,39.6,81.31,9.48
33,1542,974,Bin Packing,324.0,502.3,35.5,86.06,46.73
30,1818,632,Round Robin,452.45,581.83,22.24,92.91,60.6
39,1055,909,Reinforcement Learning,286.29,443.65,35.47,79.13,27.05
83,1640,519,Reinforcement Learning,302.16,536.91,43.72,87.06,19.76
71,1958,495,Reinforcement Learning,153.78,360.28,57.32,89.35,27.58
91,769,621,FCFS,268.18,505.18,46.91,84.52,8.45
33,1136,286,Reinforcement Learning,254.8,483.04,47.25,74.09,34.42
38,233,744,Round Robin,240.68,494.45,51.32,65.28,6.13
45,1072,132,Round Robin,454.92,555.34,18.08,85.9,23.82
45,360,168,FCFS,123.72,422.5,70.72,90.75,8.0
27,1866,691,Reinforcement Learning,488.86,657.8,25.68,67.59,69.11
75,1611,290,QoS Aware Heuristic,103.3,332.86,68.97,79.79,21.48
7,226,200,QoS Aware Heuristic,478.24,697.68,31.45,75.89,32.29
62,1648,584,Bin Packing,319.22,510.76,37.5,68.23,26.58
36,1502,384,FCFS,380.98,679.93,43.97,69.81,41.72
35,1146,832,QoS Aware Heuristic,174.85,279.18,37.37,69.51,32.74
86,896,489,Bin Packing,361.68,517.11,30.06,76.76,10.42
47,1240,664,Round Robin,452.78,534.71,15.32,75.62,26.38
11,1298,259,Bin Packing,155.79,251.25,37.99,82.17,118.0
5,1650,991,Reinforcement Learning,150.83,379.07,60.21,63.73,330.0
65,1654,653,Reinforcement Learning,221.59,272.8,18.77,83.25,25.45
18,58,146,Round Robin,164.69,437.15,62.33,60.87,3.22
56,285,258,FCFS,144.26,352.56,59.08,70.3,5.09
10,759,545,Reinforcement Learning,371.33,531.56,30.14,80.09,75.9
14,973,795,Reinforcement Learning,185.53,318.37,41.73,87.48,69.5
75,734,857,Bin Packing,366.81,448.38,18.19,90.85,9.79
94,843,622,Bin Packing,444.77,725.16,38.67,61.42,8.97
34,1101,765,Bin Packing,360.81,588.89,38.73,81.5,32.38
25,857,831,QoS Aware Heuristic,147.75,281.85,47.58,74.18,34.28
64,1984,254,Round Robin,329.43,397.16,17.05,87.8,31.0
85,1719,438,FCFS,257.45,388.87,33.8,71.35,20.22
78,76,464,Bin Packing,237.35,333.51,28.83,89.75,0.97
67,599,894,FCFS,227.41,473.98,52.02,84.09,8.94
46,1269,798,Bin Packing,471.77,701.67,32.76,91.59,27.59
55,1276,673,Reinforcement Learning,397.0,571.54,30.54,99.38,23.2
68,134,247,FCFS,153.54,425.0,63.87,96.34,1.97
80,1905,998,QoS Aware Heuristic,290.4,385.57,24.68,83.73,23.81
60,1103,243,Bin Packing,227.29,390.28,41.76,95.75,18.38
84,515,202,Round Robin,491.18,718.84,31.67,66.12,6.13
45,1172,911,Reinforcement Learning,491.21,558.16,11.99,61.72,26.04
36,1972,192,Bin Packing,227.81,370.98,38.59,81.33,54.78
19,1263,385,FCFS,240.85,433.77,44.48,98.97,66.47
66,61,523,Bin Packing,339.77,481.47,29.43,88.39,0.92
31,1676,218,Reinforcement Learning,291.72,461.77,36.83,72.21,54.06
32,1062,128,Round Robin,185.24,387.27,52.17,86.75,33.19
85,1103,610,Round Robin,364.16,506.26,28.07,61.6,12.98
68,1798,129,Round Robin,233.65,310.15,24.67,78.82,26.44
63,1111,971,Reinforcement Learning,361.49,446.35,19.01,69.49,17.63
62,1926,465,Bin Packing,253.47,435.22,41.76,61.97,31.06
6,621,899,Reinforcement Learning,380.08,473.77,19.78,70.0,103.5
40,1367,237,Reinforcement Learning,367.12,639.58,42.6,88.9,34.17
75,1433,574,Bin Packing,303.53,562.08,46.0,82.05,19.11
17,1728,662,QoS Aware Heuristic,381.9,519.16,26.44,60.94,101.65
19,963,491,Round Robin,284.39,542.14,47.54,76.39,50.68
93,229,534,FCFS,146.46,329.76,55.59,90.09,2.46
91,846,903,FCFS,172.84,262.6,34.18,98.18,9.3
64,1185,333,Bin Packing,198.4,401.95,50.64,94.97,18.52
26,1815,154,FCFS,125.29,345.15,63.7,60.06,69.81
67,1517,391,QoS Aware Heuristic,384.55,455.52,15.58,68.75,22.64
94,1094,851,Reinforcement Learning,246.96,375.57,34.24,68.31,11.64
79,1218,411,Round Robin,137.41,188.76,27.2,76.52,15.42
78,1572,647,FCFS,427.98,557.09,23.18,85.83,20.15
29,1219,188,FCFS,373.46,507.32,26.39,66.12,42.03
52,490,311,Bin Packing,280.89,488.44,42.49,96.63,9.42
47,936,417,Bin Packing,198.97,298.73,33.39,91.08,19.91
42,470,976,Reinforcement Learning,160.7,218.22,26.36,76.77,11.19
45,1389,856,Round Robin,283.35,412.26,31.27,83.36,30.87
49,1239,564,FCFS,454.1,710.5,36.09,81.67,25.29
92,1725,186,Reinforcement Learning,175.36,325.15,46.07,83.29,18.75
44,1276,508,Round Robin,327.46,481.23,31.95,94.4,29.0
21,1569,339,Reinforcement Learning,484.67,651.93,25.66,68.0,74.71
92,1829,931,FCFS,354.85,592.8,40.14,87.35,19.88
61,1698,799,Bin Packing,275.99,446.0,38.12,64.28,27.84
6,517,156,Bin Packing,386.55,459.37,15.85,78.37,86.17
66,762,212,Bin Packing,429.83,531.43,19.12,85.43,11.55
92,434,834,QoS Aware Heuristic,336.21,433.18,22.39,60.5,4.72
13,363,169,Reinforcement Learning,448.73,625.7,28.28,64.32,27.92
72,820,838,FCFS,305.84,363.32,15.82,63.65,11.39
85,1328,867,Reinforcement Learning,432.01,552.91,21.87,74.99,15.62
21,1008,791,Bin Packing,480.81,682.61,29.56,84.88,48.0
54,966,283,Reinforcement Learning,300.5,439.16,31.57,99.84,17.89
98,72,802,Round Robin,342.0,568.93,39.89,70.16,0.73
44,1978,843,Reinforcement Learning,343.79,491.6,30.07,65.44,44.95
62,1831,375,QoS Aware Heuristic,412.57,707.38,41.68,76.59,29.53
79,388,332,QoS Aware Heuristic,429.19,720.53,40.43,65.84,4.91
89,1566,153,Bin Packing,110.89,360.85,69.27,60.98,17.6
25,872,356,FCFS,393.34,681.94,42.32,82.56,34.88
22,1584,189,Round Robin,413.53,514.72,19.66,95.18,72.0
59,415,837,FCFS,380.17,617.9,38.47,94.43,7.03
33,1445,858,FCFS,385.48,515.89,25.28,64.03,43.79
28,964,762,Round Robin,116.56,347.88,66.49,65.9,34.43
78,1903,534,QoS Aware Heuristic,276.82,420.29,34.14,79.64,24.4
21,1672,724,Bin Packing,427.27,549.63,22.26,74.71,79.62
22,1292,507,Reinforcement Learning,473.6,763.3,37.95,88.12,58.73
46,524,368,QoS Aware Heuristic,191.79,294.26,34.82,79.8,11.39
88,1496,768,Bin Packing,331.68,571.32,41.94,60.8,17.0
49,1429,465,QoS Aware Heuristic,421.73,640.4,34.15,71.38,29.16
86,1533,958,Round Robin,400.96,526.83,23.89,96.06,17.83
21,1576,450,FCFS,347.56,512.15,32.14,80.46,75.05
77,76,398,Round Robin,107.48,193.22,44.37,91.92,0.99
18,991,258,Reinforcement Learning,389.55,669.85,41.85,76.09,55.06
53,851,586,Round Robin,409.3,701.33,41.64,87.08,16.06
33,850,941,FCFS,389.14,622.26,37.46,66.76,25.76
99,909,836,QoS Aware Heuristic,406.32,668.68,39.24,89.46,9.18
8,1296,625,Bin Packing,272.37,343.02,20.6,91.46,162.0
86,913,454,Reinforcement Learning,497.5,643.49,22.69,63.61,10.62
24,739,720,QoS Aware Heuristic,408.31,541.01,24.53,67.33,30.79
51,1221,500,Bin Packing,331.47,522.71,36.59,78.52,23.94
13,1497,504,FCFS,473.68,569.52,16.83,85.5,115.15
81,788,195,Round Robin,463.28,654.13,29.18,85.5,9.73
83,1424,806,QoS Aware Heuristic,425.83,639.42,33.4,86.73,17.16
31,1259,669,Bin Packing,325.48,408.57,20.34,88.58,40.61
19,464,491,Bin Packing,310.84,393.77,21.06,80.23,24.42
96,1879,451,Round Robin,231.48,290.34,20.27,82.99,19.57
23,1031,905,QoS Aware Heuristic,200.35,440.57,54.52,60.34,44.83
94,478,765,QoS Aware Heuristic,304.94,437.69,30.33,66.66,5.09
56,90,675,FCFS,331.11,437.47,24.31,79.94,1.61
30,954,769,QoS Aware Heuristic,197.81,442.33,55.28,89.82,31.8
93,1061,876,Round Robin,469.04,554.85,15.47,92.36,11.41
30,1466,732,QoS Aware Heuristic,322.91,479.71,32.69,89.16,48.87
30,752,387,FCFS,310.6,546.8,43.2,79.46,25.07
50,128,622,Bin Packing,274.26,467.72,41.36,71.25,2.56
96,766,825,QoS Aware Heuristic,123.23,311.73,60.47,77.79,7.98
53,1969,261,Round Robin,452.96,542.33,16.48,60.37,37.15
86,1863,716,QoS Aware Heuristic,226.8,322.03,29.57,83.92,21.66
57,1857,758,Reinforcement Learning,356.98,552.62,35.4,62.98,32.58
7,593,281,FCFS,342.97,398.86,14.01,65.82,84.71
70,1523,949,Bin Packing,333.79,601.07,44.47,85.04,21.76
46,523,648,Reinforcement Learning,310.28,447.9,30.73,60.53,11.37
23,1215,181,Round Robin,172.58,326.73,47.18,82.94,52.83
21,1324,623,QoS Aware Heuristic,212.24,326.85,35.07,85.54,63.05
37,343,103,FCFS,309.68,578.85,46.5,91.53,9.27
80,659,594,QoS Aware Heuristic,415.74,626.37,33.63,62.72,8.24
53,185,654,QoS Aware Heuristic,272.8,435.28,37.33,60.12,3.49
60,533,150,QoS Aware Heuristic,181.57,377.9,51.95,90.67,8.88
67,1862,360,QoS Aware Heuristic,135.18,280.27,51.77,71.6,27.79
7,1385,233,FCFS,365.2,531.6,31.3,95.49,197.86
53,863,698,Reinforcement Learning,269.34,408.75,34.11,67.4,16.28
59,604,461,Round Robin,150.15,302.82,50.42,83.42,10.24
30,1705,667,Reinforcement Learning,369.79,498.53,25.82,64.38,56.83
76,1805,316,FCFS,183.03,252.44,27.5,76.11,23.75
56,95,977,Round Robin,303.61,362.95,16.35,95.28,1.7
11,1309,167,Bin Packing,222.48,316.01,29.6,84.33,119.0
50,1121,963,Reinforcement Learning,472.68,585.59,19.28,87.58,22.42
50,247,655,FCFS,191.32,463.94,58.76,69.04,4.94
20,133,242,FCFS,267.97,470.78,43.08,96.91,6.65
28,592,445,FCFS,483.8,773.37,37.44,84.94,21.14
65,1234,653,Round Robin,227.49,362.4,37.23,64.24,18.98
58,1501,750,QoS Aware Heuristic,357.84,508.27,29.6,60.62,25.88
66,120,684,Bin Packing,226.69,456.63,50.36,60.64,1.82
5,569,878,Round Robin,144.27,338.75,57.41,62.05,113.8
53,947,293,Round Robin,351.02,532.99,34.14,96.46,17.87
29,962,766,Reinforcement Learning,466.41,660.3,29.36,74.34,33.17
14,1125,345,Bin Packing,281.03,477.06,41.09,71.93,80.36
84,1118,413,FCFS,350.47,591.91,40.79,76.66,13.31
20,342,829,Round Robin,343.56,560.58,38.71,76.38,17.1
62,987,483,Bin Packing,266.04,555.37,52.1,69.54,15.92
76,861,864,Reinforcement Learning,345.96,632.95,45.34,63.67,11.33
33,1538,888,QoS Aware Heuristic,203.73,359.21,43.28,64.35,46.61
96,1958,376,Bin Packing,251.22,310.15,19.0,83.97,20.4
10,1623,171,FCFS,276.93,329.7,16.01,75.87,162.3
20,916,228,Round Robin,445.6,526.4,15.35,96.1,45.8
24,429,457,QoS Aware Heuristic,239.33,308.05,22.31,78.55,17.88
84,1056,797,Reinforcement Learning,354.05,497.39,28.82,80.14,12.57
75,1816,624,FCFS,185.36,248.58,25.43,97.13,24.21
82,1551,940,QoS Aware Heuristic,201.03,407.26,50.64,80.07,18.91
47,311,319,Reinforcement Learning,359.37,456.91,21.35,80.08,6.62
30,629,105,FCFS,404.92,583.41,30.59,74.53,20.97
94,1252,850,Round Robin,284.85,360.62,21.01,88.42,13.32
82,406,723,Reinforcement Learning,234.04,490.97,52.33,75.69,4.95
75,1492,327,QoS Aware Heuristic,464.11,709.1,34.55,83.53,19.89
37,747,116,FCFS,154.32,300.94,48.72,77.9,20.19
30,1274,684,Bin Packing,388.29,665.94,41.69,81.15,42.47
49,1975,111,FCFS,376.07,472.5,20.41,93.08,40.31
88,1086,697,QoS Aware Heuristic,376.1,629.58,40.26,76.55,12.34
67,492,598,QoS Aware Heuristic,474.17,660.63,28.22,69.2,7.34
71,775,791,Bin Packing,391.28,523.68,25.28,82.81,10.92
56,1805,733,QoS Aware Heuristic,220.63,291.72,24.37,97.5,32.23
72,335,815,FCFS,241.36,334.19,27.78,87.73,4.65
30,1829,601,Reinforcement Learning,256.44,522.16,50.89,72.33,60.97
79,1941,169,FCFS,112.32,314.04,64.23,98.52,24.57
6,1331,207,QoS Aware Heuristic,465.4,574.67,19.01,73.71,221.83
18,619,300,Bin Packing,129.42,303.38,57.34,99.33,34.39
34,1621,151,Bin Packing,379.92,456.88,16.84,67.68,47.68
53,889,648,Round Robin,392.06,466.77,16.01,99.99,16.77
16,1563,728,Bin Packing,437.49,714.43,38.76,63.04,97.69
94,547,358,Bin Packing,321.34,485.8,33.85,88.53,5.82
48,1978,581,QoS Aware Heuristic,390.11,530.5,26.46,89.62,41.21
37,1967,363,Reinforcement Learning,221.09,508.36,56.51,87.18,53.16
17,754,402,Reinforcement Learning,398.23,547.98,27.33,91.1,44.35
82,1406,675,QoS Aware Heuristic,237.37,371.43,36.09,78.87,17.15
92,611,653,Bin Packing,461.14,579.39,20.41,62.16,6.64
30,81,654,FCFS,165.35,356.62,53.63,74.31,2.7
25,1683,224,Reinforcement Learning,226.3,415.9,45.59,85.69,67.32
32,92,369,QoS Aware Heuristic,299.51,353.56,15.29,85.85,2.88
52,1966,958,FCFS,410.34,623.86,34.23,67.81,37.81
44,1424,844,Bin Packing,399.52,646.6,38.21,70.12,32.36
70,1407,579,QoS Aware Heuristic,184.29,388.28,52.54,79.47,20.1
77,1895,231,Reinforcement Learning,157.69,425.16,62.91,89.14,24.61
91,608,101,FCFS,221.59,340.69,34.96,94.11,6.68
83,319,214,FCFS,293.5,391.49,25.03,63.46,3.84
81,1896,580,Reinforcement Learning,315.6,539.92,41.55,97.02,23.41
27,1486,100,FCFS,271.66,368.8,26.34,97.11,55.04
85,992,430,Reinforcement Learning,365.24,438.02,16.62,60.32,11.67
52,1648,676,QoS Aware Heuristic,271.02,345.17,21.48,80.26,31.69
6,1092,736,Round Robin,478.53,720.63,33.6,83.49,182.0
88,1420,867,Bin Packing,204.39,261.57,21.86,82.15,16.14
24,1978,490,QoS Aware Heuristic,350.95,473.31,25.85,84.63,82.42
63,1686,933,Bin Packing,344.55,426.85,19.28,80.13,26.76
50,86,242,Bin Packing,212.63,451.36,52.89,71.75,1.72
7,1692,427,Reinforcement Learning,264.68,440.55,39.92,63.83,241.71
59,141,857,Round Robin,246.19,347.56,29.17,68.34,2.39
16,1893,727,Bin Packing,169.0,406.6,58.44,89.61,118.31
44,234,476,Bin Packing,290.92,528.51,44.95,69.64,5.32
70,777,914,QoS Aware Heuristic,254.66,435.42,41.51,93.19,11.1
82,1101,189,Round Robin,171.33,290.29,40.98,76.14,13.43
20,1621,907,Round Robin,279.95,476.52,41.25,76.58,81.05
87,421,141,Bin Packing,268.74,552.12,51.33,94.74,4.84
38,881,134,Round Robin,152.55,215.46,29.2,68.57,23.18
48,1603,593,QoS Aware Heuristic,152.48,269.22,43.36,67.58,33.4
10,394,652,Reinforcement Learning,359.0,480.24,25.25,99.42,39.4
81,1492,952,Bin Packing,382.63,590.58,35.21,81.62,18.42
68,1269,223,FCFS,476.47,689.26,30.87,67.62,18.66
26,127,156,Bin Packing,134.8,236.38,42.97,66.63,4.88
22,216,905,Bin Packing,147.14,251.17,41.42,94.47,9.82
16,1163,555,Reinforcement Learning,120.73,402.78,70.03,83.99,72.69
56,313,334,FCFS,312.89,551.96,43.31,64.6,5.59
98,1545,707,FCFS,349.1,632.67,44.82,95.48,15.77
55,1281,491,FCFS,261.41,518.83,49.62,77.76,23.29
75,773,591,Reinforcement Learning,419.16,569.69,26.42,99.57,10.31
52,1344,930,Round Robin,374.68,455.16,17.68,71.27,25.85
23,1336,442,FCFS,494.34,701.73,29.55,81.15,58.09
10,1579,743,Round Robin,155.16,293.16,47.07,66.92,157.9
88,1858,275,QoS Aware Heuristic,123.33,279.68,55.9,77.59,21.11
31,561,151,Reinforcement Learning,209.92,366.39,42.71,67.06,18.1
57,1927,649,Round Robin,107.62,391.75,72.53,72.29,33.81
52,1799,577,FCFS,473.04,540.26,12.44,70.79,34.6
11,1959,588,FCFS,221.58,319.86,30.73,71.32,178.09
63,625,954,Round Robin,320.97,522.96,38.62,98.79,9.92
73,1597,104,Round Robin,227.23,498.17,54.39,61.54,21.88
15,771,824,QoS Aware Heuristic,198.32,477.81,58.49,79.87,51.4
19,1385,731,Reinforcement Learning,160.95,350.62,54.1,85.17,72.89
68,1247,937,Bin Packing,228.15,286.79,20.45,86.43,18.34
7,480,980,QoS Aware Heuristic,346.17,486.89,28.9,90.18,68.57
73,817,308,QoS Aware Heuristic,488.65,768.36,36.4,90.44,11.19
27,512,316,QoS Aware Heuristic,323.24,498.23,35.12,98.22,18.96
57,150,635,FCFS,313.08,544.73,42.53,90.23,2.63
41,1089,441,Round Robin,114.11,231.41,50.69,92.95,26.56
13,1782,816,Reinforcement Learning,436.04,492.29,11.43,81.29,137.08
19,1331,500,FCFS,117.94,312.53,62.26,86.31,70.05
7,1969,561,QoS Aware Heuristic,462.49,721.24,35.88,79.12,281.29
97,293,837,Reinforcement Learning,315.47,613.04,48.54,71.06,3.02
74,1421,829,FCFS,167.39,429.05,60.99,72.54,19.2
21,1322,310,Bin Packing,280.68,469.18,40.18,74.42,62.95
30,154,125,QoS Aware Heuristic,497.99,700.17,28.88,73.63,5.13
25,743,351,FCFS,222.03,478.07,53.56,81.33,29.72
76,1740,102,FCFS,207.78,262.73,20.92,69.91,22.89
25,1360,101,QoS Aware Heuristic,147.2,435.11,66.17,80.67,54.4
15,1242,703,Bin Packing,338.86,521.67,35.04,96.65,82.8
42,1493,101,Round Robin,135.69,423.7,67.97,76.24,35.55
76,1120,249,Bin Packing,406.4,647.53,37.24,68.91,14.74
92,1116,682,QoS Aware Heuristic,467.69,555.77,15.85,73.87,12.13
39,1394,103,Round Robin,472.75,564.06,16.19,95.08,35.74
18,867,596,FCFS,143.17,281.58,49.15,97.67,48.17
18,270,649,Bin Packing,323.31,439.31,26.41,95.47,15.0
14,1586,970,Bin Packing,138.84,298.66,53.51,71.49,113.29
16,1785,567,Round Robin,328.81,529.79,37.94,75.51,111.56
42,1514,169,FCFS,425.99,585.13,27.2,99.0,36.05
38,193,300,Bin Packing,315.12,379.23,16.91,72.95,5.08
45,939,407,Round Robin,448.82,742.73,39.57,65.51,20.87
14,1101,351,Bin Packing,420.67,576.95,27.09,71.28,78.64
21,1927,386,FCFS,210.62,473.39,55.51,98.56,91.76
21,1923,391,FCFS,352.04,420.53,16.29,76.64,91.57
71,839,253,Reinforcement Learning,102.96,355.48,71.04,97.36,11.82
66,602,232,Round Robin,258.42,351.77,26.54,64.16,9.12
99,893,982,QoS Aware Heuristic,195.18,415.03,52.97,90.64,9.02
5,708,685,Bin Packing,474.85,690.3,31.21,63.73,141.6
16,1930,373,FCFS,262.16,539.61,51.42,67.9,120.62
8,1763,882,Bin Packing,361.63,491.8,26.47,84.64,220.38
46,1900,796,Bin Packing,392.79,470.03,16.43,77.38,41.3
17,886,608,QoS Aware Heuristic,409.29,675.43,39.4,86.67,52.12
89,1068,452,FCFS,394.31,527.2,25.21,98.94,12.0
90,1240,104,Reinforcement Learning,215.67,323.8,33.39,62.11,13.78
8,1708,392,Round Robin,374.43,545.98,31.42,67.67,213.5
86,1659,459,Bin Packing,319.6,406.13,21.31,85.61,19.29
73,800,697,QoS Aware Heuristic,338.95,463.19,26.82,95.86,10.96
23,298,313,QoS Aware Heuristic,100.33,246.65,59.32,91.91,12.96
6,824,505,Round Robin,203.3,322.61,36.98,78.62,137.33
16,813,535,Round Robin,472.27,634.83,25.61,89.82,50.81
85,1430,114,FCFS,216.03,362.19,40.35,68.32,16.82
78,1184,372,Bin Packing,275.21,518.86,46.96,60.55,15.18
10,741,662,Bin Packing,174.67,454.27,61.55,82.8,74.1
12,1773,864,Round Robin,155.44,230.67,32.61,92.53,147.75
55,869,144,Reinforcement Learning,183.47,439.3,58.24,77.34,15.8
15,768,802,Bin Packing,321.46,604.4,46.81,82.77,51.2
67,283,733,QoS Aware Heuristic,467.61,689.26,32.16,76.89,4.22
61,73,511,Round Robin,230.48,529.58,56.48,80.56,1.2
16,1099,286,Bin Packing,229.36,363.12,36.84,95.37,68.69
77,1454,825,FCFS,325.66,583.24,44.16,79.13,18.88
6,1803,760,Round Robin,242.7,461.13,47.37,60.3,300.5
12,1055,269,QoS Aware Heuristic,464.17,595.03,21.99,91.99,87.92
15,1419,820,FCFS,251.14,477.31,47.38,84.71,94.6
57,1451,693,Round Robin,296.18,473.59,37.46,89.22,25.46
14,571,500,Round Robin,313.36,410.6,23.68,96.04,40.79
89,66,807,Bin Packing,412.83,506.3,18.46,71.45,0.74
88,294,345,FCFS,325.56,553.91,41.23,80.12,3.34
12,767,956,Round Robin,195.66,423.64,53.81,84.1,63.92
40,819,968,QoS Aware Heuristic,149.59,332.28,54.98,73.82,20.48
97,1697,651,FCFS,475.11,650.46,26.96,93.84,17.49
80,766,779,Bin Packing,420.63,515.64,18.43,87.9,9.57
18,1612,142,Reinforcement Learning,109.19,266.51,59.03,89.34,89.56
58,1656,940,Round Robin,428.61,696.46,38.46,92.32,28.55
89,1761,822,Reinforcement Learning,336.24,599.92,43.95,70.32,19.79
90,1275,278,Round Robin,307.56,522.79,41.17,89.83,14.17
25,1321,556,Bin Packing,104.89,404.23,74.05,90.95,52.84
54,167,634,Bin Packing,412.35,685.64,39.86,93.7,3.09
98,58,706,Bin Packing,179.23,265.54,32.5,79.54,0.59
43,647,771,Bin Packing,391.19,540.97,27.69,80.17,15.05
24,72,343,FCFS,106.35,189.33,43.83,63.93,3.0
92,289,116,FCFS,418.54,585.06,28.46,94.08,3.14
91,1658,211,Round Robin,109.22,353.32,69.09,81.34,18.22
11,76,714,FCFS,194.36,283.31,31.4,83.78,6.91
13,1033,925,Round Robin,207.31,477.42,56.58,64.86,79.46
5,1934,697,FCFS,163.0,355.26,54.12,84.07,386.8
30,1154,646,FCFS,292.42,529.66,44.79,61.68,38.47
42,1669,129,FCFS,213.48,274.77,22.31,96.93,39.74
42,248,291,QoS Aware Heuristic,497.32,570.78,12.87,94.54,5.9
65,1628,536,Bin Packing,331.99,537.21,38.2,67.77,25.05
48,824,278,QoS Aware Heuristic,326.59,586.14,44.28,83.75,17.17
90,141,715,FCFS,188.35,456.82,58.77,84.11,1.57
48,900,776,FCFS,263.48,485.57,45.74,92.14,18.75
78,1157,573,QoS Aware Heuristic,149.59,249.82,40.12,90.28,14.83
66,349,733,Round Robin,405.01,503.77,19.6,99.73,5.29
10,345,233,Bin Packing,232.46,502.8,53.77,74.03,34.5
21,696,901,Round Robin,400.79,479.1,16.35,64.99,33.14
55,1527,411,Bin Packing,248.68,470.2,47.11,82.94,27.76
42,1354,835,Reinforcement Learning,495.5,678.88,27.01,90.56,32.24
28,1050,124,Bin Packing,168.45,323.81,47.98,71.43,37.5
55,1132,470,Round Robin,100.61,260.69,61.41,69.45,20.58
14,958,624,Bin Packing,337.93,624.23,45.86,92.1,68.43
76,920,418,Reinforcement Learning,481.18,746.54,35.55,90.15,12.11
25,1415,329,Reinforcement Learning,358.82,625.07,42.6,68.14,56.6
74,802,201,FCFS,134.29,285.94,53.04,94.77,10.84
89,1538,549,Reinforcement Learning,316.19,392.94,19.53,65.39,17.28
61,1953,477,QoS Aware Heuristic,463.79,763.25,39.23,64.37,32.02
43,391,987,Round Robin,102.6,188.94,45.7,74.04,9.09
92,1683,302,QoS Aware Heuristic,166.76,345.66,51.76,95.46,18.29
37,111,366,QoS Aware Heuristic,425.82,541.97,21.43,87.82,3.0
63,825,561,Round Robin,457.56,635.25,27.97,75.79,13.1
22,674,464,QoS Aware Heuristic,382.86,509.09,24.8,66.29,30.64
60,1502,833,QoS Aware Heuristic,496.62,770.84,35.57,88.54,25.03
96,1731,203,QoS Aware Heuristic,136.09,428.18,68.22,83.97,18.03
61,1801,210,Reinforcement Learning,318.27,470.79,32.4,99.51,29.52
80,305,527,Round Robin,374.0,441.55,15.3,90.62,3.81
52,877,568,Round Robin,381.06,596.89,36.16,64.08,16.87
46,1063,680,Round Robin,417.39,561.55,25.67,89.13,23.11
31,1901,969,QoS Aware Heuristic,467.05,763.54,38.83,70.3,61.32
78,1947,869,Reinforcement Learning,244.66,317.0,22.82,98.48,24.96
56,1843,779,Round Robin,117.19,196.97,40.5,60.77,32.91
46,1779,904,Bin Packing,244.98,469.84,47.86,69.53,38.67
36,1420,985,Round Robin,368.65,608.31,39.4,79.96,39.44
30,1599,660,FCFS,185.38,353.15,47.51,63.16,53.3
29,1377,349,Bin Packing,423.99,543.31,21.96,73.76,47.48
79,664,581,Round Robin,187.91,315.36,40.41,79.89,8.41
27,294,430,QoS Aware Heuristic,104.03,238.52,56.39,77.88,10.89
61,806,686,Round Robin,303.23,409.55,25.96,78.42,13.21
56,873,300,Reinforcement Learning,390.58,653.24,40.21,95.16,15.59
91,829,553,Reinforcement Learning,239.86,306.13,21.65,80.21,9.11
97,1809,603,Round Robin,399.56,551.38,27.53,97.64,18.65
35,781,645,QoS Aware Heuristic,275.36,512.26,46.25,65.91,22.31
68,1896,925,QoS Aware Heuristic,168.69,219.65,23.2,71.21,27.88
75,1485,210,QoS Aware Heuristic,136.22,405.73,66.43,86.26,19.8
37,927,963,Round Robin,384.23,610.8,37.09,71.32,25.05
89,1290,927,Round Robin,254.29,322.63,21.18,73.89,14.49
6,565,848,FCFS,465.11,738.86,37.05,96.04,94.17
22,523,643,Reinforcement Learning,316.1,487.93,35.22,81.54,23.77
51,85,308,Bin Packing,239.37,452.43,47.09,73.39,1.67
37,1251,743,Bin Packing,239.6,510.11,53.03,91.07,33.81
88,1460,717,Reinforcement Learning,152.58,422.87,63.92,62.83,16.59
39,1842,132,FCFS,337.52,489.71,31.08,82.55,47.23
55,1090,654,Reinforcement Learning,332.87,442.29,24.74,63.99,19.82
22,1784,979,FCFS,420.0,534.36,21.4,67.07,81.09
92,879,206,FCFS,180.48,421.97,57.23,62.5,9.55
76,1121,364,QoS Aware Heuristic,216.32,498.68,56.62,96.07,14.75
34,1135,325,Reinforcement Learning,138.9,206.96,32.89,61.93,33.38
48,1142,586,Bin Packing,218.14,271.89,19.77,80.66,23.79
57,1732,278,Round Robin,271.24,526.97,48.53,69.0,30.39
14,1944,321,Round Robin,485.61,632.26,23.19,75.34,138.86
91,415,469,Reinforcement Learning,361.23,480.34,24.8,79.75,4.56
56,1235,736,Round Robin,413.15,510.24,19.03,78.0,22.05
53,1812,887,FCFS,230.2,366.82,37.24,89.92,34.19
15,994,266,Round Robin,157.81,450.68,64.98,96.48,66.27
70,1025,762,FCFS,202.69,496.96,59.21,72.01,14.64
62,1561,652,FCFS,202.59,335.47,39.61,60.98,25.18
94,480,399,Bin Packing,333.25,624.17,46.61,95.76,5.11
40,908,480,Round Robin,236.59,361.56,34.56,99.15,22.7
37,1562,134,Bin Packing,442.96,706.58,37.31,77.33,42.22
51,279,506,Round Robin,495.42,598.42,17.21,78.23,5.47
17,419,601,FCFS,237.32,493.94,51.95,65.77,24.65
44,227,413,Round Robin,382.02,520.45,26.6,79.02,5.16
93,1930,915,Bin Packing,362.99,461.92,21.42,72.13,20.75
72,1483,842,QoS Aware Heuristic,177.78,461.47,61.48,99.78,20.6
46,617,826,Bin Packing,467.2,570.75,18.14,67.39,13.41
23,1663,925,QoS Aware Heuristic,179.78,477.74,62.37,75.14,72.3
86,1343,200,Reinforcement Learning,394.78,471.92,16.35,84.66,15.62
98,1279,668,Bin Packing,239.04,291.55,18.01,73.8,13.05
23,842,314,Round Robin,246.83,514.53,52.03,78.98,36.61
62,1813,767,QoS Aware Heuristic,282.18,478.83,41.07,98.94,29.24
27,949,675,Round Robin,445.8,601.21,25.85,80.32,35.15
58,1824,161,QoS Aware Heuristic,156.1,226.59,31.11,96.41,31.45
84,1024,950,Bin Packing,121.83,315.55,61.39,61.72,12.19
69,1873,468,Bin Packing,260.82,409.25,36.27,64.79,27.14
16,131,467,Round Robin,122.23,293.14,58.3,97.78,8.19
28,895,673,Bin Packing,375.04,582.64,35.63,65.15,31.96
38,811,193,Round Robin,404.13,614.11,34.19,89.46,21.34
57,1266,568,FCFS,441.88,732.03,39.64,77.84,22.21
12,667,952,QoS Aware Heuristic,397.54,611.3,34.97,76.27,55.58
22,1262,125,Round Robin,466.54,601.39,22.42,86.37,57.36
61,1349,534,QoS Aware Heuristic,399.32,531.73,24.9,89.1,22.11
9,1147,220,FCFS,474.43,643.72,26.3,97.28,127.44
30,1083,149,QoS Aware Heuristic,177.24,292.07,39.32,70.28,36.1
34,1708,982,Round Robin,299.95,444.06,32.45,87.92,50.24
58,265,863,Bin Packing,497.57,758.1,34.37,73.69,4.57
17,339,135,QoS Aware Heuristic,372.63,637.57,41.55,88.7,19.94
87,494,509,QoS Aware Heuristic,451.46,658.41,31.43,65.68,5.68
33,972,388,FCFS,112.16,307.87,63.57,78.3,29.45
7,601,478,Reinforcement Learning,448.7,605.47,25.89,67.35,85.86
94,242,199,Bin Packing,379.09,588.06,35.54,73.46,2.57
62,1712,423,Round Robin,168.3,419.81,59.91,88.63,27.61
80,338,428,FCFS,110.27,344.73,68.01,69.33,4.22
6,632,747,Round Robin,203.97,262.83,22.39,87.4,105.33
79,1722,805,Round Robin,466.31,699.09,33.3,79.84,21.8
32,1217,320,QoS Aware Heuristic,367.25,597.24,38.51,63.68,38.03
86,1462,890,FCFS,467.79,542.54,13.78,75.47,17.0
81,1939,937,FCFS,278.46,366.02,23.92,94.77,23.94
90,1965,666,Bin Packing,474.65,721.63,34.23,99.57,21.83
80,1480,209,Reinforcement Learning,285.18,474.93,39.95,74.76,18.5
6,1884,248,Round Robin,181.7,437.11,58.43,62.19,314.0
11,1443,505,Bin Packing,160.56,256.75,37.46,65.21,131.18
30,906,876,Bin Packing,497.52,555.17,10.38,91.53,30.2
94,1514,773,Round Robin,233.55,324.04,27.93,86.23,16.11
92,830,798,QoS Aware Heuristic,164.02,327.16,49.87,71.4,9.02
80,945,509,QoS Aware Heuristic,103.36,284.18,63.63,75.65,11.81
20,969,228,Round Robin,214.23,478.66,55.24,92.45,48.45
27,1724,583,FCFS,455.65,684.7,33.45,76.52,63.85
44,613,207,Reinforcement Learning,313.6,611.2,48.69,90.23,13.93
64,1602,488,QoS Aware Heuristic,352.97,422.65,16.49,71.81,25.03
77,1750,524,Reinforcement Learning,468.96,551.52,14.97,88.99,22.73
36,62,546,Bin Packing,305.14,376.23,18.9,78.66,1.72
19,1775,167,Bin Packing,435.31,619.92,29.78,81.81,93.42
17,1036,165,Round Robin,229.53,346.25,33.71,83.95,60.94
9,389,755,Round Robin,490.84,711.75,31.04,78.02,43.22
79,914,664,Round Robin,131.53,214.7,38.74,78.65,11.57
78,1947,739,QoS Aware Heuristic,389.93,465.73,16.28,70.63,24.96
56,1937,603,Reinforcement Learning,364.23,529.27,31.18,99.43,34.59
81,1849,603,Bin Packing,176.67,320.64,44.9,96.23,22.83
45,361,420,Reinforcement Learning,255.54,512.83,50.17,81.1,8.02
57,782,818,QoS Aware Heuristic,225.13,484.52,53.54,61.39,13.72
54,1177,931,Reinforcement Learning,137.8,217.16,36.54,66.74,21.8
19,388,827,Reinforcement Learning,333.92,587.0,43.11,94.16,20.42
11,1271,679,Round Robin,497.47,688.51,27.75,97.23,115.55
44,349,546,Reinforcement Learning,323.84,499.73,35.2,66.45,7.93
32,1517,673,Reinforcement Learning,318.1,391.79,18.81,89.38,47.41
36,408,309,Reinforcement Learning,116.13,351.04,66.92,84.92,11.33
19,1441,948,FCFS,155.69,220.6,29.42,72.14,75.84
89,218,938,Bin Packing,305.29,424.71,28.12,77.44,2.45
74,1222,469,Bin Packing,494.07,567.93,13.01,87.09,16.51
69,810,663,Reinforcement Learning,450.64,633.33,28.85,64.05,11.74
8,817,727,Round Robin,236.08,447.39,47.23,67.56,102.12
15,1031,992,Round Robin,317.2,589.91,46.23,61.33,68.73
30,91,557,Round Robin,321.08,554.55,42.1,96.09,3.03
65,251,994,Bin Packing,374.14,664.42,43.69,82.96,3.86
41,1019,676,QoS Aware Heuristic,375.11,615.35,39.04,80.94,24.85
27,1317,741,Reinforcement Learning,415.92,540.44,23.04,88.25,48.78
97,1742,788,Bin Packing,109.99,296.89,62.95,99.53,17.96
89,513,889,Round Robin,477.47,641.95,25.62,66.89,5.76
95,498,262,Bin Packing,128.02,319.51,59.93,65.32,5.24
44,962,431,Bin Packing,290.46,483.48,39.92,71.79,21.86
81,847,763,Bin Packing,467.83,693.36,32.53,96.16,10.46
27,843,449,Round Robin,295.07,365.83,19.34,76.46,31.22
20,486,847,QoS Aware Heuristic,125.45,362.14,65.36,91.74,24.3
98,1966,769,FCFS,191.7,277.64,30.95,68.12,20.06
65,1823,567,Reinforcement Learning,331.47,388.02,14.57,79.74,28.05
72,580,525,Reinforcement Learning,135.14,314.87,57.08,65.1,8.06
84,614,426,Bin Packing,269.47,464.84,42.03,76.52,7.31
35,1670,205,QoS Aware Heuristic,231.64,290.35,20.22,70.49,47.71
57,1346,917,Round Robin,426.08,604.92,29.56,81.98,23.61
29,1503,354,FCFS,144.05,327.69,56.04,91.22,51.83
48,921,457,FCFS,373.12,436.24,14.47,97.53,19.19
16,262,543,Bin Packing,262.64,490.54,46.46,71.35,16.38
94,998,212,Bin Packing,335.1,437.67,23.44,89.73,10.62
96,1946,129,Round Robin,182.21,430.82,57.71,95.42,20.27
13,1177,623,Round Robin,343.88,471.59,27.08,64.99,90.54
16,241,788,Round Robin,369.59,539.06,31.44,83.44,15.06
73,1762,949,Bin Packing,128.09,401.05,68.06,84.47,24.14
58,1732,145,QoS Aware Heuristic,429.74,681.28,36.92,70.9,29.86
58,1453,270,Bin Packing,444.5,689.97,35.58,60.9,25.05
32,1154,229,Bin Packing,125.42,215.53,41.81,70.27,36.06
60,754,856,FCFS,341.27,403.31,15.38,83.39,12.57
73,598,452,Round Robin,337.6,539.04,37.37,67.86,8.19
81,1450,302,Reinforcement Learning,104.98,257.65,59.25,71.49,17.9
62,1911,325,Round Robin,236.94,514.21,53.92,88.32,30.82
82,203,179,QoS Aware Heuristic,487.57,624.97,21.99,75.93,2.48
79,1715,409,QoS Aware Heuristic,322.18,474.82,32.15,62.62,21.71
46,620,134,Round Robin,473.28,654.78,27.72,75.97,13.48
42,1809,663,Round Robin,370.26,619.36,40.22,99.99,43.07
72,1834,260,Bin Packing,111.36,228.43,51.25,70.44,25.47
57,289,695,Reinforcement Learning,131.09,416.55,68.53,70.61,5.07
37,423,939,Bin Packing,388.87,573.85,32.23,66.8,11.43
75,1974,534,FCFS,321.83,582.07,44.71,70.87,26.32
60,854,637,FCFS,150.86,332.26,54.6,82.99,14.23
76,848,324,QoS Aware Heuristic,345.63,588.63,41.28,98.58,11.16
55,1277,545,QoS Aware Heuristic,424.11,486.97,12.91,84.31,23.22
78,660,416,Reinforcement Learning,401.19,650.99,38.37,76.39,8.46
47,1423,765,QoS Aware Heuristic,198.46,379.45,47.7,75.59,30.28
19,737,904,FCFS,203.28,365.63,44.4,60.97,38.79
42,823,513,Reinforcement Learning,487.14,565.04,13.79,60.1,19.6
19,1856,194,FCFS,454.96,690.35,34.1,91.89,97.68
9,192,324,Round Robin,227.33,310.12,26.7,79.61,21.33
97,1262,878,Round Robin,429.62,527.7,18.59,61.33,13.01
87,321,652,Reinforcement Learning,164.7,246.31,33.13,71.44,3.69
58,1605,744,Bin Packing,178.74,230.38,22.42,74.27,27.67
55,1918,165,QoS Aware Heuristic,172.48,387.96,55.54,91.33,34.87
14,1373,496,Reinforcement Learning,135.09,252.8,46.56,77.38,98.07
16,475,309,QoS Aware Heuristic,441.87,529.24,16.51,91.57,29.69
8,95,573,FCFS,331.52,461.51,28.17,85.35,11.88
99,144,764,Bin Packing,203.58,378.35,46.19,61.33,1.45
22,113,783,QoS Aware Heuristic,439.46,615.31,28.58,98.75,5.14
84,462,936,Round Robin,421.06,562.86,25.19,67.26,5.5
40,1716,670,Round Robin,140.38,314.11,55.31,71.02,42.9
29,1082,795,FCFS,357.66,514.5,30.48,92.37,37.31
91,508,589,Reinforcement Learning,388.73,644.4,39.68,67.59,5.58
80,1788,279,QoS Aware Heuristic,386.33,443.73,12.94,76.04,22.35
40,1482,933,FCFS,389.26,656.27,40.69,94.6,37.05
71,519,935,Round Robin,167.78,278.76,39.81,85.49,7.31
13,859,623,Round Robin,226.03,456.48,50.48,72.08,66.08
65,555,558,Round Robin,437.67,588.93,25.68,85.76,8.54
57,1759,167,Bin Packing,459.36,582.94,21.2,92.5,30.86
22,1146,428,Bin Packing,211.68,415.52,49.06,76.16,52.09
47,133,301,Round Robin,109.21,351.43,68.92,82.87,2.83
39,108,574,Reinforcement Learning,443.91,606.39,26.79,99.52,2.77
67,1094,617,Bin Packing,250.84,417.48,39.92,98.58,16.33
82,1531,114,QoS Aware Heuristic,231.79,296.5,21.82,80.36,18.67
8,967,141,Bin Packing,238.8,519.8,54.06,63.85,120.88
97,206,642,QoS Aware Heuristic,266.28,528.0,49.57,88.03,2.12
45,1904,792,Bin Packing,251.31,400.81,37.3,70.74,42.31
49,1402,873,Round Robin,326.57,567.81,42.49,86.78,28.61
54,1646,388,QoS Aware Heuristic,131.58,259.9,49.37,74.07,30.48
83,625,632,Reinforcement Learning,488.62,721.23,32.25,88.75,7.53
32,886,991,Bin Packing,474.58,653.75,27.41,74.69,27.69
46,729,793,Bin Packing,473.76,638.95,25.85,97.65,15.85
84,252,795,Round Robin,451.71,515.84,12.43,65.47,3.0
80,1714,343,QoS Aware Heuristic,364.13,655.49,44.45,62.74,21.42
73,1830,961,Round Robin,188.44,447.79,57.92,91.25,25.07
5,1179,760,QoS Aware Heuristic,119.79,368.14,67.46,76.05,235.8
43,1906,867,Bin Packing,139.73,265.96,47.46,78.62,44.33
94,1195,711,Bin Packing,229.6,352.0,34.77,97.35,12.71
21,367,666,Bin Packing,301.55,494.85,39.06,83.6,17.48
95,1255,797,Bin Packing,497.3,758.86,34.47,86.41,13.21
92,1688,931,FCFS,274.18,557.84,50.85,60.78,18.35
39,1389,697,Bin Packing,309.86,427.09,27.45,86.82,35.62
50,1887,273,Bin Packing,378.06,579.91,34.81,75.53,37.74
46,1846,633,QoS Aware Heuristic,172.29,403.27,57.28,78.41,40.13
43,1698,608,Bin Packing,473.13,579.73,18.39,92.32,39.49
94,455,343,Bin Packing,311.61,463.48,32.77,80.95,4.84
53,1035,159,QoS Aware Heuristic,210.5,307.37,31.52,99.47,19.53
66,998,203,Bin Packing,474.04,698.77,32.16,91.87,15.12
42,1143,750,Bin Packing,350.18,616.13,43.16,89.14,27.21
27,1233,402,Round Robin,293.48,562.86,47.86,83.55,45.67
26,1313,770,FCFS,332.06,549.58,39.58,76.5,50.5
8,1596,843,QoS Aware Heuristic,399.32,536.11,25.52,62.11,199.5
53,1211,176,Round Robin,161.82,377.08,57.09,60.74,22.85
63,544,117,Reinforcement Learning,445.93,712.0,37.37,61.87,8.63
77,728,633,Reinforcement Learning,483.8,690.26,29.91,98.35,9.45
72,1320,283,FCFS,326.8,480.02,31.92,72.93,18.33
75,1939,756,Reinforcement Learning,372.91,652.86,42.88,88.02,25.85
91,1616,649,FCFS,443.93,702.73,36.83,83.77,17.76
6,1597,380,Reinforcement Learning,249.92,520.53,51.99,82.87,266.17
53,1316,387,Reinforcement Learning,497.13,772.93,35.68,83.17,24.83
92,1693,754,Round Robin,372.2,520.65,28.51,72.09,18.4
99,1409,624,Reinforcement Learning,269.6,534.51,49.56,95.46,14.23
35,1495,797,FCFS,370.94,563.53,34.18,96.77,42.71
44,884,573,Bin Packing,308.67,368.21,16.17,85.78,20.09
52,243,366,Bin Packing,144.66,353.62,59.09,94.56,4.67
55,357,880,Bin Packing,418.35,586.0,28.61,62.4,6.49
47,1718,708,FCFS,325.75,444.54,26.72,64.02,36.55
59,1980,456,FCFS,418.34,710.94,41.16,82.36,33.56
92,555,905,Bin Packing,161.96,225.73,28.25,93.86,6.03
53,330,100,Reinforcement Learning,315.34,601.81,47.6,72.62,6.23
94,1876,906,Bin Packing,406.65,496.47,18.09,81.92,19.96
84,724,126,QoS Aware Heuristic,495.32,639.57,22.55,60.4,8.62
61,1863,647,FCFS,453.76,608.07,25.38,99.47,30.54
81,982,259,QoS Aware Heuristic,445.74,678.5,34.31,90.68,12.12
19,1512,498,QoS Aware Heuristic,198.98,302.88,34.3,74.46,79.58
31,764,642,FCFS,435.19,731.72,40.53,99.32,24.65
72,657,226,Bin Packing,167.71,404.96,58.59,63.7,9.12
84,532,873,Round Robin,179.24,426.73,58.0,78.57,6.33
68,1296,956,QoS Aware Heuristic,144.05,220.66,34.72,62.35,19.06
98,1822,309,Bin Packing,443.04,612.12,27.62,73.4,18.59
34,166,249,Round Robin,143.3,429.7,66.65,68.77,4.88
40,1017,130,QoS Aware Heuristic,155.24,272.76,43.09,72.66,25.42
71,241,711,Bin Packing,198.35,284.7,30.33,97.9,3.39
90,837,940,QoS Aware Heuristic,329.06,500.41,34.24,77.09,9.3
90,667,401,Bin Packing,452.07,734.67,38.47,72.99,7.41
53,565,964,Reinforcement Learning,267.29,438.99,39.11,85.63,10.66
80,1603,830,Reinforcement Learning,318.51,469.72,32.19,87.33,20.04
59,356,864,FCFS,166.6,379.17,56.06,99.35,6.03
89,581,782,Round Robin,206.38,490.6,57.93,81.84,6.53
60,171,356,QoS Aware Heuristic,153.57,215.83,28.85,90.1,2.85
72,698,156,QoS Aware Heuristic,263.97,352.32,25.08,75.29,9.69
99,641,108,Bin Packing,336.13,419.32,19.84,66.84,6.47
48,1227,104,Round Robin,213.61,284.94,25.03,77.19,25.56
35,919,946,QoS Aware Heuristic,438.4,563.93,22.26,76.75,26.26
62,1610,213,Round Robin,492.5,599.83,17.89,76.82,25.97
91,1525,876,Round Robin,148.06,335.23,55.83,87.82,16.76
57,1242,784,Reinforcement Learning,107.14,238.96,55.16,76.24,21.79
88,108,831,QoS Aware Heuristic,415.91,567.21,26.67,98.17,1.23
83,350,304,QoS Aware Heuristic,176.26,461.73,61.83,99.31,4.22
27,602,123,FCFS,241.26,330.17,26.93,80.93,22.3
32,1623,592,Round Robin,257.69,404.8,36.34,82.34,50.72
20,1190,781,Bin Packing,466.64,580.91,19.67,76.31,59.5
41,1860,505,Reinforcement Learning,363.54,550.83,34.0,74.22,45.37
25,1855,202,FCFS,116.24,350.32,66.82,99.41,74.2
83,1200,159,Reinforcement Learning,105.92,360.17,70.59,61.63,14.46
21,1478,185,Bin Packing,179.83,358.65,49.86,76.4,70.38
41,448,866,FCFS,227.27,491.0,53.71,66.05,10.93
81,564,776,Reinforcement Learning,293.81,540.08,45.6,89.05,6.96
23,854,471,Bin Packing,435.14,524.39,17.02,67.78,37.13
34,1958,778,FCFS,225.93,337.29,33.02,95.39,57.59
49,547,695,Bin Packing,250.61,468.54,46.51,74.98,11.16
22,991,301,FCFS,231.74,525.44,55.9,96.69,45.05
82,577,701,QoS Aware Heuristic,103.59,247.62,58.17,99.46,7.04
66,447,188,QoS Aware Heuristic,482.08,589.53,18.23,90.85,6.77
40,1338,536,Reinforcement Learning,155.6,422.88,63.2,84.93,33.45
88,1824,219,Round Robin,215.07,314.97,31.72,66.0,20.73
56,1336,255,Round Robin,151.72,376.07,59.66,97.32,23.86
23,1471,498,Bin Packing,296.22,354.78,16.51,91.07,63.96
48,1719,799,FCFS,472.87,527.62,10.38,71.52,35.81
11,1798,287,QoS Aware Heuristic,140.28,303.17,53.73,78.74,163.45
48,1600,873,Round Robin,276.36,490.5,43.66,62.71,33.33
72,485,151,QoS Aware Heuristic,108.95,194.56,44.0,86.36,6.74
38,889,751,Bin Packing,408.36,649.33,37.11,65.01,23.39
70,409,630,Bin Packing,356.49,438.67,18.73,86.06,5.84
73,1202,579,FCFS,379.88,563.31,32.56,86.86,16.47
59,913,686,Round Robin,288.93,416.0,30.55,72.99,15.47
14,683,329,Bin Packing,463.05,701.11,33.95,97.95,48.79
46,1314,580,Bin Packing,263.82,514.85,48.76,91.16,28.57
45,1700,229,QoS Aware Heuristic,305.63,372.15,17.87,79.87,37.78
81,1782,154,Reinforcement Learning,378.12,476.27,20.61,96.74,22.0
73,1295,370,Round Robin,308.22,581.38,46.98,94.23,17.74
14,263,199,FCFS,175.73,329.63,46.69,87.69,18.79
14,965,168,FCFS,226.83,396.01,42.72,66.12,68.93
95,641,398,QoS Aware Heuristic,136.92,228.93,40.19,79.88,6.75
64,1848,628,FCFS,273.05,571.77,52.24,94.58,28.88
55,184,453,Bin Packing,343.76,624.52,44.96,84.36,3.35
25,1891,727,Round Robin,147.41,197.92,25.52,81.82,75.64
12,803,251,FCFS,352.23,539.91,34.76,98.21,66.92
69,435,429,Round Robin,457.15,725.22,36.96,60.66,6.3
96,1376,215,FCFS,235.09,392.72,40.14,60.48,14.33
82,1855,641,Reinforcement Learning,188.81,348.01,45.75,95.71,22.62
89,1360,422,Reinforcement Learning,457.2,602.04,24.06,61.54,15.28
34,1635,662,Round Robin,376.78,433.99,13.18,73.3,48.09
89,1262,671,Reinforcement Learning,142.16,389.73,63.52,96.96,14.18
53,1370,328,Reinforcement Learning,263.24,427.44,38.41,87.65,25.85
13,1599,870,Bin Packing,369.64,552.41,33.09,85.93,123.0
21,438,459,FCFS,329.75,443.67,25.68,86.28,20.86
73,1532,104,Reinforcement Learning,347.42,593.45,41.46,72.71,20.99
62,793,127,Round Robin,326.85,575.29,43.19,81.22,12.79
61,1334,865,Bin Packing,419.22,607.45,30.99,85.2,21.87
66,753,463,Reinforcement Learning,228.17,504.33,54.76,72.23,11.41
99,974,561,Round Robin,383.38,462.35,17.08,91.81,9.84
56,1788,330,FCFS,496.43,743.09,33.19,72.87,31.93
65,822,494,Reinforcement Learning,255.98,445.63,42.56,62.86,12.65
44,1186,968,Round Robin,416.42,524.17,20.56,68.06,26.95
42,1959,811,Round Robin,198.44,281.52,29.51,76.34,46.64
47,913,943,QoS Aware Heuristic,212.76,338.01,37.06,96.32,19.43
67,1109,370,Round Robin,473.95,738.03,35.78,76.63,16.55
23,128,950,QoS Aware Heuristic,110.38,357.28,69.11,63.59,5.57
54,1348,403,FCFS,186.97,398.25,53.05,67.86,24.96
37,1351,482,FCFS,293.17,365.75,19.84,81.78,36.51
17,723,657,Bin Packing,260.74,549.45,52.55,67.11,42.53
82,361,127,QoS Aware Heuristic,351.67,478.03,26.43,62.56,4.4
66,1602,618,Round Robin,177.09,378.84,53.25,88.59,24.27
97,253,843,Bin Packing,128.22,379.0,66.17,91.37,2.61
47,1034,298,Bin Packing,247.73,330.94,25.14,94.03,22.0
53,66,705,FCFS,309.74,522.79,40.75,93.76,1.25
40,1787,181,Round Robin,324.8,382.87,15.17,75.17,44.68
14,525,187,QoS Aware Heuristic,340.6,416.05,18.13,89.38,37.5
99,1584,489,FCFS,319.46,550.25,41.94,83.34,16.0
10,1066,797,Bin Packing,198.3,287.07,30.92,60.93,106.6
61,259,854,Reinforcement Learning,405.82,566.7,28.39,76.06,4.25
5,548,679,Bin Packing,135.11,247.19,45.34,62.12,109.6
75,1475,922,Reinforcement Learning,179.34,334.65,46.41,63.33,19.67
62,478,550,FCFS,395.75,465.06,14.9,62.24,7.71
95,1151,532,QoS Aware Heuristic,211.89,450.62,52.98,98.44,12.12
25,1641,473,Round Robin,297.39,367.15,19.0,93.77,65.64
96,1153,534,Reinforcement Learning,230.88,490.36,52.92,77.56,12.01
84,1379,286,Round Robin,302.79,518.44,41.6,69.92,16.42
60,107,850,FCFS,238.66,392.81,39.24,62.9,1.78
91,1603,489,FCFS,497.68,764.3,34.88,77.25,17.62
24,1281,317,FCFS,242.99,339.52,28.43,84.01,53.38
58,1584,207,QoS Aware Heuristic,350.82,466.96,24.87,91.88,27.31
29,1208,918,Reinforcement Learning,455.34,539.62,15.62,62.06,41.66
32,1917,649,Round Robin,355.17,500.56,29.05,76.71,59.91
9,1043,448,Bin Packing,326.34,623.02,47.62,99.07,115.89
25,571,887,FCFS,327.69,417.95,21.6,64.83,22.84
22,630,621,Round Robin,298.58,556.32,46.33,76.01,28.64
51,1926,125,Round Robin,423.03,636.0,33.49,71.0,37.76
74,948,147,QoS Aware Heuristic,120.17,174.12,30.98,65.36,12.81
61,1156,958,Reinforcement Learning,454.05,740.27,38.66,93.56,18.95
97,670,469,QoS Aware Heuristic,334.52,627.29,46.67,87.88,6.91
23,1117,113,QoS Aware Heuristic,439.55,720.78,39.02,76.46,48.57
69,1556,711,Round Robin,104.16,279.59,62.75,74.76,22.55
7,1015,286,Reinforcement Learning,447.71,552.8,19.01,93.11,145.0
46,959,623,Reinforcement Learning,148.06,295.88,49.96,63.63,20.85
25,1717,983,Reinforcement Learning,388.49,592.04,34.38,65.87,68.68
44,542,990,FCFS,266.61,411.32,35.18,96.26,12.32
71,548,378,Reinforcement Learning,372.43,599.47,37.87,92.69,7.72
29,1091,440,Round Robin,351.28,600.17,41.47,91.0,37.62
59,654,427,FCFS,165.36,267.71,38.23,84.96,11.08
88,997,778,Bin Packing,305.85,457.09,33.09,71.7,11.33
56,343,733,QoS Aware Heuristic,210.89,500.33,57.85,97.39,6.12
48,1221,706,Reinforcement Learning,324.17,436.62,25.75,79.67,25.44
89,1545,124,Bin Packing,395.2,531.81,25.69,71.22,17.36
60,221,628,Reinforcement Learning,132.5,191.42,30.78,74.62,3.68
59,1636,525,QoS Aware Heuristic,306.3,439.39,30.29,60.67,27.73
91,580,128,Round Robin,347.05,489.78,29.14,70.21,6.37
74,1193,422,Round Robin,218.15,293.11,25.57,67.52,16.12
81,1909,952,QoS Aware Heuristic,481.2,531.56,9.47,65.42,23.57
91,1810,412,Bin Packing,308.12,501.97,38.62,61.29,19.89
77,115,683,FCFS,173.01,298.39,42.02,69.08,1.49
85,190,369,FCFS,143.12,197.58,27.56,64.14,2.24
70,495,861,Reinforcement Learning,316.66,581.65,45.56,61.81,7.07
23,1579,394,QoS Aware Heuristic,250.1,446.2,43.95,65.49,68.65
87,238,755,QoS Aware Heuristic,177.02,269.81,34.39,68.1,2.74
11,207,885,FCFS,112.28,378.59,70.34,76.64,18.82
67,1683,322,Bin Packing,326.64,440.04,25.77,83.35,25.12
46,719,174,QoS Aware Heuristic,339.44,446.3,23.94,72.89,15.63
46,295,201,Round Robin,156.72,430.38,63.59,65.65,6.41
63,905,631,Round Robin,340.7,435.56,21.78,97.61,14.37
24,993,728,QoS Aware Heuristic,480.79,750.54,35.94,80.59,41.38
77,797,785,Bin Packing,491.32,742.06,33.79,89.68,10.35
21,1106,984,Round Robin,455.4,582.84,21.87,87.78,52.67
31,1434,272,Bin Packing,422.83,481.43,12.17,71.4,46.26
51,1826,103,FCFS,183.75,254.39,27.77,82.39,35.8
6,379,951,Reinforcement Learning,162.57,239.95,32.25,84.09,63.17
67,561,578,FCFS,277.98,550.68,49.52,74.07,8.37
66,899,759,Reinforcement Learning,347.85,498.86,30.27,86.83,13.62
23,1860,494,Round Robin,440.27,498.4,11.66,91.63,80.87
21,1144,725,Reinforcement Learning,192.79,381.93,49.52,74.57,54.48
73,1386,932,Reinforcement Learning,291.86,393.86,25.9,60.6,18.99
43,1988,266,QoS Aware Heuristic,358.98,467.76,23.26,73.97,46.23
86,1801,399,Reinforcement Learning,278.24,368.45,24.48,64.67,20.94
75,128,217,QoS Aware Heuristic,281.68,522.19,46.06,66.22,1.71
85,218,611,Reinforcement Learning,190.05,240.2,20.88,74.64,2.56
43,859,711,QoS Aware Heuristic,494.66,654.41,24.41,68.3,19.98
40,1032,885,Round Robin,290.08,361.8,19.82,97.4,25.8
44,229,274,Round Robin,313.1,501.19,37.53,86.11,5.2
49,1701,258,Reinforcement Learning,187.42,323.92,42.14,80.73,34.71
8,309,483,Bin Packing,305.65,362.74,15.74,60.39,38.62
29,1559,326,Round Robin,202.14,367.38,44.98,64.14,53.76
73,1845,137,FCFS,180.93,373.58,51.57,91.54,25.27
34,1078,562,FCFS,210.29,322.2,34.73,75.59,31.71
80,346,530,QoS Aware Heuristic,101.1,342.48,70.48,61.82,4.32
72,669,809,Bin Packing,328.06,470.82,30.32,93.02,9.29
92,904,747,QoS Aware Heuristic,254.99,492.33,48.21,72.11,9.83
33,409,203,Reinforcement Learning,459.48,654.23,29.77,75.45,12.39
77,166,292,Round Robin,116.28,383.59,69.69,98.97,2.16
72,406,349,Bin Packing,117.28,304.01,61.42,60.62,5.64
55,1006,112,QoS Aware Heuristic,454.35,550.76,17.5,88.85,18.29
28,1916,666,QoS Aware Heuristic,150.66,406.31,62.92,97.96,68.43
18,488,955,FCFS,100.86,346.62,70.9,62.55,27.11
73,1404,696,Reinforcement Learning,171.57,464.66,63.08,94.64,19.23
22,1598,720,QoS Aware Heuristic,429.55,502.95,14.59,76.65,72.64
46,1727,654,FCFS,421.09,618.9,31.96,95.12,37.54
61,1261,487,Bin Packing,236.05,408.97,42.28,72.33,20.67
87,1354,170,QoS Aware Heuristic,367.21,584.93,37.22,99.31,15.56
16,1584,879,FCFS,302.9,597.94,49.34,85.88,99.0
86,1539,670,Reinforcement Learning,461.89,644.96,28.38,85.08,17.9
21,1188,537,Round Robin,122.57,344.0,64.37,92.24,56.57
34,1309,143,Bin Packing,425.27,562.07,24.34,77.46,38.5
92,1411,371,QoS Aware Heuristic,168.24,292.98,42.58,70.35,15.34
79,571,113,FCFS,256.65,390.47,34.27,70.52,7.23
27,248,470,QoS Aware Heuristic,176.78,236.43,25.23,73.22,9.19
85,1837,211,Round Robin,381.05,502.24,24.13,84.69,21.61
5,1123,478,QoS Aware Heuristic,371.33,464.57,20.07,93.54,224.6
83,1215,413,QoS Aware Heuristic,319.16,483.52,33.99,79.98,14.64
36,1856,514,FCFS,379.27,544.48,30.34,76.14,51.56
13,1601,839,Round Robin,355.83,597.14,40.41,91.75,123.15
19,1587,584,Bin Packing,410.58,586.15,29.95,71.59,83.53
32,719,268,FCFS,195.76,361.53,45.85,87.56,22.47
28,1103,987,Round Robin,271.57,379.48,28.44,64.23,39.39
64,1155,902,Round Robin,160.65,423.77,62.09,64.53,18.05
39,80,345,QoS Aware Heuristic,271.84,344.59,21.11,85.76,2.05
90,1821,365,Reinforcement Learning,380.68,676.25,43.71,63.31,20.23
31,1057,948,Reinforcement Learning,376.56,545.58,30.98,66.2,34.1
87,382,342,Bin Packing,383.77,480.27,20.09,84.97,4.39
80,709,769,QoS Aware Heuristic,223.51,362.09,38.27,77.53,8.86
24,226,399,Reinforcement Learning,364.89,418.73,12.86,82.45,9.42
69,419,426,FCFS,246.99,338.62,27.06,99.08,6.07
89,596,629,Bin Packing,477.8,611.63,21.88,85.28,6.7
53,584,694,QoS Aware Heuristic,237.35,425.95,44.28,83.63,11.02
5,1179,946,FCFS,341.21,423.58,19.45,75.21,235.8
14,146,842,Reinforcement Learning,400.06,619.05,35.38,85.24,10.43
51,279,441,Reinforcement Learning,462.56,723.63,36.08,60.52,5.47
63,276,864,Reinforcement Learning,275.17,468.25,41.23,82.29,4.38
66,420,778,Reinforcement Learning,244.19,368.42,33.72,62.76,6.36
90,1173,653,Round Robin,272.01,352.36,22.8,68.81,13.03
22,1518,348,Bin Packing,229.48,283.36,19.01,82.52,69.0
50,1541,859,Bin Packing,361.57,594.52,39.18,86.72,30.82
36,104,479,Reinforcement Learning,473.09,680.21,30.45,75.39,2.89
31,1268,897,Bin Packing,150.43,319.5,52.92,76.76,40.9
96,1593,631,FCFS,324.37,399.87,18.88,79.92,16.59
22,473,993,FCFS,459.06,560.82,18.14,90.36,21.5
43,364,963,Bin Packing,140.05,393.84,64.44,60.71,8.47
53,1201,480,Reinforcement Learning,297.55,467.51,36.35,77.88,22.66
97,81,141,QoS Aware Heuristic,446.09,736.8,39.46,60.57,0.84
86,142,444,Reinforcement Learning,460.18,760.17,39.46,72.77,1.65
48,568,698,Round Robin,305.74,555.92,45.0,80.79,11.83
76,1331,360,QoS Aware Heuristic,109.98,224.53,51.02,63.2,17.51
58,902,405,Round Robin,142.26,250.04,43.11,79.41,15.55
99,1975,908,Bin Packing,334.69,448.1,25.31,96.98,19.95
38,1293,961,Round Robin,149.54,446.24,66.49,87.41,34.03
75,801,339,Bin Packing,159.77,293.61,45.58,91.29,10.68
40,1179,778,Round Robin,408.85,635.46,35.66,83.22,29.48
22,1621,412,QoS Aware Heuristic,400.28,690.03,41.99,95.85,73.68
42,465,830,Round Robin,437.11,692.01,36.83,65.87,11.07
63,606,540,Reinforcement Learning,142.29,341.69,58.36,77.99,9.62
13,1883,232,Bin Packing,179.26,271.5,33.97,83.88,144.85
77,1382,818,FCFS,433.18,526.91,17.79,94.94,17.95
76,415,150,Round Robin,388.44,561.55,30.83,72.32,5.46
55,1594,717,Bin Packing,422.38,710.37,40.54,60.05,28.98
39,1532,491,FCFS,495.9,772.02,35.77,98.98,39.28
86,648,795,Bin Packing,445.77,537.32,17.04,61.04,7.53
9,1443,812,Bin Packing,308.19,430.12,28.35,66.09,160.33
18,380,622,FCFS,224.31,421.51,46.78,76.88,21.11
96,738,865,FCFS,327.87,497.23,34.06,79.85,7.69
34,1715,607,QoS Aware Heuristic,355.43,435.27,18.34,93.38,50.44
8,1780,761,Round Robin,234.12,376.45,37.81,77.91,222.5
43,60,453,Round Robin,408.37,697.05,41.41,81.9,1.4
88,867,966,Bin Packing,137.1,424.96,67.74,68.0,9.85
68,1580,494,Reinforcement Learning,411.76,601.62,31.56,82.77,23.24
29,468,195,Reinforcement Learning,112.8,321.62,64.93,73.94,16.14
32,1195,205,Bin Packing,299.19,404.67,26.07,63.95,37.34
80,960,754,QoS Aware Heuristic,444.57,680.06,34.63,97.86,12.0
70,1308,777,FCFS,134.6,197.72,31.92,63.27,18.69
82,1404,612,Bin Packing,307.1,412.27,25.51,87.12,17.12
26,1616,657,Round Robin,163.76,215.23,23.91,96.33,62.15
35,397,341,Reinforcement Learning,457.93,604.36,24.23,67.17,11.34
27,1007,955,Reinforcement Learning,432.94,695.51,37.75,69.48,37.3
52,461,587,Reinforcement Learning,473.57,769.2,38.43,77.07,8.87
24,1297,889,QoS Aware Heuristic,449.99,666.93,32.53,71.78,54.04
42,202,614,Round Robin,394.62,630.84,37.45,90.36,4.81
59,1285,753,QoS Aware Heuristic,173.96,289.65,39.94,73.53,21.78
72,141,997,FCFS,221.0,401.08,44.9,99.43,1.96
83,1994,160,Bin Packing,298.74,532.88,43.94,94.35,24.02
92,380,515,Bin Packing,335.56,509.88,34.19,95.81,4.13
93,1540,393,Reinforcement Learning,412.87,485.01,14.87,62.55,16.56
5,1933,836,Reinforcement Learning,190.78,426.0,55.22,67.05,386.6
11,1714,401,FCFS,151.31,256.2,40.94,66.77,155.82
61,1004,269,QoS Aware Heuristic,293.04,367.46,20.25,86.88,16.46
99,1782,745,Round Robin,163.14,332.65,50.96,60.48,18.0
16,1019,140,FCFS,377.49,446.14,15.39,92.26,63.69
9,603,330,Bin Packing,330.25,537.61,38.57,81.88,67.0
54,1951,508,Bin Packing,396.44,606.56,34.64,82.65,36.13
46,979,837,QoS Aware Heuristic,125.37,239.55,47.66,81.49,21.28
16,1301,750,FCFS,485.88,777.01,37.47,81.41,81.31
22,243,721,Round Robin,100.0,356.11,71.92,67.92,11.05
70,579,396,FCFS,230.18,307.58,25.16,71.33,8.27
78,894,554,FCFS,371.85,608.98,38.94,79.5,11.46
83,1316,156,QoS Aware Heuristic,118.06,256.33,53.94,87.11,15.86
98,1462,734,Round Robin,133.34,370.91,64.05,70.88,14.92
21,1349,339,Bin Packing,130.67,380.87,65.69,92.25,64.24
72,1523,697,Reinforcement Learning,332.6,420.44,20.89,92.42,21.15
75,688,275,Round Robin,458.37,673.83,31.98,70.96,9.17
66,1660,162,Bin Packing,322.17,587.85,45.2,82.4,25.15
45,1647,650,QoS Aware Heuristic,341.43,472.27,27.7,73.96,36.6
99,527,237,Round Robin,238.4,308.48,22.72,67.63,5.32
38,529,553,Round Robin,107.5,164.32,34.58,92.24,13.92
74,337,852,Bin Packing,108.65,186.15,41.63,99.66,4.55
49,747,548,Bin Packing,455.32,506.37,10.08,82.63,15.24
62,1763,325,FCFS,141.03,272.77,48.3,96.56,28.44
55,1751,542,FCFS,499.92,624.75,19.98,85.69,31.84
38,744,305,Round Robin,165.77,243.36,31.88,82.63,19.58
48,589,775,Reinforcement Learning,369.85,582.63,36.52,79.21,12.27
19,379,126,QoS Aware Heuristic,479.58,777.56,38.32,69.43,19.95
82,519,556,Bin Packing,244.92,520.15,52.91,63.37,6.33
74,1832,794,FCFS,393.77,506.98,22.33,77.69,24.76
54,898,809,QoS Aware Heuristic,240.34,482.84,50.22,82.45,16.63
36,583,948,Round Robin,221.98,506.2,56.15,80.38,16.19
71,516,206,Bin Packing,180.72,457.31,60.48,87.82,7.27
7,1026,543,Bin Packing,428.37,699.51,38.76,67.68,146.57
90,469,800,FCFS,202.95,449.56,54.86,74.17,5.21
90,1681,135,Reinforcement Learning,213.26,336.51,36.63,76.62,18.68
78,1195,696,Bin Packing,499.59,570.48,12.43,67.46,15.32
55,811,254,Reinforcement Learning,230.92,402.87,42.68,96.26,14.75
71,1055,268,QoS Aware Heuristic,269.11,332.81,19.14,87.26,14.86
80,940,895,Bin Packing,496.02,795.64,37.66,63.67,11.75
97,357,371,Bin Packing,247.72,387.3,36.04,88.51,3.68
52,973,646,Reinforcement Learning,246.46,536.04,54.02,81.91,18.71
21,383,519,FCFS,431.09,674.37,36.08,80.96,18.24
11,1003,283,Round Robin,224.77,377.59,40.47,99.59,91.18
17,1493,710,QoS Aware Heuristic,193.51,273.09,29.14,84.73,87.82
70,1399,336,Bin Packing,269.28,378.58,28.87,95.87,19.99
8,1071,608,FCFS,380.26,598.52,36.47,96.54,133.88
14,1722,540,Bin Packing,117.3,374.78,68.7,64.06,123.0
92,838,221,QoS Aware Heuristic,249.57,544.43,54.16,60.33,9.11
21,881,516,Round Robin,238.5,321.54,25.83,77.41,41.95
56,893,634,Bin Packing,197.93,286.92,31.02,90.77,15.95
10,1646,474,Reinforcement Learning,361.71,422.32,14.35,92.97,164.6
87,299,674,FCFS,216.0,331.09,34.76,91.5,3.44
73,1168,425,Round Robin,342.69,597.96,42.69,77.89,16.0
78,1369,579,Bin Packing,301.73,401.29,24.81,90.0,17.55
13,233,249,Round Robin,186.88,373.85,50.01,88.75,17.92
95,1333,806,Reinforcement Learning,206.63,368.23,43.89,72.55,14.03
81,848,691,Bin Packing,168.24,299.7,43.86,66.75,10.47
87,1740,589,Round Robin,122.65,327.24,62.52,84.86,20.0
25,235,926,Bin Packing,347.68,523.26,33.56,87.08,9.4
28,1482,252,Bin Packing,369.12,502.81,26.59,82.72,52.93
8,1142,116,Round Robin,166.4,388.61,57.18,68.53,142.75
28,887,650,Bin Packing,346.16,466.15,25.74,71.07,31.68
63,1846,944,Reinforcement Learning,492.83,703.63,29.96,88.34,29.3
7,676,447,Round Robin,129.76,419.07,69.04,98.5,96.57
72,908,558,Round Robin,296.15,528.39,43.95,97.79,12.61
44,57,301,Reinforcement Learning,393.22,547.82,28.22,80.79,1.3
52,1338,522,Reinforcement Learning,118.4,355.29,66.68,95.46,25.73
58,832,379,Reinforcement Learning,411.31,663.62,38.02,61.18,14.34
39,1557,521,Bin Packing,491.8,623.26,21.09,94.45,39.92
99,1834,699,Bin Packing,135.4,361.68,62.56,79.05,18.53
60,1690,564,QoS Aware Heuristic,428.89,587.49,27.0,91.26,28.17
93,824,911,Bin Packing,251.43,506.06,50.32,60.22,8.86
44,1809,903,Reinforcement Learning,157.65,281.49,43.99,94.74,41.11
81,1913,454,QoS Aware Heuristic,297.28,581.72,48.9,83.8,23.62
72,1056,681,Reinforcement Learning,128.61,322.31,60.1,69.61,14.67
50,1444,477,FCFS,308.84,447.17,30.93,73.9,28.88
82,1856,223,Round Robin,107.74,262.58,58.97,68.03,22.63
17,726,179,FCFS,391.44,528.39,25.92,76.98,42.71
31,1156,656,Reinforcement Learning,295.19,381.75,22.67,73.2,37.29
10,1880,332,Bin Packing,283.58,350.7,19.14,81.38,188.0
21,1719,579,Round Robin,178.48,308.92,42.22,92.59,81.86
40,260,253,Bin Packing,244.51,409.18,40.24,99.29,6.5
85,1386,791,Bin Packing,172.75,313.2,44.84,70.06,16.31
6,1677,508,Round Robin,394.16,447.64,11.95,64.26,279.5
81,1410,130,Round Robin,179.61,374.36,52.02,75.83,17.41
56,539,696,FCFS,346.7,432.9,19.91,65.74,9.62
70,1476,656,Reinforcement Learning,211.84,314.59,32.66,93.37,21.09
56,688,602,Bin Packing,362.79,442.98,18.1,80.04,12.29
96,240,470,Reinforcement Learning,316.18,496.29,36.29,84.8,2.5
47,720,422,Reinforcement Learning,269.38,343.17,21.5,66.02,15.32
94,892,431,QoS Aware Heuristic,369.2,483.29,23.61,89.98,9.49
26,384,342,FCFS,266.29,429.22,37.96,98.94,14.77
59,1595,651,Bin Packing,428.55,520.48,17.66,79.3,27.03
71,1692,529,Round Robin,391.84,553.4,29.19,98.5,23.83
64,1160,281,Round Robin,316.26,451.94,30.02,61.39,18.12
62,628,908,Reinforcement Learning,450.82,715.97,37.03,61.43,10.13
16,111,572,FCFS,431.54,680.27,36.56,98.4,6.94
92,436,475,FCFS,312.74,610.95,48.81,88.01,4.74
73,1219,180,Bin Packing,127.38,309.61,58.86,67.55,16.7
88,202,649,Bin Packing,326.4,520.25,37.26,74.55,2.3
43,668,967,Reinforcement Learning,242.1,528.76,54.21,80.31,15.53
17,1733,519,Reinforcement Learning,316.05,465.95,32.17,88.11,101.94
45,747,566,Reinforcement Learning,358.85,547.77,34.49,93.68,16.6
61,1422,527,QoS Aware Heuristic,357.94,502.71,28.8,63.31,23.31
57,1927,156,FCFS,369.41,555.88,33.55,86.26,33.81
16,227,421,Reinforcement Learning,371.71,441.9,15.88,79.07,14.19
17,1962,641,FCFS,143.71,389.66,63.12,83.9,115.41
78,896,594,Round Robin,176.68,473.0,62.65,80.34,11.49
61,536,365,Round Robin,352.22,418.66,15.87,78.03,8.79
44,1851,326,FCFS,263.27,513.53,48.73,68.22,42.07
84,1734,928,Round Robin,405.14,515.57,21.42,78.89,20.64
49,1320,903,Round Robin,149.96,249.35,39.86,67.59,26.94
39,1327,153,Round Robin,176.61,399.95,55.84,61.78,34.03
7,549,708,Bin Packing,323.39,384.42,15.88,74.95,78.43
9,590,103,Bin Packing,300.3,466.11,35.57,61.0,65.56
94,1425,538,FCFS,206.56,256.92,19.6,82.5,15.16
15,1585,409,FCFS,263.34,451.94,41.73,62.9,105.67
75,1851,978,QoS Aware Heuristic,113.99,279.51,59.22,77.5,24.68
60,62,702,Bin Packing,114.82,393.69,70.83,99.21,1.03
14,1632,188,FCFS,137.97,368.04,62.51,60.4,116.57
38,200,419,Bin Packing,330.72,412.22,19.77,74.67,5.26
71,1123,474,QoS Aware Heuristic,445.49,584.12,23.73,86.93,15.82
76,1288,703,FCFS,204.09,486.98,58.09,66.36,16.95
35,1040,600,FCFS,113.58,344.91,67.07,82.43,29.71
79,693,761,FCFS,383.45,582.02,34.12,70.33,8.77
75,421,333,FCFS,442.14,631.91,30.03,68.91,5.61
70,1186,436,Reinforcement Learning,155.27,304.79,49.06,95.8,16.94
74,301,670,Bin Packing,254.3,450.6,43.56,68.13,4.07
45,1414,284,Bin Packing,163.49,406.41,59.77,75.06,31.42
67,102,537,Bin Packing,142.54,224.42,36.49,66.78,1.52
36,1203,655,QoS Aware Heuristic,359.27,651.73,44.87,71.36,33.42
24,1909,279,Reinforcement Learning,487.01,596.85,18.4,71.72,79.54
61,242,175,Bin Packing,371.27,533.21,30.37,73.07,3.97
54,640,755,Bin Packing,493.93,549.61,10.13,85.64,11.85
84,1130,712,FCFS,273.76,461.35,40.66,89.7,13.45
29,146,992,FCFS,459.15,604.62,24.06,80.43,5.03
16,247,371,FCFS,182.03,294.47,38.18,84.42,15.44
75,1720,154,Bin Packing,147.16,443.54,66.82,92.53,22.93
43,196,800,FCFS,381.01,538.05,29.19,99.98,4.56
21,1757,962,Bin Packing,248.56,402.13,38.19,78.26,83.67
49,1648,946,QoS Aware Heuristic,227.08,392.86,42.2,97.46,33.63
15,1650,176,QoS Aware Heuristic,368.51,447.55,17.66,79.61,110.0
74,1368,395,Round Robin,233.39,381.66,38.85,91.28,18.49
27,772,318,Reinforcement Learning,329.02,463.12,28.96,82.93,28.59
95,1694,376,FCFS,219.78,386.06,43.07,95.36,17.83
74,1867,677,FCFS,413.5,677.66,38.98,77.95,25.23
42,733,747,Reinforcement Learning,224.96,323.16,30.39,87.83,17.45
6,1085,845,Reinforcement Learning,314.0,515.93,39.14,78.65,180.83
90,1991,810,Round Robin,109.27,168.68,35.22,94.28,22.12
88,382,365,Reinforcement Learning,416.69,545.89,23.67,99.77,4.34
93,1293,999,Bin Packing,348.14,516.3,32.57,69.73,13.9
83,1471,142,FCFS,176.89,245.46,27.94,78.97,17.72
97,1415,460,Reinforcement Learning,186.15,372.14,49.98,63.25,14.59
76,1871,327,Bin Packing,205.0,332.58,38.36,65.64,24.62
41,561,326,Reinforcement Learning,330.61,628.81,47.42,97.17,13.68
53,221,162,Bin Packing,319.33,527.07,39.41,81.74,4.17
56,1541,270,QoS Aware Heuristic,209.55,320.59,34.64,75.8,27.52
37,1821,861,Bin Packing,377.62,453.29,16.69,86.86,49.22
26,1239,949,Round Robin,455.62,515.8,11.67,82.41,47.65
9,1772,861,Bin Packing,117.41,190.1,38.24,71.55,196.89
22,1243,406,Reinforcement Learning,266.88,486.89,45.19,69.06,56.5
42,613,849,QoS Aware Heuristic,337.41,601.16,43.87,83.61,14.6
41,561,667,QoS Aware Heuristic,334.57,423.75,21.05,67.53,13.68
98,1904,782,Bin Packing,107.81,258.34,58.27,65.57,19.43
99,1262,133,Reinforcement Learning,184.23,322.79,42.93,72.74,12.75
68,1193,926,QoS Aware Heuristic,124.73,335.86,62.86,94.45,17.54
14,154,741,Bin Packing,327.59,423.26,22.6,61.47,11.0
83,723,229,Bin Packing,358.16,646.49,44.6,93.33,8.71
46,856,493,Bin Packing,163.9,396.04,58.62,84.84,18.61
52,1114,250,QoS Aware Heuristic,233.2,521.97,55.32,61.61,21.42
48,938,754,FCFS,231.92,351.26,33.97,84.08,19.54
86,925,729,Reinforcement Learning,427.92,624.85,31.52,77.04,10.76
91,726,815,Round Robin,177.86,410.93,56.72,93.65,7.98
20,370,483,Round Robin,319.33,547.07,41.63,96.29,18.5
58,1959,846,Reinforcement Learning,413.17,468.51,11.81,71.46,33.78
39,384,116,FCFS,431.83,731.4,40.96,91.37,9.85
32,1233,693,Reinforcement Learning,366.63,648.64,43.48,72.39,38.53
6,313,113,Bin Packing,219.81,299.75,26.67,71.83,52.17
98,914,180,Reinforcement Learning,429.22,615.11,30.22,67.71,9.33
17,1603,306,Reinforcement Learning,396.87,525.51,24.48,87.14,94.29
45,1758,303,QoS Aware Heuristic,381.79,651.51,41.4,70.47,39.07
84,1550,478,Round Robin,126.93,351.31,63.87,78.59,18.45
63,401,883,Round Robin,117.31,223.19,47.44,92.49,6.37
73,1618,643,Bin Packing,378.15,436.62,13.39,91.68,22.16
96,1846,122,Bin Packing,477.92,600.86,20.46,94.22,19.23
57,1283,713,QoS Aware Heuristic,409.49,469.02,12.69,66.44,22.51
49,1569,261,Bin Packing,432.59,517.92,16.48,83.48,32.02
24,1968,709,FCFS,317.99,527.02,39.66,96.59,82.0
28,1915,243,QoS Aware Heuristic,221.83,458.1,51.58,61.68,68.39
65,1455,203,QoS Aware Heuristic,371.09,538.09,31.04,91.78,22.38
95,725,481,Reinforcement Learning,384.79,584.86,34.21,69.85,7.63
98,1554,554,Reinforcement Learning,370.14,459.11,19.38,86.79,15.86
62,968,516,FCFS,478.68,607.88,21.25,88.7,15.61
31,54,423,QoS Aware Heuristic,246.87,475.09,48.04,97.02,1.74
30,83,270,QoS Aware Heuristic,115.86,257.08,54.93,80.35,2.77
11,1865,675,Reinforcement Learning,463.38,600.58,22.84,93.93,169.55
46,1218,855,Round Robin,164.2,262.7,37.5,61.81,26.48
51,400,682,Round Robin,378.93,577.64,34.4,76.82,7.84
57,632,373,Reinforcement Learning,449.28,701.66,35.97,77.58,11.09
63,514,551,Bin Packing,224.06,391.42,42.76,81.53,8.16
42,397,980,QoS Aware Heuristic,432.17,511.05,15.43,79.25,9.45
73,1815,224,FCFS,232.82,492.41,52.72,98.72,24.86
91,174,482,Round Robin,417.7,485.55,13.97,63.14,1.91
96,1863,416,Bin Packing,127.93,295.86,56.76,70.6,19.41
57,1344,942,QoS Aware Heuristic,362.1,477.37,24.15,98.75,23.58
19,406,206,Bin Packing,370.86,654.94,43.37,77.81,21.37
30,576,759,QoS Aware Heuristic,296.57,530.96,44.14,82.85,19.2
52,1827,562,QoS Aware Heuristic,374.84,566.44,33.83,63.24,35.13
99,547,529,Reinforcement Learning,469.27,686.21,31.61,71.36,5.53
23,1226,803,Reinforcement Learning,393.54,576.72,31.76,61.59,53.3
13,102,436,FCFS,484.52,571.42,15.21,65.5,7.85
68,198,837,FCFS,279.44,506.71,44.85,85.33,2.91
97,552,853,Bin Packing,311.32,484.49,35.74,90.54,5.69
58,919,595,Reinforcement Learning,205.5,414.08,50.37,94.8,15.84
55,1523,461,QoS Aware Heuristic,494.24,555.54,11.03,70.06,27.69
43,268,895,Reinforcement Learning,122.05,207.56,41.2,73.31,6.23
8,1698,531,QoS Aware Heuristic,243.45,440.79,44.77,82.78,212.25
7,1873,774,Reinforcement Learning,219.08,383.94,42.94,63.35,267.57
68,1350,619,QoS Aware Heuristic,254.6,361.32,29.54,92.27,19.85
33,501,958,Bin Packing,467.09,577.28,19.09,79.33,15.18
15,1501,505,Reinforcement Learning,247.22,455.13,45.68,98.62,100.07
62,132,476,Round Robin,466.79,531.53,12.18,64.69,2.13
79,1291,251,Round Robin,269.34,427.9,37.06,65.33,16.34
31,787,421,QoS Aware Heuristic,441.91,622.69,29.03,73.94,25.39
25,1855,706,Bin Packing,308.7,435.74,29.16,68.27,74.2
43,576,313,QoS Aware Heuristic,224.54,479.68,53.19,87.86,13.4
99,453,675,Bin Packing,279.74,343.93,18.66,97.87,4.58
50,339,164,FCFS,269.75,536.2,49.69,63.6,6.78
70,469,992,Reinforcement Learning,203.97,434.79,53.09,69.69,6.7
95,388,369,Bin Packing,215.86,377.42,42.81,69.52,4.08
40,826,636,QoS Aware Heuristic,174.58,455.7,61.69,80.36,20.65
79,760,199,FCFS,234.4,459.96,49.04,78.08,9.62
86,1743,204,QoS Aware Heuristic,349.76,632.52,44.7,89.07,20.27
69,1918,230,Round Robin,254.62,422.77,39.77,89.31,27.8
67,1036,488,Round Robin,384.93,548.17,29.78,82.91,15.46
39,1008,420,Reinforcement Learning,494.79,677.48,26.97,83.64,25.85
35,1492,537,Reinforcement Learning,250.84,317.2,20.92,93.69,42.63
32,1982,118,FCFS,285.06,562.18,49.29,75.88,61.94
5,1280,324,Round Robin,165.64,382.57,56.7,60.49,256.0
29,735,717,Bin Packing,256.89,461.29,44.31,68.52,25.34
47,1769,665,Round Robin,390.73,672.35,41.89,61.41,37.64
88,1338,559,Reinforcement Learning,186.96,485.37,61.48,75.74,15.2
71,1831,493,QoS Aware Heuristic,172.82,263.67,34.46,74.31,25.79
67,1109,325,FCFS,250.55,487.8,48.64,63.95,16.55
55,422,459,Round Robin,427.46,622.45,31.33,90.2,7.67
6,1561,529,Bin Packing,349.46,514.71,32.11,82.12,260.17
86,1332,114,Bin Packing,483.03,777.43,37.87,69.03,15.49
68,1043,659,Bin Packing,461.82,724.39,36.25,90.37,15.34
78,580,750,FCFS,160.45,384.64,58.29,86.72,7.44
73,973,645,Bin Packing,117.02,262.69,55.45,67.66,13.33
13,72,513,Bin Packing,259.64,476.15,45.47,99.32,5.54
6,153,454,Round Robin,308.83,491.75,37.2,67.1,25.5
38,290,556,FCFS,306.23,418.57,26.84,90.87,7.63
64,1054,821,QoS Aware Heuristic,153.64,316.24,51.42,98.73,16.47
65,952,630,QoS Aware Heuristic,149.93,252.98,40.73,89.02,14.65
35,1946,295,Bin Packing,118.74,293.85,59.59,86.63,55.6
14,1789,937,Reinforcement Learning,440.34,670.4,34.32,96.13,127.79
80,1326,214,FCFS,479.1,538.26,10.99,70.77,16.58
40,1215,516,Reinforcement Learning,146.27,387.61,62.26,71.09,30.38
89,863,451,FCFS,185.25,240.25,22.89,85.65,9.7
53,704,174,FCFS,135.95,315.27,56.88,95.29,13.28
74,1524,761,Round Robin,451.0,644.37,30.01,84.69,20.59
53,832,135,Bin Packing,483.48,723.79,33.2,99.08,15.7
7,356,341,Round Robin,204.72,444.98,53.99,68.92,50.86
78,1573,762,Reinforcement Learning,221.43,375.79,41.08,93.04,20.17
9,1695,162,Reinforcement Learning,245.07,311.66,21.37,97.09,188.33
94,57,765,QoS Aware Heuristic,300.99,524.37,42.6,77.08,0.61
65,1142,608,Round Robin,372.98,550.73,32.28,98.48,17.57
89,1775,287,Round Robin,301.76,435.02,30.63,68.09,19.94
94,1764,834,Round Robin,480.4,589.12,18.45,98.11,18.77
30,624,192,QoS Aware Heuristic,139.96,219.9,36.35,96.11,20.8
76,1141,104,Round Robin,419.44,543.23,22.79,62.65,15.01
9,1791,537,Round Robin,233.79,398.41,41.32,80.85,199.0
19,961,265,Round Robin,251.02,420.42,40.29,81.15,50.58
20,1481,545,Round Robin,383.53,579.21,33.78,62.28,74.05
5,567,124,Reinforcement Learning,471.75,612.37,22.96,61.58,113.4
20,1192,607,Bin Packing,386.48,666.45,42.01,60.2,59.6
41,1898,197,Reinforcement Learning,410.34,584.31,29.77,80.98,46.29
7,1104,367,Round Robin,400.31,556.24,28.03,78.55,157.71
56,1591,761,FCFS,228.39,290.43,21.36,97.62,28.41
51,532,492,FCFS,402.77,602.52,33.15,73.69,10.43
99,256,863,QoS Aware Heuristic,413.81,614.53,32.66,86.33,2.59
17,718,695,Reinforcement Learning,313.36,509.18,38.46,60.3,42.24
84,628,384,QoS Aware Heuristic,314.7,586.6,46.35,86.54,7.48
59,436,783,QoS Aware Heuristic,403.89,644.62,37.34,96.54,7.39
25,461,832,FCFS,426.81,693.66,38.47,74.19,18.44
70,1915,208,Reinforcement Learning,234.88,299.74,21.64,72.56,27.36
58,1443,126,Bin Packing,420.62,550.15,23.54,85.04,24.88
31,1426,857,Reinforcement Learning,425.68,555.36,23.35,73.14,46.0
42,1409,154,QoS Aware Heuristic,193.65,407.91,52.53,76.1,33.55
94,940,232,Round Robin,386.78,548.93,29.54,70.92,10.0
62,955,151,QoS Aware Heuristic,174.61,418.98,58.32,73.8,15.4
66,1362,592,Reinforcement Learning,137.22,283.33,51.57,87.18,20.64
50,1012,864,FCFS,329.82,435.22,24.22,96.9,20.24
93,1014,880,Reinforcement Learning,463.46,586.2,20.94,83.32,10.9
15,189,397,Bin Packing,114.18,209.8,45.58,60.4,12.6
76,349,498,Round Robin,430.6,530.07,18.77,70.56,4.59
12,1086,690,Round Robin,302.59,406.8,25.62,98.09,90.5
75,713,117,QoS Aware Heuristic,444.36,498.38,10.84,96.41,9.51
68,1501,917,Reinforcement Learning,437.39,666.41,34.37,64.63,22.07
25,874,869,FCFS,450.11,600.01,24.98,96.34,34.96
76,1937,954,Bin Packing,407.55,463.22,12.02,98.58,25.49
67,449,718,QoS Aware Heuristic,437.2,579.7,24.58,72.98,6.7
89,1041,658,Reinforcement Learning,170.41,446.75,61.86,88.04,11.7
68,1182,345,FCFS,221.54,399.35,44.52,82.4,17.38
24,1558,602,Reinforcement Learning,196.99,493.68,60.1,73.48,64.92
12,1961,188,FCFS,396.97,581.96,31.79,66.13,163.42
62,1429,302,Reinforcement Learning,161.46,452.16,64.29,74.68,23.05
50,198,339,Reinforcement Learning,172.89,273.34,36.75,97.11,3.96
35,1952,589,QoS Aware Heuristic,451.59,574.07,21.34,92.45,55.77
97,1789,879,Reinforcement Learning,382.35,607.34,37.05,73.23,18.44
13,356,112,Reinforcement Learning,450.15,746.86,39.73,81.91,27.38
19,1606,748,QoS Aware Heuristic,155.74,412.06,62.2,76.24,84.53
98,1133,414,QoS Aware Heuristic,259.59,448.02,42.06,78.65,11.56
30,484,784,Round Robin,213.26,284.55,25.05,90.45,16.13
14,70,841,Round Robin,103.87,244.96,57.6,81.72,5.0
33,924,297,QoS Aware Heuristic,213.81,285.42,25.09,67.24,28.0
84,431,342,Bin Packing,251.83,379.65,33.67,70.76,5.13
40,294,606,FCFS,136.89,251.59,45.59,82.71,7.35
88,1975,142,QoS Aware Heuristic,326.6,473.74,31.06,87.71,22.44
41,1146,429,Round Robin,253.27,512.59,50.59,80.32,27.95
90,1522,890,Reinforcement Learning,118.58,206.17,42.48,84.81,16.91
75,1149,690,QoS Aware Heuristic,381.59,508.11,24.9,91.58,15.32
27,747,528,QoS Aware Heuristic,391.71,506.99,22.74,81.82,27.67
45,639,890,Round Robin,433.79,557.83,22.24,99.09,14.2
97,439,843,Round Robin,294.22,434.38,32.27,69.42,4.53
84,1650,712,Bin Packing,487.46,598.54,18.56,96.79,19.64
32,1415,261,Round Robin,465.63,751.28,38.02,69.91,44.22
52,1363,755,Round Robin,320.54,475.57,32.6,81.27,26.21
42,617,720,Round Robin,277.98,356.51,22.03,78.24,14.69
35,1404,534,Reinforcement Learning,101.21,268.12,62.25,74.92,40.11
18,308,332,QoS Aware Heuristic,384.4,480.51,20.0,98.51,17.11
77,475,210,QoS Aware Heuristic,325.98,430.01,24.19,70.89,6.17
95,1775,331,Round Robin,475.02,596.28,20.34,86.99,18.68
92,1079,849,Bin Packing,337.69,418.88,19.38,92.16,11.73
81,55,808,Round Robin,497.14,727.42,31.66,67.88,0.68
94,240,372,Bin Packing,441.53,689.52,35.97,98.93,2.55
33,197,697,QoS Aware Heuristic,481.44,630.01,23.58,81.87,5.97
55,454,906,Bin Packing,231.07,453.32,49.03,96.58,8.25
53,307,140,Bin Packing,159.73,306.97,47.97,86.56,5.79
47,779,659,FCFS,418.75,509.77,17.86,85.98,16.57
96,1552,565,Bin Packing,414.48,563.77,26.48,73.82,16.17
96,139,176,Bin Packing,184.58,373.83,50.62,90.82,1.45
76,873,789,Reinforcement Learning,405.9,466.15,12.93,61.19,11.49
91,1937,589,QoS Aware Heuristic,332.79,546.41,39.1,82.23,21.29
97,59,868,Round Robin,143.81,379.46,62.1,61.29,0.61
9,1160,216,FCFS,300.71,565.7,46.84,72.27,128.89
46,1835,533,Bin Packing,472.46,548.15,13.81,63.85,39.89
11,887,118,Reinforcement Learning,302.58,352.6,14.19,96.46,80.64
46,1224,670,Reinforcement Learning,415.48,483.8,14.12,85.13,26.61
40,1037,295,Round Robin,111.56,392.59,71.58,86.74,25.92
31,674,718,Round Robin,391.23,632.62,38.16,94.05,21.74
62,79,550,QoS Aware Heuristic,478.73,737.59,35.1,89.32,1.27
50,177,524,Bin Packing,299.81,479.06,37.42,64.97,3.54
70,1151,493,Reinforcement Learning,235.08,416.76,43.59,84.7,16.44
29,470,383,FCFS,358.66,483.29,25.79,99.13,16.21
77,1128,133,QoS Aware Heuristic,466.5,727.19,35.85,68.56,14.65
31,1553,394,Bin Packing,170.71,428.15,60.13,84.79,50.1
5,354,350,Round Robin,261.48,409.52,36.15,82.54,70.8
91,595,737,Bin Packing,162.52,294.84,44.88,75.67,6.54
78,1178,438,Round Robin,298.66,533.25,43.99,98.19,15.1
46,1245,717,Bin Packing,316.17,372.71,15.17,74.26,27.07
56,1572,539,FCFS,477.68,742.67,35.68,63.75,28.07
29,71,279,QoS Aware Heuristic,265.01,426.57,37.87,98.5,2.45
58,1360,721,Round Robin,326.78,487.12,32.92,89.17,23.45
71,440,327,FCFS,454.11,671.38,32.36,73.7,6.2
10,666,732,Reinforcement Learning,228.56,440.0,48.05,71.22,66.6
62,198,718,FCFS,369.67,486.16,23.96,97.12,3.19
74,1345,742,FCFS,402.86,688.68,41.5,70.94,18.18
57,1861,122,FCFS,232.21,528.79,56.09,81.49,32.65
70,348,756,Round Robin,165.74,347.24,52.27,68.6,4.97
62,221,426,Reinforcement Learning,301.16,491.51,38.73,99.81,3.56
86,96,253,QoS Aware Heuristic,242.72,431.3,43.72,90.78,1.12
91,675,718,FCFS,206.58,378.03,45.35,82.71,7.42
6,1860,245,Round Robin,489.37,775.67,36.91,89.83,310.0
80,1889,351,Round Robin,300.86,412.05,26.98,96.65,23.61
26,256,401,QoS Aware Heuristic,442.59,519.58,14.82,98.52,9.85
41,502,169,Bin Packing,178.13,460.52,61.32,91.44,12.24
24,1468,642,Reinforcement Learning,475.78,579.04,17.83,93.96,61.17
28,974,192,Reinforcement Learning,417.77,655.06,36.22,75.91,34.79
88,803,748,FCFS,423.48,524.45,19.25,75.67,9.12
69,1374,985,Bin Packing,255.91,545.96,53.13,92.33,19.91
69,757,262,Reinforcement Learning,294.25,542.03,45.71,90.39,10.97
85,1058,180,FCFS,337.34,617.02,45.33,96.04,12.45
5,725,927,Bin Packing,415.91,703.66,40.89,65.32,145.0
98,1249,687,Round Robin,439.62,510.73,13.92,87.63,12.74
7,904,162,FCFS,131.22,289.57,54.68,85.91,129.14
50,832,711,Bin Packing,461.62,673.65,31.47,91.94,16.64
59,1183,535,QoS Aware Heuristic,475.0,725.61,34.54,60.98,20.05
79,733,147,Reinforcement Learning,337.15,447.52,24.66,93.05,9.28
92,1012,544,FCFS,174.7,453.35,61.46,73.06,11.0
90,913,173,Round Robin,427.37,532.61,19.76,87.48,10.14
68,1275,925,FCFS,319.44,585.98,45.49,84.66,18.75
49,217,803,Reinforcement Learning,426.88,605.06,29.45,77.61,4.43
30,1687,641,Reinforcement Learning,425.92,604.78,29.57,89.84,56.23
81,135,256,Bin Packing,134.69,278.19,51.58,98.45,1.67
69,1727,586,Round Robin,342.81,418.69,18.12,72.94,25.03
28,898,365,Bin Packing,293.26,430.03,31.8,89.94,32.07
78,1798,355,Round Robin,478.45,635.13,24.67,72.58,23.05
39,1124,138,FCFS,218.66,388.42,43.71,93.83,28.82
28,1185,154,FCFS,182.4,417.17,56.28,77.49,42.32
32,1536,127,Bin Packing,458.83,596.85,23.12,77.97,48.0
84,491,217,QoS Aware Heuristic,159.49,311.14,48.74,90.88,5.85
20,320,469,Reinforcement Learning,374.61,651.13,42.47,79.85,16.0
63,1650,308,Bin Packing,220.01,458.15,51.98,70.67,26.19
85,393,686,Bin Packing,327.14,382.85,14.55,99.82,4.62
58,1256,676,FCFS,346.49,599.51,42.2,84.81,21.66
83,552,948,Reinforcement Learning,266.95,564.44,52.71,85.81,6.65
20,1917,967,Bin Packing,489.99,774.93,36.77,85.86,95.85
19,1083,711,FCFS,152.73,411.72,62.9,95.33,57.0
15,543,657,FCFS,256.56,463.85,44.69,67.35,36.2
69,1307,415,Bin Packing,272.16,391.71,30.52,62.37,18.94
83,1371,492,Bin Packing,352.42,566.03,37.74,75.47,16.52
94,293,543,FCFS,262.9,486.8,45.99,82.6,3.12
72,1582,767,Bin Packing,138.81,259.2,46.45,71.43,21.97
47,1424,851,Reinforcement Learning,478.97,592.8,19.2,87.57,30.3
73,316,964,FCFS,266.43,415.66,35.9,62.96,4.33
17,1703,358,FCFS,237.07,447.36,47.01,91.63,100.18
14,1729,747,Bin Packing,278.69,401.96,30.67,88.72,123.5
79,942,981,Bin Packing,186.64,375.56,50.3,68.56,11.92
86,250,297,Bin Packing,140.09,414.9,66.24,71.94,2.91
45,288,798,Reinforcement Learning,159.43,283.21,43.71,92.28,6.4
54,1407,727,FCFS,166.66,458.15,63.62,90.93,26.06
91,964,544,QoS Aware Heuristic,179.07,347.41,48.46,92.55,10.59
75,1488,669,Reinforcement Learning,267.98,343.21,21.92,72.89,19.84
63,1018,681,Reinforcement Learning,349.56,413.32,15.43,98.78,16.16
43,533,704,FCFS,351.56,486.23,27.7,88.61,12.4
7,1510,840,QoS Aware Heuristic,100.04,214.73,53.41,62.61,215.71
80,295,748,FCFS,468.38,729.31,35.78,79.11,3.69
11,1931,716,Reinforcement Learning,429.14,663.55,35.33,86.58,175.55
53,1081,404,Bin Packing,485.58,756.72,35.83,66.75,20.4
30,201,438,FCFS,243.99,441.3,44.71,96.07,6.7
37,1465,628,FCFS,365.92,524.78,30.27,90.16,39.59
52,260,153,Bin Packing,167.21,284.85,41.3,63.26,5.0
83,416,211,QoS Aware Heuristic,426.81,622.59,31.45,96.53,5.01
6,993,783,QoS Aware Heuristic,164.55,369.06,55.41,76.17,165.5
75,1743,518,FCFS,230.39,378.63,39.15,78.1,23.24
36,1643,404,Bin Packing,296.33,580.48,48.95,91.32,45.64
8,135,537,FCFS,337.81,547.8,38.33,85.76,16.88
24,1128,755,Bin Packing,323.85,583.22,44.47,77.5,47.0
40,1786,184,Reinforcement Learning,140.84,345.94,59.29,70.38,44.65
36,1707,623,Bin Packing,268.67,397.8,32.46,80.68,47.42
32,495,351,FCFS,469.16,703.31,33.29,83.17,15.47
81,669,827,Round Robin,448.95,556.51,19.33,85.24,8.26
5,353,225,QoS Aware Heuristic,336.31,535.46,37.19,84.2,70.6
64,181,709,FCFS,328.93,479.52,31.4,84.69,2.83
60,1494,504,Bin Packing,144.67,232.14,37.68,79.03,24.9
39,953,403,Bin Packing,180.1,333.41,45.98,82.48,24.44
34,1458,127,QoS Aware Heuristic,201.06,328.63,38.82,71.55,42.88
58,1037,947,FCFS,295.28,373.34,20.91,66.33,17.88
40,1271,365,Round Robin,392.54,648.5,39.47,84.28,31.78
59,96,151,Reinforcement Learning,284.29,458.94,38.06,61.88,1.63
93,1813,754,Round Robin,150.42,287.01,47.59,62.61,19.49
84,806,743,Reinforcement Learning,275.74,451.98,38.99,69.89,9.6
62,1276,957,Reinforcement Learning,165.05,403.7,59.12,67.77,20.58
87,1334,610,FCFS,400.46,455.03,11.99,74.96,15.33
69,739,306,Reinforcement Learning,166.6,353.29,52.84,74.85,10.71
73,1097,673,Bin Packing,293.01,462.8,36.69,64.67,15.03
55,736,974,Reinforcement Learning,377.37,650.64,42.0,69.86,13.38
26,835,610,Reinforcement Learning,191.28,380.27,49.7,60.18,32.12
92,389,743,QoS Aware Heuristic,130.41,214.74,39.27,74.04,4.23
57,461,652,QoS Aware Heuristic,325.32,472.49,31.15,91.86,8.09
40,1334,300,FCFS,121.68,326.95,62.78,70.65,33.35
72,335,710,FCFS,335.11,396.59,15.5,85.73,4.65
40,1586,922,Bin Packing,401.4,672.56,40.32,63.93,39.65
56,1159,383,QoS Aware Heuristic,231.73,298.68,22.42,60.49,20.7
57,899,456,Round Robin,295.34,352.99,16.33,79.94,15.77
86,479,146,FCFS,471.5,522.0,9.67,78.46,5.57
54,1654,236,FCFS,288.44,509.38,43.37,67.66,30.63
84,80,229,QoS Aware Heuristic,498.62,662.6,24.75,71.46,0.95
45,1783,294,QoS Aware Heuristic,162.8,238.5,31.74,61.23,39.62
22,652,728,Bin Packing,383.57,647.62,40.77,91.91,29.64
26,489,463,QoS Aware Heuristic,361.05,461.73,21.8,72.05,18.81
70,1034,531,Reinforcement Learning,448.92,580.5,22.67,68.78,14.77
25,1422,168,Round Robin,136.98,231.41,40.81,92.19,56.88
48,1968,557,Reinforcement Learning,212.08,493.77,57.05,61.57,41.0
51,461,639,Reinforcement Learning,152.87,392.39,61.04,71.38,9.04
43,577,434,Reinforcement Learning,473.24,704.23,32.8,70.51,13.42
33,359,625,FCFS,270.65,331.65,18.39,70.52,10.88
58,998,657,Reinforcement Learning,464.03,644.71,28.03,60.46,17.21
94,1469,115,FCFS,217.76,411.62,47.1,97.39,15.63
89,1861,555,QoS Aware Heuristic,150.55,296.18,49.17,94.57,20.91
21,1411,609,Round Robin,218.61,349.05,37.37,76.58,67.19
84,723,308,Round Robin,338.87,601.86,43.7,77.82,8.61
64,486,257,Reinforcement Learning,438.09,493.84,11.29,80.97,7.59
35,753,436,Round Robin,254.16,460.5,44.81,79.13,21.51
77,712,838,FCFS,465.92,614.48,24.18,91.17,9.25
99,414,340,QoS Aware Heuristic,197.69,414.18,52.27,79.54,4.18
82,972,157,Reinforcement Learning,377.42,476.9,20.86,67.55,11.85
53,162,915,Bin Packing,394.29,503.95,21.76,64.68,3.06
6,1858,404,Round Robin,209.59,406.3,48.41,96.73,309.67
52,225,444,Round Robin,110.79,405.77,72.7,61.94,4.33
18,1222,741,Reinforcement Learning,246.09,539.76,54.41,95.9,67.89
63,1251,828,Round Robin,118.08,230.33,48.73,87.62,19.86
62,985,113,Round Robin,460.3,535.89,14.11,76.19,15.89
62,431,458,Bin Packing,481.41,679.0,29.1,67.49,6.95
55,1296,476,FCFS,394.15,549.15,28.23,72.42,23.56
88,1332,342,Reinforcement Learning,390.67,631.09,38.1,81.19,15.14
6,1858,244,Reinforcement Learning,196.36,378.36,48.1,86.27,309.67
45,1262,990,Bin Packing,129.57,307.22,57.83,87.66,28.04
87,355,514,Bin Packing,420.84,632.45,33.46,77.89,4.08
86,1451,493,FCFS,323.66,405.26,20.14,74.96,16.87
20,651,937,QoS Aware Heuristic,372.65,591.94,37.05,90.73,32.55
8,392,714,Reinforcement Learning,411.86,583.99,29.47,97.02,49.0
16,1847,828,Round Robin,263.77,518.81,49.16,96.58,115.44
33,205,457,FCFS,157.82,242.5,34.92,82.06,6.21
11,761,675,Reinforcement Learning,418.01,543.2,23.05,63.16,69.18
18,1128,257,FCFS,281.51,569.07,50.53,62.93,62.67
16,1839,773,QoS Aware Heuristic,430.77,619.04,30.41,76.11,114.94
9,1515,117,Reinforcement Learning,275.08,557.41,50.65,89.31,168.33
85,1758,827,Round Robin,186.81,409.07,54.33,79.89,20.68
36,1273,930,Reinforcement Learning,168.4,450.01,62.58,85.09,35.36
78,452,660,FCFS,397.57,527.03,24.56,93.73,5.79
47,663,667,QoS Aware Heuristic,329.96,402.59,18.04,61.61,14.11
85,846,446,FCFS,261.84,512.4,48.9,96.95,9.95
73,1736,157,FCFS,296.85,547.97,45.83,73.24,23.78
49,672,254,Bin Packing,319.86,524.57,39.02,61.87,13.71
13,1851,666,FCFS,195.77,390.66,49.89,93.42,142.38
53,652,586,QoS Aware Heuristic,251.27,530.0,52.59,97.37,12.3
37,226,952,Round Robin,216.96,311.08,30.26,90.74,6.11
22,498,630,Bin Packing,255.37,459.5,44.42,92.18,22.64
13,792,586,FCFS,300.22,362.66,17.22,94.85,60.92
66,1614,250,Reinforcement Learning,169.34,254.56,33.48,80.89,24.45
61,350,458,Bin Packing,257.41,416.73,38.23,87.22,5.74
33,756,467,QoS Aware Heuristic,254.2,509.5,50.11,71.46,22.91
82,356,719,Reinforcement Learning,214.4,447.68,52.11,69.99,4.34
29,800,146,QoS Aware Heuristic,499.4,792.92,37.02,84.36,27.59
19,918,306,Reinforcement Learning,129.45,190.66,32.1,89.38,48.32
10,1969,974,Round Robin,357.18,502.52,28.92,75.89,196.9
46,1340,549,QoS Aware Heuristic,169.78,259.48,34.57,76.01,29.13
33,263,582,Reinforcement Learning,435.81,495.05,11.97,98.17,7.97
83,1667,951,QoS Aware Heuristic,465.68,581.78,19.96,80.74,20.08
97,1713,739,Bin Packing,260.59,371.71,29.89,99.45,17.66
8,532,796,QoS Aware Heuristic,429.39,584.4,26.52,94.51,66.5
86,1335,669,QoS Aware Heuristic,199.96,284.98,29.83,85.59,15.52
61,1140,242,Reinforcement Learning,156.03,328.17,52.45,60.37,18.69
53,1647,499,QoS Aware Heuristic,226.35,506.37,55.3,71.84,31.08
48,182,196,Round Robin,236.67,473.72,50.04,76.71,3.79
84,1722,146,FCFS,258.94,519.48,50.15,86.11,20.5
79,1613,290,Bin Packing,249.18,500.36,50.2,75.82,20.42
18,561,239,Reinforcement Learning,264.46,411.87,35.79,93.11,31.17
7,260,714,QoS Aware Heuristic,384.01,611.25,37.18,86.52,37.14
66,1037,330,QoS Aware Heuristic,198.23,436.79,54.62,73.89,15.71
68,1036,439,QoS Aware Heuristic,107.43,208.84,48.56,91.38,15.24
49,766,590,Bin Packing,295.87,560.94,47.25,72.12,15.63
86,302,148,FCFS,279.32,443.76,37.06,62.51,3.51
62,87,998,Round Robin,124.03,178.12,30.37,66.9,1.4
24,1116,723,Round Robin,153.52,364.37,57.87,60.11,46.5
62,678,552,Reinforcement Learning,303.97,523.16,41.9,93.29,10.94
93,1478,415,FCFS,193.9,381.84,49.22,85.08,15.89
61,1036,421,FCFS,451.04,554.14,18.61,82.82,16.98
81,1775,186,Bin Packing,169.32,339.89,50.18,86.48,21.91
72,95,993,QoS Aware Heuristic,108.05,258.08,58.13,86.14,1.32
82,1527,573,FCFS,279.03,572.7,51.28,82.62,18.62
96,1751,381,QoS Aware Heuristic,494.47,750.64,34.13,93.7,18.24
56,354,938,Bin Packing,353.55,594.02,40.48,77.64,6.32
41,1788,863,Reinforcement Learning,241.61,336.88,28.28,92.19,43.61
12,282,173,Reinforcement Learning,106.75,239.51,55.43,91.47,23.5
48,294,552,QoS Aware Heuristic,293.98,438.91,33.02,67.98,6.12
9,1794,146,QoS Aware Heuristic,182.59,355.75,48.67,78.15,199.33
73,809,687,FCFS,359.1,416.66,13.81,93.4,11.08
35,1368,195,Bin Packing,333.2,531.45,37.3,93.23,39.09
49,888,130,Reinforcement Learning,206.09,345.55,40.36,60.96,18.12
13,1456,633,FCFS,127.55,317.97,59.89,68.92,112.0
36,207,116,Round Robin,402.01,454.25,11.5,76.95,5.75
37,1478,311,FCFS,334.19,464.55,28.06,61.89,39.95
71,1074,759,QoS Aware Heuristic,436.85,679.02,35.66,70.42,15.13
34,266,334,Round Robin,203.92,379.19,46.22,70.33,7.82
80,977,491,FCFS,361.14,608.36,40.64,68.58,12.21
33,556,453,Bin Packing,147.47,372.21,60.38,75.87,16.85
7,810,404,Reinforcement Learning,216.72,480.45,54.89,92.52,115.71
94,953,698,Round Robin,362.62,414.48,12.51,69.76,10.14
61,630,649,Bin Packing,430.23,545.56,21.14,83.28,10.33
34,1103,664,FCFS,228.37,415.57,45.05,82.3,32.44
13,676,639,QoS Aware Heuristic,419.54,704.79,40.47,92.72,52.0
30,569,688,QoS Aware Heuristic,371.1,591.05,37.21,75.76,18.97
6,1954,608,Bin Packing,239.47,403.62,40.67,68.94,325.67
66,324,811,QoS Aware Heuristic,450.56,533.1,15.48,95.66,4.91
7,541,494,Reinforcement Learning,303.69,476.99,36.33,93.32,77.29
50,876,530,Bin Packing,359.3,519.57,30.85,84.86,17.52
72,1000,784,Bin Packing,298.25,542.86,45.06,63.73,13.89
29,975,885,QoS Aware Heuristic,281.09,434.43,35.3,60.64,33.62
55,896,661,Bin Packing,439.19,568.9,22.8,67.3,16.29
17,1109,956,FCFS,217.88,290.31,24.95,67.87,65.24
48,1384,276,Round Robin,114.65,176.28,34.96,65.45,28.83
39,1117,505,Round Robin,451.91,611.69,26.12,70.49,28.64
59,1228,400,QoS Aware Heuristic,430.01,566.73,24.12,73.52,20.81
91,1150,544,Reinforcement Learning,246.62,435.45,43.36,90.18,12.64
13,1663,838,Reinforcement Learning,174.18,402.16,56.69,88.38,127.92
6,1686,226,QoS Aware Heuristic,370.21,430.21,13.95,64.18,281.0
65,1511,448,QoS Aware Heuristic,131.5,305.55,56.96,99.08,23.25
45,1505,120,Bin Packing,269.5,534.99,49.63,90.09,33.44
48,1615,810,Reinforcement Learning,134.34,298.13,54.94,66.54,33.65
68,88,800,Round Robin,339.16,519.47,34.71,64.98,1.29
35,288,943,QoS Aware Heuristic,110.88,282.58,60.76,63.5,8.23
51,1086,519,Round Robin,351.7,499.15,29.54,89.27,21.29
6,171,251,Round Robin,369.28,446.81,17.35,69.45,28.5
86,193,259,Reinforcement Learning,294.86,376.45,21.67,62.92,2.24
81,733,958,Round Robin,170.0,264.77,35.79,76.87,9.05
73,504,579,Bin Packing,140.56,388.7,63.84,88.35,6.9
62,417,542,Bin Packing,225.32,344.15,34.53,72.18,6.73
48,808,195,Reinforcement Learning,286.08,573.11,50.08,79.31,16.83
78,296,451,Bin Packing,356.88,609.42,41.44,67.71,3.79
60,972,174,QoS Aware Heuristic,100.5,321.64,68.75,77.17,16.2
47,1118,977,Reinforcement Learning,384.43,614.53,37.44,74.36,23.79
93,814,693,Round Robin,385.08,446.99,13.85,77.36,8.75
38,424,739,QoS Aware Heuristic,277.82,469.92,40.88,78.63,11.16
34,1364,458,Reinforcement Learning,237.36,522.62,54.58,63.69,40.12
75,256,232,Round Robin,436.92,496.7,12.04,63.73,3.41
74,1997,499,Round Robin,413.83,536.58,22.88,70.42,26.99
59,568,238,Round Robin,493.31,556.19,11.31,64.63,9.63
71,291,345,Round Robin,248.77,441.21,43.62,70.11,4.1
17,1695,390,Round Robin,462.73,541.78,14.59,60.98,99.71
7,1187,211,Reinforcement Learning,134.96,304.77,55.72,74.03,169.57
30,868,814,Bin Packing,264.59,494.58,46.5,68.54,28.93
61,351,269,Round Robin,286.15,377.26,24.15,95.69,5.75
28,1349,698,QoS Aware Heuristic,276.35,515.19,46.36,94.33,48.18
57,1169,730,Reinforcement Learning,350.04,415.09,15.67,72.02,20.51
74,1367,709,FCFS,168.08,255.49,34.21,79.02,18.47
47,750,339,Bin Packing,446.58,566.61,21.18,98.23,15.96
64,1433,436,QoS Aware Heuristic,320.71,569.73,43.71,80.96,22.39
62,337,237,Round Robin,461.68,724.21,36.25,93.94,5.44
53,203,693,Reinforcement Learning,101.05,206.14,50.98,93.05,3.83
46,1643,335,Reinforcement Learning,352.0,425.95,17.36,97.65,35.72
80,472,747,Round Robin,264.98,526.97,49.72,72.23,5.9
70,1989,893,QoS Aware Heuristic,302.04,514.38,41.28,61.74,28.41
15,899,102,Reinforcement Learning,397.52,486.98,18.37,64.16,59.93
94,99,670,Bin Packing,190.86,380.29,49.81,82.85,1.05
22,1280,215,QoS Aware Heuristic,181.96,450.05,59.57,81.21,58.18
89,613,571,Round Robin,381.2,448.58,15.02,71.94,6.89
56,903,230,QoS Aware Heuristic,308.55,379.48,18.69,69.95,16.12
50,932,997,QoS Aware Heuristic,193.46,311.86,37.97,88.38,18.64
48,711,582,FCFS,293.61,506.68,42.05,73.62,14.81
26,614,500,Round Robin,283.82,378.32,24.98,84.16,23.62
57,262,300,Bin Packing,376.58,630.67,40.29,88.49,4.6
63,1139,391,Round Robin,101.06,338.67,70.16,77.22,18.08
98,1305,441,FCFS,334.7,524.95,36.24,67.74,13.32
34,1958,709,Round Robin,342.27,421.29,18.76,94.43,57.59
12,860,315,Round Robin,398.2,695.25,42.73,63.74,71.67
61,899,735,Bin Packing,455.69,628.2,27.46,93.18,14.74
77,1736,684,FCFS,276.08,439.1,37.13,93.47,22.55
24,1790,465,Round Robin,237.01,535.9,55.77,82.84,74.58
29,1393,989,Round Robin,140.93,406.9,65.36,85.18,48.03
23,1840,741,Reinforcement Learning,234.73,398.82,41.14,74.32,80.0
9,1210,568,Round Robin,127.39,282.09,54.84,93.66,134.44
79,930,517,Bin Packing,421.13,495.11,14.94,70.55,11.77
83,1720,126,Reinforcement Learning,422.8,704.43,39.98,82.39,20.72
76,1639,776,FCFS,266.9,527.84,49.44,60.07,21.57
87,1138,554,QoS Aware Heuristic,203.86,331.36,38.48,97.59,13.08
91,1587,679,Bin Packing,147.21,385.54,61.82,97.93,17.44
31,1205,113,FCFS,440.49,681.17,35.33,88.42,38.87
44,383,197,Reinforcement Learning,451.0,557.98,19.17,76.93,8.7
30,81,378,QoS Aware Heuristic,206.52,409.93,49.62,67.14,2.7
31,917,589,FCFS,348.7,462.46,24.6,79.7,29.58
66,947,982,Bin Packing,203.46,450.93,54.88,91.66,14.35
87,1945,858,Reinforcement Learning,190.05,278.5,31.76,84.21,22.36
54,1571,723,Bin Packing,108.48,325.71,66.69,81.1,29.09
46,1316,306,Bin Packing,330.86,462.36,28.44,93.98,28.61
33,1265,963,Reinforcement Learning,159.98,219.03,26.96,72.53,38.33
43,1215,945,Round Robin,104.95,185.88,43.54,94.4,28.26
64,1733,332,Bin Packing,141.94,355.66,60.09,77.58,27.08
45,650,672,Reinforcement Learning,225.51,335.49,32.78,60.1,14.44
37,1634,696,Bin Packing,367.67,575.43,36.11,89.28,44.16
87,1721,794,Round Robin,181.05,334.76,45.92,95.11,19.78
87,1037,338,Reinforcement Learning,455.04,678.22,32.91,79.37,11.92
20,1264,349,FCFS,215.4,388.64,44.58,78.19,63.2
27,1222,682,FCFS,232.49,359.63,35.35,92.22,45.26
11,648,839,FCFS,187.19,273.64,31.59,95.39,58.91
30,1489,696,QoS Aware Heuristic,201.52,336.79,40.16,98.98,49.63
16,569,405,Bin Packing,129.65,338.37,61.68,73.83,35.56
76,1808,562,Bin Packing,217.91,453.03,51.9,83.79,23.79
9,918,882,Reinforcement Learning,443.85,533.93,16.87,92.92,102.0
96,65,901,QoS Aware Heuristic,375.37,591.44,36.53,81.27,0.68
73,1881,335,Bin Packing,450.11,544.93,17.4,78.47,25.77
53,1179,390,Reinforcement Learning,141.94,247.39,42.63,82.88,22.25
30,332,138,Round Robin,282.25,465.08,39.31,74.27,11.07
9,1177,817,Bin Packing,191.7,314.0,38.95,67.68,130.78
26,410,282,Bin Packing,388.49,603.89,35.67,62.67,15.77
83,1731,798,Round Robin,488.1,777.04,37.18,84.4,20.86
17,1108,744,Round Robin,426.14,513.36,16.99,75.17,65.18
32,162,129,Bin Packing,114.11,306.74,62.8,95.32,5.06
37,357,487,Round Robin,226.66,507.48,55.34,68.92,9.65
27,1984,866,Reinforcement Learning,111.43,205.56,45.79,72.43,73.48
22,1008,242,Bin Packing,116.07,257.78,54.97,98.82,45.82
34,1126,714,Bin Packing,131.81,212.71,38.03,82.25,33.12
30,1932,518,FCFS,210.53,421.04,50.0,73.87,64.4
20,1154,173,Bin Packing,221.68,438.97,49.5,94.44,57.7
81,1689,154,FCFS,260.18,476.23,45.37,89.74,20.85
43,883,847,Round Robin,261.97,447.5,41.46,82.93,20.53
37,1442,671,Round Robin,408.56,645.13,36.67,95.56,38.97
30,291,123,Reinforcement Learning,156.56,215.53,27.36,63.76,9.7
52,80,121,FCFS,163.1,452.48,63.95,75.78,1.54
69,1902,527,Bin Packing,350.64,456.16,23.13,92.42,27.57
42,753,131,FCFS,328.7,409.09,19.65,75.44,17.93
6,918,962,Round Robin,161.6,446.88,63.84,97.07,153.0
10,1434,438,Round Robin,440.91,698.52,36.88,66.1,143.4
50,282,614,Reinforcement Learning,231.62,472.84,51.02,73.47,5.64
54,1683,611,Round Robin,246.79,322.98,23.59,77.03,31.17
42,1107,169,FCFS,268.18,520.06,48.43,87.48,26.36
92,1316,771,Bin Packing,229.08,431.34,46.89,67.81,14.3
22,1000,997,Bin Packing,322.98,555.96,41.91,60.39,45.45
31,108,187,FCFS,255.46,549.98,53.55,99.06,3.48
45,820,976,Reinforcement Learning,203.77,302.38,32.61,95.95,18.22
76,1602,670,Bin Packing,461.79,637.89,27.61,72.01,21.08
96,1151,863,FCFS,223.34,461.68,51.62,79.34,11.99
78,767,318,FCFS,379.4,537.81,29.45,79.56,9.83
21,351,812,Round Robin,238.89,302.55,21.04,94.77,16.71
66,1751,688,Round Robin,274.09,351.95,22.12,83.88,26.53
33,852,866,Reinforcement Learning,194.38,394.9,50.78,93.06,25.82
62,946,858,Reinforcement Learning,400.93,522.18,23.22,96.48,15.26
74,161,369,Reinforcement Learning,394.88,479.34,17.62,82.64,2.18
82,1486,918,FCFS,108.9,243.87,55.35,71.42,18.12
26,1973,750,FCFS,124.08,224.33,44.69,79.95,75.88
10,366,177,Round Robin,468.95,524.93,10.66,94.03,36.6
30,1938,691,Bin Packing,455.53,543.48,16.18,83.34,64.6
43,1218,109,Reinforcement Learning,302.43,573.2,47.24,95.83,28.33
16,717,567,QoS Aware Heuristic,297.34,350.35,15.13,95.82,44.81
18,739,435,Reinforcement Learning,424.97,668.43,36.42,74.93,41.06
26,1931,735,Round Robin,155.38,393.75,60.54,77.92,74.27
55,1721,285,FCFS,361.48,552.54,34.58,87.12,31.29
27,1900,645,Round Robin,290.39,392.5,26.02,64.44,70.37
52,67,220,Round Robin,397.33,666.84,40.42,78.62,1.29
75,1424,691,Round Robin,112.04,280.81,60.1,65.98,18.99
54,1228,817,QoS Aware Heuristic,337.09,430.39,21.68,93.92,22.74
93,1857,664,QoS Aware Heuristic,322.69,479.95,32.77,97.71,19.97
17,1579,767,Reinforcement Learning,436.34,535.07,18.45,65.66,92.88
89,827,373,FCFS,370.73,514.73,27.98,86.69,9.29
14,409,509,Round Robin,452.06,626.23,27.81,85.46,29.21
59,381,457,Bin Packing,454.91,594.89,23.53,90.4,6.46
13,1991,746,Reinforcement Learning,263.27,477.53,44.87,87.83,153.15
83,577,197,Reinforcement Learning,154.97,438.95,64.7,68.69,6.95
56,61,340,Round Robin,352.11,489.15,28.02,71.65,1.09
6,1148,656,Reinforcement Learning,449.5,588.43,23.61,66.61,191.33
29,261,810,Round Robin,129.98,364.56,64.35,96.85,9.0
17,1764,902,Reinforcement Learning,323.17,505.82,36.11,80.87,103.76
55,690,213,FCFS,146.0,303.21,51.85,99.05,12.55
62,332,586,Reinforcement Learning,110.8,364.25,69.58,77.97,5.35
38,1268,888,Reinforcement Learning,371.85,644.61,42.31,82.11,33.37
39,829,340,Bin Packing,372.74,570.39,34.65,91.57,21.26
7,1103,255,FCFS,340.26,436.54,22.06,91.89,157.57
63,1082,451,FCFS,443.69,610.26,27.29,69.25,17.17
74,1382,143,FCFS,132.35,308.44,57.09,71.53,18.68
52,1518,691,Reinforcement Learning,142.1,300.15,52.66,63.91,29.19
68,1383,411,QoS Aware Heuristic,445.81,561.42,20.59,92.22,20.34
23,726,237,Reinforcement Learning,301.31,469.39,35.81,91.75,31.57
71,754,762,Round Robin,209.22,370.86,43.59,63.25,10.62
86,475,535,Bin Packing,395.26,497.63,20.57,70.3,5.52
77,1890,853,FCFS,457.76,733.62,37.6,77.99,24.55
80,1845,242,Round Robin,375.84,647.18,41.93,81.67,23.06
9,1777,922,Round Robin,416.77,656.67,36.53,80.9,197.44
71,640,398,QoS Aware Heuristic,213.0,363.24,41.36,99.32,9.01
15,1764,661,FCFS,215.51,358.1,39.82,90.57,117.6
98,140,361,Reinforcement Learning,445.65,674.77,33.96,64.53,1.43
72,505,611,FCFS,345.95,547.98,36.87,71.74,7.01
73,493,772,Bin Packing,193.67,393.82,50.82,73.82,6.75
5,1800,161,FCFS,309.66,390.69,20.74,72.61,360.0
95,128,666,Round Robin,374.34,578.91,35.34,91.44,1.35
96,1548,522,Round Robin,187.42,462.89,59.51,74.42,16.12
67,976,495,Reinforcement Learning,361.96,433.41,16.49,79.7,14.57
33,152,983,Reinforcement Learning,116.86,251.65,53.56,81.34,4.61
86,672,130,Reinforcement Learning,221.48,398.73,44.45,70.82,7.81
16,1529,429,Bin Packing,369.59,591.09,37.47,72.91,95.56
81,1039,901,FCFS,159.74,232.15,31.19,91.2,12.83
45,1387,268,QoS Aware Heuristic,188.88,457.08,58.68,94.67,30.82
6,1320,365,FCFS,451.64,511.78,11.75,61.48,220.0
41,283,407,Reinforcement Learning,369.73,634.15,41.7,84.21,6.9
49,1667,558,Bin Packing,299.57,356.48,15.96,85.34,34.02
84,693,284,FCFS,184.36,272.74,32.4,89.49,8.25
52,1308,433,Round Robin,236.56,486.64,51.39,87.75,25.15
28,839,614,FCFS,329.73,594.77,44.56,95.1,29.96
26,436,540,Round Robin,162.13,457.7,64.58,63.14,16.77
15,896,772,FCFS,292.7,371.63,21.24,75.53,59.73
62,1684,490,FCFS,263.59,445.2,40.79,91.28,27.16
50,87,871,FCFS,290.67,359.96,19.25,93.86,1.74
33,1234,659,Reinforcement Learning,142.22,231.32,38.52,70.59,37.39
39,1535,353,Round Robin,142.6,236.22,39.63,83.41,39.36
19,1522,685,Bin Packing,485.64,551.49,11.94,67.23,80.11
64,1190,434,QoS Aware Heuristic,491.75,764.99,35.72,94.04,18.59
99,290,499,Round Robin,270.47,352.06,23.18,89.22,2.93
46,1099,265,Reinforcement Learning,415.6,622.94,33.28,68.88,23.89
47,1721,359,Round Robin,362.32,568.76,36.3,84.95,36.62
84,611,103,Bin Packing,146.77,246.43,40.44,80.37,7.27
78,855,987,Round Robin,218.67,518.27,57.81,70.35,10.96
53,1979,218,Reinforcement Learning,225.46,362.3,37.77,95.72,37.34
68,347,569,Reinforcement Learning,338.31,614.58,44.95,65.91,5.1
36,854,569,QoS Aware Heuristic,331.99,619.06,46.37,78.7,23.72
68,203,884,Bin Packing,469.4,756.65,37.96,83.31,2.99
6,781,592,QoS Aware Heuristic,416.01,654.22,36.41,92.94,130.17
28,1725,837,FCFS,442.74,556.19,20.4,66.01,61.61
91,517,963,Reinforcement Learning,456.49,536.65,14.94,84.37,5.68
70,98,599,QoS Aware Heuristic,420.51,612.98,31.4,60.26,1.4
42,1727,169,Reinforcement Learning,233.15,373.16,37.52,92.9,41.12
35,95,793,Reinforcement Learning,186.01,443.77,58.08,69.39,2.71
30,1748,964,FCFS,328.71,564.96,41.82,88.84,58.27
33,1358,875,Reinforcement Learning,375.83,494.95,24.07,84.08,41.15
71,829,469,QoS Aware Heuristic,254.63,308.88,17.56,62.01,11.68
82,1701,280,Bin Packing,439.34,548.67,19.93,67.33,20.74
29,131,104,Round Robin,484.23,676.01,28.37,70.71,4.52
52,1117,296,QoS Aware Heuristic,327.76,397.51,17.55,95.47,21.48
69,1779,146,FCFS,282.64,497.21,43.15,79.23,25.78
57,1843,651,Round Robin,437.15,655.07,33.27,96.54,32.33
71,1004,733,Reinforcement Learning,109.71,202.06,45.7,61.9,14.14
94,322,746,QoS Aware Heuristic,151.61,350.69,56.77,60.26,3.43
22,443,239,Round Robin,438.26,640.0,31.52,97.93,20.14
13,1859,961,QoS Aware Heuristic,392.81,562.3,30.14,88.96,143.0
42,839,764,Reinforcement Learning,266.45,554.76,51.97,91.33,19.98
91,644,639,QoS Aware Heuristic,455.54,532.58,14.47,96.63,7.08
25,107,526,FCFS,240.58,392.24,38.67,99.38,4.28
69,614,688,Round Robin,353.54,624.27,43.37,63.91,8.9
25,50,786,Round Robin,353.73,500.31,29.3,66.33,2.0
31,265,660,Round Robin,173.73,329.89,47.34,67.54,8.55
74,1390,953,QoS Aware Heuristic,213.94,431.01,50.36,92.74,18.78
48,1301,409,Reinforcement Learning,466.4,682.79,31.69,74.22,27.1
32,1546,373,QoS Aware Heuristic,173.37,229.1,24.33,83.73,48.31
49,1557,638,QoS Aware Heuristic,169.43,333.35,49.17,94.21,31.78
21,815,939,Round Robin,291.85,425.23,31.37,87.33,38.81
44,720,489,Reinforcement Learning,136.88,343.8,60.19,62.62,16.36
7,1360,558,Bin Packing,457.85,646.78,29.21,77.83,194.29
80,560,832,Reinforcement Learning,140.06,352.78,60.3,62.7,7.0
80,1651,733,QoS Aware Heuristic,346.62,560.06,38.11,79.15,20.64
70,964,460,FCFS,235.91,349.63,32.53,68.77,13.77
50,1894,168,Reinforcement Learning,421.71,533.33,20.93,60.05,37.88
90,1531,682,Round Robin,335.92,478.49,29.8,92.53,17.01
91,144,761,FCFS,255.32,365.81,30.2,98.78,1.58
34,542,798,Bin Packing,493.55,714.25,30.9,98.57,15.94
73,814,530,Bin Packing,126.49,327.21,61.34,71.97,11.15
13,1071,984,FCFS,331.11,435.21,23.92,93.15,82.38
89,199,857,Bin Packing,495.83,766.86,35.34,87.15,2.24
15,1096,807,FCFS,376.38,541.55,30.5,92.0,73.07
73,805,131,QoS Aware Heuristic,395.91,477.67,17.12,93.85,11.03
95,1288,720,FCFS,112.84,216.08,47.78,99.21,13.56
70,448,964,QoS Aware Heuristic,108.55,293.51,63.02,66.07,6.4
92,459,612,Round Robin,114.44,249.05,54.05,90.79,4.99
35,180,281,Round Robin,496.69,759.5,34.6,89.37,5.14
37,904,785,Bin Packing,491.81,665.49,26.1,71.51,24.43
43,197,780,FCFS,233.8,512.62,54.39,75.7,4.58
98,430,347,QoS Aware Heuristic,216.39,291.85,25.86,67.07,4.39
50,1182,719,Round Robin,158.38,375.53,57.82,96.53,23.64
41,601,981,Round Robin,231.66,503.11,53.95,95.17,14.66
96,1194,396,Round Robin,248.06,371.29,33.19,84.56,12.44
64,344,875,Bin Packing,399.31,483.23,17.37,80.47,5.38
35,1193,129,Round Robin,446.52,610.68,26.88,69.32,34.09
15,505,401,Reinforcement Learning,398.69,689.02,42.14,91.58,33.67
91,1603,575,Bin Packing,358.59,566.96,36.75,60.33,17.62
6,218,972,FCFS,406.36,617.35,34.18,78.51,36.33
31,759,451,Reinforcement Learning,395.4,613.28,35.53,94.42,24.48
6,1996,581,Bin Packing,290.3,350.24,17.11,84.74,332.67
25,1216,416,Bin Packing,234.34,395.75,40.79,85.4,48.64
62,86,836,QoS Aware Heuristic,213.11,282.5,24.56,62.83,1.39
9,1771,496,Reinforcement Learning,371.74,500.7,25.76,71.47,196.78
56,1334,188,Reinforcement Learning,483.72,739.12,34.55,86.95,23.82
49,280,333,Reinforcement Learning,332.42,546.49,39.17,61.98,5.71
89,303,267,Round Robin,465.01,763.9,39.13,73.24,3.4
97,378,842,Round Robin,105.69,198.73,46.82,74.16,3.9
24,1976,225,FCFS,417.79,567.05,26.32,79.95,82.33
65,1370,672,FCFS,441.44,693.85,36.38,74.5,21.08
42,1029,219,FCFS,352.4,456.32,22.77,78.16,24.5
24,59,527,Round Robin,473.62,562.05,15.73,81.88,2.46
29,495,289,QoS Aware Heuristic,335.97,492.87,31.83,65.13,17.07
6,971,732,FCFS,196.21,342.14,42.65,67.22,161.83
36,885,527,Bin Packing,186.29,481.34,61.3,93.3,24.58
30,1303,659,Round Robin,322.33,486.39,33.73,78.39,43.43
74,1609,301,QoS Aware Heuristic,462.59,727.83,36.44,74.21,21.74
45,127,158,Bin Packing,128.95,400.94,67.84,77.36,2.82
71,1498,796,Bin Packing,341.76,431.23,20.75,66.99,21.1
5,242,322,Round Robin,407.92,636.75,35.94,69.59,48.4
55,450,591,Reinforcement Learning,146.16,265.56,44.96,80.62,8.18
9,158,110,QoS Aware Heuristic,146.71,220.39,33.43,74.36,17.56
17,841,892,Round Robin,246.45,515.13,52.16,79.02,49.47
23,1996,800,Reinforcement Learning,209.55,332.66,37.01,65.99,86.78
16,312,611,Round Robin,179.33,315.67,43.19,66.26,19.5
52,378,913,Round Robin,179.48,310.48,42.19,75.36,7.27
29,412,409,Bin Packing,152.27,252.34,39.66,75.15,14.21
61,1940,848,Round Robin,344.34,502.97,31.54,95.33,31.8
39,1451,133,Reinforcement Learning,375.25,532.32,29.51,61.34,37.21
80,1853,439,Bin Packing,381.17,533.36,28.53,99.71,23.16
98,1414,746,Reinforcement Learning,312.94,592.01,47.14,98.26,14.43
9,308,580,Reinforcement Learning,481.16,616.1,21.9,81.69,34.22
26,1408,673,Bin Packing,452.21,509.8,11.3,88.75,54.15
81,134,924,Reinforcement Learning,483.05,577.66,16.38,97.41,1.65
61,1595,838,FCFS,255.52,485.89,47.41,70.05,26.15
51,1874,192,Round Robin,451.11,648.82,30.47,72.63,36.75
58,1887,727,Bin Packing,405.15,693.08,41.54,64.44,32.53
7,1644,943,Bin Packing,235.99,459.6,48.65,82.55,234.86
57,357,232,FCFS,142.64,241.2,40.86,66.38,6.26
88,311,943,FCFS,373.05,453.21,17.69,97.23,3.53
35,1971,518,FCFS,154.58,334.77,53.83,77.26,56.31
73,846,567,FCFS,217.51,433.83,49.86,96.79,11.59
92,680,904,QoS Aware Heuristic,300.15,391.56,23.35,68.2,7.39
37,729,543,Bin Packing,371.95,572.37,35.02,87.76,19.7
76,914,804,Reinforcement Learning,470.49,736.75,36.14,85.9,12.03
92,1774,129,Bin Packing,337.3,569.19,40.74,75.99,19.28
54,1525,397,Bin Packing,368.57,584.62,36.96,95.93,28.24
88,1324,160,Bin Packing,224.01,471.34,52.47,77.39,15.05
20,373,557,FCFS,374.92,450.94,16.86,67.94,18.65
80,974,403,FCFS,275.12,376.08,26.85,99.08,12.18
81,1302,439,QoS Aware Heuristic,442.77,502.29,11.85,77.66,16.07
43,1775,960,Bin Packing,256.98,343.22,25.13,68.32,41.28
93,1901,547,Round Robin,287.31,565.61,49.2,74.55,20.44
50,1709,935,QoS Aware Heuristic,273.04,378.58,27.88,84.54,34.18
92,1669,401,FCFS,424.45,639.97,33.68,80.48,18.14
51,1370,980,Bin Packing,481.48,704.37,31.64,85.4,26.86
48,776,639,FCFS,230.91,442.24,47.79,86.47,16.17
13,1310,584,Reinforcement Learning,290.01,478.49,39.39,64.94,100.77
91,1027,176,FCFS,382.37,553.9,30.97,72.6,11.29
54,1698,732,FCFS,458.15,613.13,25.28,89.95,31.44
81,266,614,QoS Aware Heuristic,297.48,576.7,48.42,86.01,3.28
64,1906,648,Reinforcement Learning,143.56,195.94,26.73,63.53,29.78
19,1319,758,Round Robin,247.47,310.84,20.39,72.61,69.42
40,497,191,Round Robin,320.14,493.27,35.1,97.25,12.42
67,1920,950,Round Robin,267.01,399.64,33.19,94.48,28.66
73,368,884,Bin Packing,174.62,326.68,46.55,86.83,5.04
90,1043,565,Round Robin,114.8,414.26,72.29,62.91,11.59
84,1505,565,Bin Packing,374.96,618.74,39.4,84.28,17.92
45,1477,988,FCFS,497.09,766.44,35.14,60.49,32.82
78,1959,698,Round Robin,467.68,609.82,23.31,86.45,25.12
28,86,139,QoS Aware Heuristic,373.31,483.2,22.74,89.25,3.07
86,1649,789,Reinforcement Learning,436.61,678.61,35.66,79.89,19.17
53,780,428,Reinforcement Learning,202.29,454.18,55.46,60.15,14.72
22,1415,384,FCFS,348.97,536.44,34.95,86.66,64.32
11,1060,653,Reinforcement Learning,124.24,398.23,68.8,92.79,96.36
8,1462,896,Reinforcement Learning,382.87,674.7,43.25,83.43,182.75
94,1107,165,FCFS,487.95,655.71,25.58,88.37,11.78
73,88,735,FCFS,444.32,549.99,19.21,63.61,1.21
64,1652,756,FCFS,313.78,493.06,36.36,88.61,25.81
59,258,731,QoS Aware Heuristic,415.5,712.88,41.72,84.57,4.37
20,879,208,FCFS,477.56,600.79,20.51,73.24,43.95
94,905,514,FCFS,186.41,390.81,52.3,87.41,9.63
86,1225,191,FCFS,417.3,640.8,34.88,85.82,14.24
33,948,467,Round Robin,207.94,311.42,33.23,83.98,28.73
27,1438,919,Round Robin,450.78,647.89,30.42,67.32,53.26
18,1272,522,QoS Aware Heuristic,139.34,267.97,48.0,71.85,70.67
83,650,671,QoS Aware Heuristic,171.29,434.84,60.61,99.66,7.83
53,809,961,Reinforcement Learning,388.25,616.94,37.07,77.32,15.26
37,1908,838,Round Robin,169.91,426.48,60.16,62.38,51.57
29,1152,339,QoS Aware Heuristic,163.22,263.14,37.97,95.96,39.72
25,1550,534,QoS Aware Heuristic,322.19,380.83,15.4,66.92,62.0
21,483,311,Reinforcement Learning,433.99,696.62,37.7,76.14,23.0
27,1870,499,FCFS,207.39,354.08,41.43,71.12,69.26
61,891,709,Bin Packing,436.46,531.39,17.86,98.56,14.61
85,81,625,Reinforcement Learning,423.18,496.15,14.71,75.12,0.95
62,1160,829,Bin Packing,331.64,510.77,35.07,88.35,18.71
18,1624,567,Reinforcement Learning,358.63,446.16,19.62,83.94,90.22
97,442,269,Reinforcement Learning,116.18,307.85,62.26,61.72,4.56
24,1686,918,FCFS,246.85,478.68,48.43,75.37,70.25
34,1317,891,QoS Aware Heuristic,205.36,389.12,47.22,75.6,38.74
23,1305,974,Round Robin,160.0,435.92,63.3,99.59,56.74
57,959,309,Reinforcement Learning,255.86,344.75,25.78,92.48,16.82
60,1653,355,FCFS,241.96,415.45,41.76,94.27,27.55
81,241,782,Bin Packing,391.56,482.36,18.82,72.54,2.98
86,1989,172,QoS Aware Heuristic,339.24,608.22,44.22,73.16,23.13
27,1613,246,Reinforcement Learning,465.24,748.3,37.83,80.62,59.74
66,319,439,Bin Packing,158.16,308.16,48.68,85.24,4.83
37,787,416,Reinforcement Learning,123.9,250.34,50.51,89.13,21.27
22,126,717,Round Robin,313.84,433.67,27.63,92.83,5.73
77,784,705,Round Robin,100.41,365.34,72.52,94.93,10.18
37,933,674,QoS Aware Heuristic,415.09,635.7,34.7,60.99,25.22
36,1240,253,Bin Packing,302.39,572.54,47.18,91.84,34.44
65,333,354,Round Robin,295.23,374.61,21.19,84.43,5.12
58,1777,450,FCFS,245.0,414.01,40.82,81.28,30.64
21,1162,646,QoS Aware Heuristic,249.99,469.03,46.7,85.14,55.33
23,593,934,Reinforcement Learning,272.45,546.72,50.17,95.28,25.78
95,698,411,Bin Packing,106.41,251.91,57.76,81.81,7.35
74,1229,907,Bin Packing,133.42,261.69,49.02,66.49,16.61
38,299,864,FCFS,302.02,580.26,47.95,77.47,7.87
88,144,768,Round Robin,160.05,221.93,27.88,96.98,1.64
29,66,233,Bin Packing,411.51,581.41,29.22,92.58,2.28
72,166,228,FCFS,209.79,374.45,43.97,68.12,2.31
78,1032,535,FCFS,139.16,225.67,38.33,88.57,13.23
78,382,379,Reinforcement Learning,194.08,342.82,43.39,70.25,4.9
92,1896,457,FCFS,242.84,473.49,48.71,73.94,20.61
89,1595,982,QoS Aware Heuristic,114.13,255.85,55.39,78.76,17.92
15,1153,351,Bin Packing,156.67,284.09,44.85,77.63,76.87
95,695,234,QoS Aware Heuristic,229.54,475.01,51.68,61.17,7.32
20,1505,942,FCFS,224.19,521.37,57.0,90.96,75.25
94,1276,622,FCFS,420.15,664.99,36.82,93.86,13.57
65,165,903,QoS Aware Heuristic,437.3,698.89,37.43,81.24,2.54
98,1012,759,Reinforcement Learning,177.37,462.25,61.63,66.92,10.33
84,1293,418,FCFS,149.58,400.02,62.61,69.92,15.39
11,1326,179,QoS Aware Heuristic,353.66,648.75,45.49,65.05,120.55
20,1242,290,QoS Aware Heuristic,421.85,658.67,35.95,66.78,62.1
20,896,552,Bin Packing,485.49,700.87,30.73,95.06,44.8
44,365,443,Reinforcement Learning,102.72,326.06,68.5,79.21,8.3
16,1790,129,Round Robin,265.47,540.49,50.88,64.44,111.88
39,859,513,QoS Aware Heuristic,393.6,614.35,35.93,70.19,22.03
25,421,970,Bin Packing,431.42,671.72,35.77,97.98,16.84
54,809,467,Round Robin,124.91,228.91,45.43,80.37,14.98
47,926,840,Bin Packing,372.25,650.41,42.77,80.63,19.7
21,1026,695,Bin Packing,215.58,377.38,42.87,81.03,48.86
36,1656,601,Reinforcement Learning,129.84,220.11,41.01,64.46,46.0
45,205,761,FCFS,295.64,545.59,45.81,98.81,4.56
10,663,972,Reinforcement Learning,163.26,302.36,46.0,63.38,66.3
92,1086,800,Round Robin,394.8,490.83,19.56,88.0,11.8
31,557,120,Reinforcement Learning,396.5,510.56,22.34,62.31,17.97
24,514,648,FCFS,436.83,495.57,11.85,77.74,21.42
29,832,345,Reinforcement Learning,251.03,323.69,22.45,95.99,28.69
70,853,382,Reinforcement Learning,105.32,303.48,65.3,90.74,12.19
13,269,713,Reinforcement Learning,203.89,470.44,56.66,73.39,20.69
96,64,905,QoS Aware Heuristic,287.12,449.25,36.09,82.05,0.67
57,1823,331,QoS Aware Heuristic,377.6,584.11,35.35,66.61,31.98
65,166,415,Reinforcement Learning,252.82,505.25,49.96,98.24,2.55
42,380,937,FCFS,314.42,453.61,30.68,88.35,9.05
7,105,899,FCFS,309.71,523.29,40.81,74.97,15.0
88,1424,435,FCFS,165.99,303.6,45.33,72.72,16.18
74,1205,510,FCFS,349.22,559.9,37.63,69.55,16.28
59,1299,344,Bin Packing,275.7,380.1,27.47,91.46,22.02
5,357,486,Reinforcement Learning,423.17,717.63,41.03,77.38,71.4
74,1548,788,Reinforcement Learning,376.24,445.28,15.5,73.21,20.92
49,1979,824,Bin Packing,144.59,320.9,54.94,96.21,40.39
51,271,457,FCFS,295.5,417.07,29.15,66.01,5.31
83,1246,713,Round Robin,381.0,581.21,34.45,70.55,15.01
30,1413,897,Round Robin,134.8,291.88,53.82,73.79,47.1
18,846,121,Bin Packing,417.0,543.67,23.3,70.39,47.0
58,1579,118,Round Robin,188.8,301.31,37.34,83.42,27.22
75,1894,386,QoS Aware Heuristic,301.23,396.85,24.09,84.04,25.25
50,1230,375,Reinforcement Learning,476.22,721.94,34.04,62.19,24.6
35,200,758,Round Robin,328.53,434.08,24.32,65.78,5.71
92,1770,997,QoS Aware Heuristic,269.62,513.0,47.44,67.94,19.24
63,1251,651,Reinforcement Learning,102.72,273.98,62.51,62.81,19.86
99,1606,778,QoS Aware Heuristic,153.37,221.43,30.74,64.99,16.22
33,161,702,Reinforcement Learning,331.47,422.83,21.61,69.59,4.88
21,732,171,Reinforcement Learning,297.53,570.76,47.87,73.82,34.86
18,1211,464,Round Robin,245.53,446.23,44.98,91.65,67.28
40,1306,894,Bin Packing,469.29,565.37,16.99,68.72,32.65
62,381,434,Round Robin,232.99,458.93,49.23,86.8,6.15
28,1615,751,FCFS,314.86,570.68,44.83,62.32,57.68
67,942,850,QoS Aware Heuristic,327.49,460.15,28.83,86.33,14.06
95,1380,689,FCFS,310.99,500.14,37.82,91.79,14.53
29,210,298,Reinforcement Learning,291.03,414.39,29.77,84.19,7.24
63,1475,116,Round Robin,234.83,304.85,22.97,68.06,23.41
36,1663,317,FCFS,463.51,613.39,24.43,73.22,46.19
86,327,840,FCFS,280.32,518.18,45.9,92.21,3.8
22,1393,951,FCFS,311.38,476.05,34.59,77.28,63.32
41,1606,749,Reinforcement Learning,362.59,513.91,29.44,70.21,39.17
30,946,246,Reinforcement Learning,127.06,268.56,52.69,97.31,31.53
13,546,309,Reinforcement Learning,412.52,577.25,28.54,85.49,42.0
68,1436,769,FCFS,305.0,434.56,29.81,92.23,21.12
76,1445,513,QoS Aware Heuristic,362.87,565.92,35.88,60.98,19.01
24,1965,764,Round Robin,408.8,474.69,13.88,73.57,81.88
58,704,955,Round Robin,449.64,701.49,35.9,78.36,12.14
90,1109,429,Reinforcement Learning,256.89,350.18,26.64,83.5,12.32
87,352,994,FCFS,424.57,632.93,32.92,67.6,4.05
34,487,969,QoS Aware Heuristic,203.53,366.0,44.39,79.92,14.32
57,775,451,Bin Packing,364.13,607.5,40.06,87.43,13.6
96,1105,262,Reinforcement Learning,141.08,397.61,64.52,73.84,11.51
67,235,918,Bin Packing,108.01,209.06,48.34,87.66,3.51
15,1247,200,Round Robin,138.31,357.6,61.32,75.59,83.13
35,1639,426,Round Robin,227.75,325.23,29.97,78.78,46.83
53,722,426,QoS Aware Heuristic,112.44,193.44,41.87,65.37,13.62
98,1323,254,QoS Aware Heuristic,352.2,634.77,44.52,86.05,13.5
91,1050,109,Bin Packing,226.62,317.72,28.67,68.97,11.54
23,1836,452,Round Robin,394.55,501.58,21.34,93.15,79.83
16,328,282,QoS Aware Heuristic,118.37,200.95,41.09,82.14,20.5
19,732,554,QoS Aware Heuristic,186.68,354.25,47.3,82.41,38.53
35,1768,745,Round Robin,263.2,543.1,51.54,96.5,50.51
47,1075,105,Round Robin,253.06,369.07,31.43,66.7,22.87
41,1267,432,FCFS,152.4,337.86,54.89,81.21,30.9
83,1239,432,QoS Aware Heuristic,497.65,650.51,23.5,75.29,14.93
33,1832,357,Bin Packing,213.78,347.78,38.53,98.65,55.52
30,1060,310,Reinforcement Learning,388.41,581.45,33.2,91.71,35.33
6,974,150,Reinforcement Learning,188.01,377.73,50.23,90.3,162.33
88,1829,544,Round Robin,451.14,590.98,23.66,68.16,20.78
19,1183,758,Bin Packing,255.1,517.74,50.73,69.49,62.26
8,429,476,FCFS,460.36,523.65,12.09,61.17,53.62
90,884,739,QoS Aware Heuristic,236.73,308.04,23.15,85.54,9.82
54,1048,585,FCFS,103.46,401.16,74.21,74.83,19.41
42,1656,869,Bin Packing,306.81,543.73,43.57,72.48,39.43
27,1749,150,FCFS,309.92,560.9,44.75,85.48,64.78
63,334,253,Round Robin,147.93,348.61,57.57,93.15,5.3
94,1960,681,Reinforcement Learning,193.99,348.96,44.41,65.32,20.85
79,470,887,Round Robin,413.4,620.71,33.4,96.75,5.95
32,162,890,QoS Aware Heuristic,114.7,187.85,38.94,61.37,5.06
70,1067,409,Round Robin,295.81,535.25,44.73,63.8,15.24
12,277,498,Bin Packing,312.16,497.35,37.24,93.53,23.08
33,1544,233,Bin Packing,375.48,664.66,43.51,79.71,46.79
15,1886,319,QoS Aware Heuristic,114.98,324.35,64.55,97.57,125.73
22,577,262,QoS Aware Heuristic,334.26,422.18,20.83,78.47,26.23
59,545,747,Reinforcement Learning,101.24,270.63,62.59,97.04,9.24
54,80,668,FCFS,206.07,270.53,23.83,69.59,1.48
18,211,601,Reinforcement Learning,299.87,536.23,44.08,84.66,11.72
78,1891,788,Round Robin,464.51,639.97,27.42,99.78,24.24
13,754,214,FCFS,150.64,293.05,48.6,75.04,58.0
15,771,598,QoS Aware Heuristic,167.72,459.86,63.53,60.06,51.4
67,1451,571,Bin Packing,367.7,652.85,43.68,62.56,21.66
80,495,248,Round Robin,249.94,538.15,53.56,94.36,6.19
71,793,340,Reinforcement Learning,349.37,454.61,23.15,79.68,11.17
57,476,222,QoS Aware Heuristic,498.98,731.12,31.75,81.47,8.35
43,1769,903,FCFS,494.75,781.1,36.66,91.98,41.14
82,553,938,FCFS,241.49,434.21,44.38,92.46,6.74
60,1600,168,Bin Packing,301.57,405.11,25.56,79.1,26.67
32,1890,925,QoS Aware Heuristic,461.88,716.33,35.52,94.32,59.06
79,770,162,QoS Aware Heuristic,136.87,406.85,66.36,78.74,9.75
43,733,832,Round Robin,280.92,506.73,44.56,87.0,17.05
29,1851,115,Round Robin,251.03,374.42,32.95,61.33,63.83
25,1605,489,FCFS,217.95,315.62,30.95,65.52,64.2
14,631,689,Reinforcement Learning,497.68,703.75,29.28,94.06,45.07
47,1593,733,FCFS,393.42,564.12,30.26,72.52,33.89
19,1107,357,Round Robin,255.5,472.7,45.95,73.39,58.26
87,785,316,Round Robin,431.61,509.53,15.29,86.52,9.02
52,740,578,Round Robin,295.87,379.85,22.11,83.7,14.23
90,807,213,FCFS,449.13,589.85,23.86,63.29,8.97
25,1563,981,QoS Aware Heuristic,206.55,321.24,35.7,90.63,62.52
64,1845,479,Reinforcement Learning,189.44,394.27,51.95,84.69,28.83
54,1693,757,Reinforcement Learning,198.91,340.8,41.63,94.21,31.35
27,803,336,Round Robin,315.39,536.38,41.2,81.42,29.74
17,1496,575,Bin Packing,216.53,458.73,52.8,76.57,88.0
73,1541,697,FCFS,158.85,255.64,37.86,74.85,21.11
8,73,778,QoS Aware Heuristic,497.85,777.81,35.99,60.18,9.12
96,1289,228,Round Robin,460.17,706.96,34.91,61.59,13.43
82,104,609,Bin Packing,354.0,560.7,36.86,65.25,1.27
76,1099,264,Round Robin,456.62,733.85,37.78,97.18,14.46
13,1354,376,Bin Packing,474.19,590.66,19.72,95.23,104.15
39,853,356,Reinforcement Learning,370.44,525.87,29.56,79.89,21.87
25,376,231,Bin Packing,307.47,378.92,18.86,67.21,15.04
62,1019,669,Reinforcement Learning,452.8,616.85,26.59,65.84,16.44
22,235,356,Reinforcement Learning,327.12,503.72,35.06,70.25,10.68
76,544,240,FCFS,150.72,354.74,57.51,96.35,7.16
85,1085,785,Bin Packing,246.74,312.75,21.11,80.86,12.76
47,1714,786,QoS Aware Heuristic,278.37,336.49,17.27,92.16,36.47
99,1957,308,QoS Aware Heuristic,474.15,629.12,24.63,80.27,19.77
10,483,815,Bin Packing,363.67,460.95,21.1,84.38,48.3
90,1994,618,FCFS,450.11,689.81,34.75,84.4,22.16
82,257,150,QoS Aware Heuristic,403.04,620.22,35.02,61.25,3.13
71,182,602,Round Robin,223.94,355.4,36.99,77.81,2.56
16,1412,358,QoS Aware Heuristic,387.48,448.93,13.69,94.56,88.25
16,1269,277,FCFS,178.12,273.73,34.93,79.56,79.31
70,1335,642,Reinforcement Learning,263.26,486.18,45.85,77.41,19.07
6,1355,455,Reinforcement Learning,422.44,719.98,41.33,81.06,225.83
19,418,417,Reinforcement Learning,344.77,476.39,27.63,75.23,22.0
27,1176,765,FCFS,430.17,680.67,36.8,80.62,43.56
33,1705,463,Reinforcement Learning,201.88,468.65,56.92,65.41,51.67
85,1256,154,Reinforcement Learning,399.9,461.95,13.43,98.72,14.78
11,472,255,FCFS,180.93,459.99,60.67,61.37,42.91
98,1082,143,Round Robin,318.12,484.67,34.36,79.33,11.04
32,1630,692,QoS Aware Heuristic,273.41,564.47,51.56,68.4,50.94
18,293,777,FCFS,322.59,507.23,36.4,62.33,16.28
48,831,641,FCFS,154.21,263.0,41.37,86.07,17.31
34,673,421,Bin Packing,244.49,538.16,54.57,99.41,19.79
85,616,747,Reinforcement Learning,366.76,477.59,23.21,89.98,7.25
36,1466,113,Round Robin,323.41,594.03,45.56,70.16,40.72
74,576,456,Bin Packing,319.59,412.87,22.59,79.74,7.78
92,86,582,Round Robin,304.33,523.02,41.81,61.99,0.93
10,227,717,Reinforcement Learning,477.55,630.37,24.24,81.27,22.7
31,688,458,Reinforcement Learning,473.83,766.83,38.21,63.98,22.19
86,1702,417,Reinforcement Learning,244.06,340.25,28.27,91.78,19.79
92,901,174,QoS Aware Heuristic,240.76,392.96,38.73,62.27,9.79
28,121,690,Round Robin,321.96,531.9,39.47,60.37,4.32
38,401,293,Round Robin,138.24,432.65,68.05,94.46,10.55
44,672,462,Bin Packing,221.2,347.17,36.28,97.7,15.27
51,1222,195,FCFS,192.35,341.57,43.69,63.46,23.96
83,1770,139,Reinforcement Learning,189.36,354.81,46.63,71.16,21.33
79,154,867,Reinforcement Learning,355.4,468.58,24.15,89.67,1.95
90,1732,496,Bin Packing,253.74,508.08,50.06,81.59,19.24
28,270,206,Round Robin,168.47,241.47,30.23,97.97,9.64
69,1899,116,QoS Aware Heuristic,455.03,681.23,33.2,75.57,27.52
22,912,626,Round Robin,449.66,633.14,28.98,60.13,41.45
48,1447,883,QoS Aware Heuristic,444.99,555.47,19.89,60.79,30.15
80,567,598,QoS Aware Heuristic,256.3,429.51,40.33,82.59,7.09
61,1333,624,Round Robin,122.79,380.28,67.71,90.08,21.85
32,348,858,Reinforcement Learning,142.7,304.06,53.07,91.62,10.88
75,910,825,QoS Aware Heuristic,210.42,290.89,27.66,96.46,12.13
27,91,762,Bin Packing,187.99,248.19,24.26,69.16,3.37
89,820,903,Bin Packing,449.59,694.04,35.22,89.54,9.21
38,946,142,QoS Aware Heuristic,494.54,627.15,21.14,93.08,24.89
15,541,725,Reinforcement Learning,426.67,709.48,39.86,93.45,36.07
90,1512,941,QoS Aware Heuristic,391.94,596.23,34.26,76.46,16.8
39,1856,692,Bin Packing,335.45,494.52,32.17,85.04,47.59
97,1120,449,Bin Packing,407.96,599.08,31.9,82.06,11.55
46,134,752,Round Robin,478.81,643.09,25.55,83.9,2.91
32,1759,129,Reinforcement Learning,340.54,616.99,44.81,71.28,54.97
86,1131,540,Round Robin,161.85,326.36,50.41,87.33,13.15
82,1040,641,FCFS,165.54,241.56,31.47,88.4,12.68
86,760,554,QoS Aware Heuristic,333.55,532.82,37.4,67.84,8.84
96,258,877,Round Robin,233.39,439.14,46.85,77.75,2.69
28,1321,710,Reinforcement Learning,464.1,705.43,34.21,76.88,47.18
12,1284,193,QoS Aware Heuristic,344.66,627.98,45.12,89.96,107.0
57,88,822,QoS Aware Heuristic,370.6,531.37,30.26,86.66,1.54
76,1325,394,QoS Aware Heuristic,102.33,240.35,57.42,79.05,17.43
8,1716,648,QoS Aware Heuristic,299.54,472.23,36.57,86.1,214.5
95,975,998,QoS Aware Heuristic,272.47,547.52,50.24,70.51,10.26
9,1876,188,Reinforcement Learning,382.35,677.35,43.55,69.29,208.44
53,811,602,FCFS,253.06,545.87,53.64,69.6,15.3
34,1486,866,Bin Packing,490.63,598.05,17.96,61.18,43.71
76,995,313,FCFS,368.08,542.3,32.13,87.64,13.09
67,1519,521,Bin Packing,363.97,478.84,23.99,99.43,22.67
51,101,625,Round Robin,467.74,609.74,23.29,72.36,1.98
30,423,291,QoS Aware Heuristic,498.08,556.0,10.42,97.19,14.1
61,1599,906,Round Robin,179.13,269.28,33.48,84.26,26.21
41,980,793,Round Robin,424.21,573.48,26.03,69.0,23.9
11,205,741,Bin Packing,164.93,306.11,46.12,60.47,18.64
44,1615,323,Reinforcement Learning,282.82,402.53,29.74,88.95,36.7
96,1163,654,QoS Aware Heuristic,140.07,247.65,43.44,87.86,12.11
43,1976,792,Round Robin,349.35,586.59,40.44,69.17,45.95
66,728,486,FCFS,287.41,411.05,30.08,73.31,11.03
96,400,780,QoS Aware Heuristic,351.48,578.12,39.2,95.92,4.17
82,118,875,Reinforcement Learning,371.18,513.34,27.69,66.29,1.44
57,1236,573,QoS Aware Heuristic,347.77,598.26,41.87,93.42,21.68
8,1315,707,Round Robin,217.61,309.42,29.67,66.77,164.38
86,1568,302,FCFS,434.78,524.18,17.06,79.27,18.23
29,1456,546,Round Robin,320.67,540.59,40.68,79.96,50.21
11,1125,932,Reinforcement Learning,295.94,574.67,48.5,78.88,102.27
32,703,946,Bin Packing,494.83,580.58,14.77,71.52,21.97
73,112,999,FCFS,213.4,281.83,24.28,70.13,1.53
71,558,167,Reinforcement Learning,311.21,594.87,47.68,89.33,7.86
99,341,191,Reinforcement Learning,372.93,452.26,17.54,71.03,3.44
24,1164,877,Round Robin,150.09,262.68,42.86,84.4,48.5
87,1737,942,Round Robin,241.7,524.07,53.88,93.87,19.97
15,1497,277,Round Robin,420.68,671.41,37.34,93.48,99.8
71,1742,762,Bin Packing,194.7,330.39,41.07,66.69,24.54
91,870,928,QoS Aware Heuristic,297.32,585.95,49.26,86.19,9.56
11,1438,658,QoS Aware Heuristic,352.25,544.26,35.28,84.09,130.73
27,199,102,Round Robin,368.46,436.52,15.59,71.28,7.37
65,1913,202,Round Robin,391.32,617.09,36.59,75.66,29.43
75,1344,372,Bin Packing,446.39,630.71,29.22,71.4,17.92
38,930,633,QoS Aware Heuristic,257.14,450.29,42.89,81.48,24.47
23,1654,215,Bin Packing,382.65,681.18,43.83,92.15,71.91
62,1189,958,Reinforcement Learning,392.87,481.0,18.32,95.1,19.18
13,753,563,QoS Aware Heuristic,220.11,434.31,49.32,88.91,57.92
52,565,203,Round Robin,487.26,651.95,25.26,79.34,10.87
86,1660,358,FCFS,446.09,564.06,20.91,98.32,19.3
45,1987,407,Reinforcement Learning,215.94,439.33,50.85,82.56,44.16
52,1883,466,FCFS,370.03,587.08,36.97,79.14,36.21
49,1314,909,Bin Packing,387.12,651.24,40.56,94.27,26.82
29,79,741,Bin Packing,272.59,542.31,49.74,67.38,2.72
82,1216,906,Bin Packing,445.5,635.95,29.95,66.32,14.83
29,375,401,Round Robin,376.09,507.48,25.89,91.3,12.93
23,1768,659,Bin Packing,363.26,545.66,33.43,94.82,76.87
43,998,126,FCFS,188.34,328.15,42.61,62.91,23.21
83,65,607,Reinforcement Learning,263.14,382.48,31.2,90.56,0.78
84,160,626,Round Robin,273.57,461.46,40.72,76.98,1.9
31,921,874,Reinforcement Learning,393.46,607.94,35.28,88.15,29.71
78,762,464,Bin Packing,347.36,545.0,36.26,65.4,9.77
67,156,397,QoS Aware Heuristic,134.34,422.94,68.24,98.92,2.33
72,428,876,Round Robin,223.08,347.74,35.85,95.25,5.94
23,211,460,Bin Packing,289.22,432.31,33.1,76.24,9.17
32,332,745,Round Robin,394.69,611.6,35.47,95.73,10.38
89,318,603,QoS Aware Heuristic,397.43,597.52,33.49,95.8,3.57
82,533,687,FCFS,296.22,346.69,14.56,78.45,6.5
37,716,129,FCFS,146.77,274.84,46.6,97.88,19.35
14,1146,538,FCFS,217.16,330.6,34.31,99.07,81.86
87,1270,439,QoS Aware Heuristic,201.88,461.86,56.29,68.69,14.6
34,1316,225,Reinforcement Learning,412.41,678.97,39.26,62.67,38.71
26,647,695,QoS Aware Heuristic,171.99,292.96,41.29,73.25,24.88
7,848,665,QoS Aware Heuristic,285.97,361.49,20.89,79.55,121.14
86,1332,465,Bin Packing,368.29,469.59,21.57,63.71,15.49
79,847,894,FCFS,485.91,580.05,16.23,65.63,10.72
52,1222,951,Round Robin,499.7,609.06,17.96,98.87,23.5
6,1940,542,Reinforcement Learning,481.17,589.83,18.42,89.49,323.33
80,439,362,Round Robin,387.3,557.26,30.5,95.0,5.49
58,465,971,Bin Packing,398.58,528.49,24.58,98.85,8.02
10,475,321,Bin Packing,403.68,593.64,32.0,75.13,47.5
44,1046,939,Reinforcement Learning,445.04,581.07,23.41,87.51,23.77
97,1775,101,Round Robin,480.71,734.38,34.54,67.36,18.3
98,1290,493,Reinforcement Learning,278.28,565.98,50.83,82.07,13.16
6,916,405,Reinforcement Learning,266.6,417.58,36.16,68.4,152.67
77,135,245,FCFS,284.19,346.56,18.0,66.42,1.75
6,1289,629,Round Robin,363.93,473.82,23.19,63.94,214.83
97,472,627,FCFS,410.18,485.64,15.54,83.19,4.87
78,1393,407,FCFS,448.22,584.41,23.3,97.99,17.86
59,167,770,FCFS,282.48,493.76,42.79,64.89,2.83
76,1999,439,QoS Aware Heuristic,245.35,425.08,42.28,80.09,26.3
64,1008,451,Bin Packing,493.34,604.06,18.33,87.48,15.75
10,931,909,Bin Packing,192.76,434.57,55.64,79.83,93.1
23,1041,308,QoS Aware Heuristic,188.8,271.67,30.5,96.47,45.26
31,464,304,Reinforcement Learning,386.16,493.21,21.7,66.65,14.97
5,648,724,Round Robin,171.86,390.87,56.03,60.97,129.6
37,89,789,Round Robin,259.76,359.07,27.66,75.32,2.41
44,1234,820,Round Robin,216.95,436.64,50.31,82.22,28.05
36,752,735,FCFS,167.48,461.72,63.73,70.18,20.89
73,586,114,Round Robin,331.88,589.72,43.72,66.74,8.03
21,469,957,Round Robin,249.4,339.4,26.52,92.19,22.33
12,713,527,Round Robin,284.89,465.01,38.73,67.54,59.42
61,144,575,Bin Packing,178.35,333.93,46.59,77.71,2.36
46,1515,397,QoS Aware Heuristic,407.15,705.07,42.25,98.18,32.93
13,1631,656,Reinforcement Learning,225.88,516.98,56.31,84.51,125.46
91,1022,193,QoS Aware Heuristic,237.09,318.87,25.65,79.91,11.23
39,699,206,Round Robin,200.86,478.04,57.98,74.41,17.92
75,1539,518,Reinforcement Learning,273.76,372.11,26.43,80.82,20.52
83,337,377,Reinforcement Learning,285.43,415.29,31.27,89.37,4.06
57,1938,227,QoS Aware Heuristic,311.87,450.22,30.73,92.9,34.0
58,1749,558,QoS Aware Heuristic,487.03,608.74,19.99,85.99,30.16
88,461,137,QoS Aware Heuristic,461.88,725.19,36.31,91.61,5.24
29,449,708,QoS Aware Heuristic,343.76,476.24,27.82,63.54,15.48
71,577,297,FCFS,115.56,369.74,68.75,60.57,8.13
66,1091,803,Bin Packing,344.9,643.49,46.4,89.38,16.53
59,185,456,Bin Packing,135.87,396.06,65.69,70.47,3.14
50,1537,106,Round Robin,384.14,520.68,26.22,95.11,30.74
28,808,655,FCFS,256.03,483.84,47.08,81.43,28.86
50,1321,431,Reinforcement Learning,435.08,618.56,29.66,79.14,26.42
26,892,618,QoS Aware Heuristic,477.01,723.64,34.08,90.91,34.31
15,759,293,Round Robin,266.84,355.11,24.86,89.64,50.6
52,1074,415,Reinforcement Learning,284.22,493.75,42.44,88.17,20.65
12,1775,100,Bin Packing,336.06,579.48,42.01,87.6,147.92
43,430,161,Reinforcement Learning,178.85,419.16,57.33,80.62,10.0
39,558,442,QoS Aware Heuristic,470.93,761.83,38.18,97.06,14.31
53,1533,700,QoS Aware Heuristic,273.2,337.8,19.12,95.63,28.92
50,1578,117,Bin Packing,166.73,303.17,45.0,73.18,31.56
42,855,719,QoS Aware Heuristic,405.09,574.23,29.46,92.19,20.36
12,525,746,FCFS,187.66,315.1,40.44,95.64,43.75
58,1630,470,Round Robin,157.41,284.86,44.74,84.73,28.1
41,1003,921,Bin Packing,325.15,419.18,22.43,82.22,24.46
95,898,678,Bin Packing,368.6,621.84,40.72,86.88,9.45
96,946,704,Reinforcement Learning,327.83,604.85,45.8,66.52,9.85
44,81,749,Bin Packing,362.6,433.18,16.29,63.49,1.84
38,1977,800,Round Robin,146.21,234.93,37.76,92.81,52.03
83,167,670,FCFS,290.41,397.52,26.94,82.93,2.01
21,1881,798,Reinforcement Learning,242.81,420.06,42.2,64.9,89.57
37,1257,334,Round Robin,489.35,737.14,33.62,76.65,33.97
51,240,168,Bin Packing,119.85,187.71,36.15,71.93,4.71
56,1820,546,QoS Aware Heuristic,219.32,428.52,48.82,95.02,32.5
84,1823,709,QoS Aware Heuristic,476.74,564.07,15.48,80.29,21.7
97,1801,107,Round Robin,493.4,786.26,37.25,83.1,18.57
13,123,561,FCFS,429.96,704.65,38.98,69.41,9.46
37,672,410,QoS Aware Heuristic,130.4,417.8,68.79,91.96,18.16
64,1176,233,Round Robin,324.54,401.08,19.08,97.2,18.38
97,920,484,Reinforcement Learning,260.05,432.06,39.81,91.7,9.48
81,635,155,Bin Packing,422.58,513.89,17.77,79.71,7.84
25,469,459,FCFS,122.01,322.1,62.12,93.4,18.76
62,522,213,FCFS,178.85,287.03,37.69,67.52,8.42
89,1837,187,Reinforcement Learning,295.68,538.34,45.08,64.54,20.64
73,163,237,FCFS,163.06,374.06,56.41,77.53,2.23
14,1452,207,Round Robin,377.09,569.99,33.84,67.26,103.71
10,1386,599,FCFS,428.31,684.62,37.44,70.37,138.6
17,379,634,FCFS,381.81,556.88,31.44,83.4,22.29
69,388,243,FCFS,276.11,393.57,29.84,76.16,5.62
24,287,968,Round Robin,451.36,656.54,31.25,94.64,11.96
61,1246,755,Bin Packing,155.07,444.34,65.1,69.02,20.43
50,128,155,QoS Aware Heuristic,204.14,404.43,49.52,99.87,2.56
12,513,719,FCFS,295.82,503.22,41.21,74.38,42.75
14,1971,962,Reinforcement Learning,124.54,408.23,69.49,80.62,140.79
77,654,105,Reinforcement Learning,138.27,317.09,56.39,65.29,8.49
71,1574,641,Round Robin,258.98,558.07,53.59,83.17,22.17
15,611,546,Bin Packing,477.55,567.47,15.85,98.45,40.73
16,334,484,FCFS,463.37,647.63,28.45,89.98,20.88
14,272,406,Round Robin,286.39,389.62,26.5,69.76,19.43
29,642,973,QoS Aware Heuristic,156.86,320.19,51.01,77.7,22.14
53,1339,956,Bin Packing,171.24,263.88,35.11,77.02,25.26
53,1740,738,Bin Packing,251.02,356.65,29.62,63.92,32.83
93,422,401,Round Robin,184.03,286.73,35.82,95.43,4.54
15,1306,732,Reinforcement Learning,133.19,263.2,49.4,75.26,87.07
66,960,504,Bin Packing,369.51,453.16,18.46,79.77,14.55
40,877,710,Reinforcement Learning,332.58,584.92,43.14,71.65,21.92
43,285,777,Bin Packing,216.52,321.69,32.69,66.1,6.63
57,720,936,Bin Packing,411.58,565.72,27.25,96.08,12.63
94,1990,930,Bin Packing,410.38,464.39,11.63,61.5,21.17
82,877,852,QoS Aware Heuristic,296.4,372.62,20.46,76.0,10.7
60,812,661,Reinforcement Learning,138.61,412.68,66.41,89.23,13.53
5,1387,879,QoS Aware Heuristic,467.39,726.68,35.68,72.35,277.4
60,1886,936,Reinforcement Learning,367.46,627.69,41.46,77.84,31.43
8,429,609,QoS Aware Heuristic,198.82,351.66,43.46,82.58,53.62
34,843,172,QoS Aware Heuristic,344.18,429.56,19.88,99.8,24.79
16,663,911,QoS Aware Heuristic,262.01,338.98,22.71,90.33,41.44
39,612,663,Round Robin,354.14,555.54,36.25,98.68,15.69
81,469,364,QoS Aware Heuristic,289.55,546.6,47.03,87.73,5.79
56,101,326,Bin Packing,294.19,569.22,48.32,70.76,1.8
35,1794,292,FCFS,394.35,516.53,23.65,71.5,51.26
91,868,473,QoS Aware Heuristic,345.49,475.75,27.38,92.9,9.54
72,1716,850,FCFS,131.98,207.2,36.3,77.11,23.83
56,1582,109,FCFS,126.15,369.75,65.88,74.81,28.25
84,1855,401,Bin Packing,222.0,340.92,34.88,97.8,22.08
11,254,458,FCFS,272.1,442.33,38.48,60.53,23.09
26,1050,839,FCFS,210.09,492.31,57.33,81.0,40.38
97,780,904,FCFS,360.58,598.63,39.77,91.0,8.04
79,306,151,Reinforcement Learning,178.04,241.22,26.19,89.45,3.87
60,234,851,QoS Aware Heuristic,381.66,433.7,12.0,74.7,3.9
62,194,198,QoS Aware Heuristic,409.26,656.11,37.62,81.43,3.13
97,1763,692,FCFS,149.73,337.86,55.68,60.22,18.18
68,1087,112,Bin Packing,360.32,590.4,38.97,81.39,15.99
16,295,489,Reinforcement Learning,484.57,573.77,15.55,83.62,18.44
11,236,456,Bin Packing,177.13,445.14,60.21,94.99,21.45
59,1410,739,Bin Packing,463.72,707.05,34.41,68.43,23.9
66,1332,915,FCFS,342.42,615.13,44.33,93.01,20.18
94,915,110,Round Robin,336.38,471.65,28.68,88.72,9.73
77,89,180,FCFS,120.77,239.7,49.62,86.64,1.16
81,650,360,Round Robin,399.32,487.25,18.05,75.78,8.02
59,1710,105,Reinforcement Learning,291.31,573.83,49.23,74.7,28.98
40,1011,557,Round Robin,388.47,482.68,19.52,88.13,25.28
93,1491,472,FCFS,423.67,503.5,15.86,99.61,16.03
28,1035,580,FCFS,309.52,407.69,24.08,76.21,36.96
48,1424,321,Bin Packing,205.46,448.31,54.17,96.74,29.67
21,58,909,FCFS,156.63,429.01,63.49,83.46,2.76
6,399,180,FCFS,164.2,416.93,60.62,94.73,66.5
17,133,614,QoS Aware Heuristic,446.77,637.58,29.93,68.69,7.82
35,582,159,QoS Aware Heuristic,149.43,447.9,66.64,90.49,16.63
97,1038,320,Bin Packing,253.88,321.09,20.93,93.4,10.7
32,1866,448,Round Robin,233.71,500.51,53.31,93.29,58.31
64,407,660,Round Robin,446.18,603.11,26.02,91.39,6.36
31,427,327,QoS Aware Heuristic,291.08,454.86,36.01,72.17,13.77
19,221,389,Reinforcement Learning,498.58,580.48,14.11,80.88,11.63
99,1098,392,QoS Aware Heuristic,394.82,453.18,12.88,71.99,11.09
83,442,909,Reinforcement Learning,440.37,569.53,22.68,73.72,5.33
37,1176,292,Round Robin,139.47,233.18,40.19,72.05,31.78
24,751,573,QoS Aware Heuristic,201.24,372.07,45.91,71.37,31.29
46,1309,356,FCFS,154.18,241.01,36.03,87.74,28.46
16,1483,605,Reinforcement Learning,285.45,369.93,22.84,86.01,92.69
77,1898,487,Reinforcement Learning,387.31,656.55,41.01,68.17,24.65
27,598,714,Reinforcement Learning,167.63,447.95,62.58,87.66,22.15
76,833,497,Round Robin,152.07,443.12,65.68,71.64,10.96
18,1878,465,Bin Packing,345.84,565.97,38.89,68.07,104.33
95,381,757,FCFS,192.13,434.88,55.82,89.89,4.01
29,1737,389,QoS Aware Heuristic,291.73,550.68,47.02,74.51,59.9
81,843,868,Reinforcement Learning,120.45,335.18,64.06,82.77,10.41
89,1605,408,Round Robin,372.25,504.81,26.26,68.0,18.03
35,698,377,Reinforcement Learning,316.53,405.63,21.97,84.55,19.94
58,1032,563,QoS Aware Heuristic,358.97,468.29,23.34,68.32,17.79
9,1944,288,FCFS,210.16,470.26,55.31,66.68,216.0
17,1102,277,Reinforcement Learning,211.44,435.46,51.44,75.46,64.82
32,592,627,Round Robin,420.54,584.49,28.05,91.6,18.5
47,1092,474,Round Robin,387.42,444.77,12.89,67.06,23.23
93,1221,697,Bin Packing,331.89,448.44,25.99,64.68,13.13
51,1544,859,Round Robin,351.26,583.48,39.8,61.27,30.27
75,540,553,Bin Packing,137.62,315.72,56.41,76.64,7.2
42,332,316,FCFS,442.47,601.35,26.42,71.28,7.9
71,911,141,QoS Aware Heuristic,407.96,536.38,23.94,71.68,12.83
66,1926,293,Bin Packing,336.2,537.93,37.5,99.28,29.18
43,1885,426,Reinforcement Learning,467.44,759.04,38.42,67.76,43.84
41,1748,472,Reinforcement Learning,167.46,442.74,62.18,78.34,42.63
90,162,564,QoS Aware Heuristic,374.66,432.28,13.33,99.45,1.8
12,1528,262,Round Robin,485.19,655.43,25.97,61.22,127.33
85,1735,375,Reinforcement Learning,224.0,356.37,37.14,87.87,20.41
56,1403,463,Bin Packing,106.12,283.77,62.6,74.84,25.05
95,1328,741,QoS Aware Heuristic,393.95,595.5,33.85,96.24,13.98
37,1672,874,Reinforcement Learning,102.79,202.8,49.31,96.48,45.19
85,1472,579,Round Robin,449.01,694.4,35.34,75.49,17.32
46,911,788,Round Robin,122.52,291.29,57.94,68.86,19.8
80,659,559,Reinforcement Learning,361.11,659.11,45.21,77.12,8.24
31,1982,364,QoS Aware Heuristic,250.87,307.15,18.32,98.61,63.94
12,557,638,FCFS,181.34,278.77,34.95,71.26,46.42
27,1717,485,Reinforcement Learning,459.3,681.71,32.63,99.25,63.59
68,515,184,Round Robin,398.5,622.29,35.96,92.78,7.57
97,873,807,FCFS,236.18,431.73,45.29,70.7,9.0
24,1480,415,QoS Aware Heuristic,213.66,506.65,57.83,91.64,61.67
20,658,342,Round Robin,394.4,548.23,28.06,61.99,32.9
21,1171,568,QoS Aware Heuristic,434.63,588.89,26.2,81.92,55.76
84,339,979,Reinforcement Learning,386.34,663.96,41.81,74.29,4.04
23,917,441,QoS Aware Heuristic,356.0,540.61,34.15,77.08,39.87
12,1812,276,Round Robin,191.17,329.6,42.0,78.91,151.0
42,1730,229,Reinforcement Learning,441.12,670.85,34.24,80.11,41.19
42,1229,756,Round Robin,399.86,604.78,33.88,86.26,29.26
57,831,182,Round Robin,306.91,433.51,29.2,87.87,14.58
97,211,459,FCFS,304.64,429.12,29.01,99.03,2.18
94,673,187,Bin Packing,327.67,476.57,31.24,90.51,7.16
35,1916,631,QoS Aware Heuristic,431.31,499.22,13.6,87.51,54.74
48,1770,841,QoS Aware Heuristic,396.9,682.55,41.85,75.7,36.88
64,766,737,FCFS,442.5,538.26,17.79,64.71,11.97
80,1170,570,QoS Aware Heuristic,302.91,401.37,24.53,62.35,14.62
21,1450,597,FCFS,349.86,561.62,37.71,79.11,69.05
83,616,606,QoS Aware Heuristic,441.83,672.89,34.34,86.73,7.42
77,1523,453,QoS Aware Heuristic,192.93,427.14,54.83,86.01,19.78
43,1043,515,Round Robin,277.61,421.38,34.12,98.11,24.26
46,1190,150,FCFS,348.26,616.59,43.52,75.3,25.87
52,1678,699,QoS Aware Heuristic,466.06,652.06,28.52,85.11,32.27
16,1878,781,Bin Packing,106.33,265.98,60.02,95.51,117.38
93,1789,162,FCFS,185.03,437.63,57.72,76.16,19.24
22,1867,188,FCFS,193.78,304.67,36.4,79.11,84.86
83,1579,800,FCFS,230.65,495.7,53.47,96.92,19.02
10,1262,289,Round Robin,212.71,397.42,46.48,82.01,126.2
47,1549,998,FCFS,336.06,611.07,45.0,91.98,32.96
39,1396,700,Round Robin,454.25,554.65,18.1,97.42,35.79
58,645,447,Bin Packing,354.79,638.81,44.46,82.84,11.12
66,1253,943,Reinforcement Learning,196.61,418.58,53.03,64.37,18.98
73,1859,637,Round Robin,445.5,650.08,31.47,92.87,25.47
86,1254,275,QoS Aware Heuristic,352.82,508.34,30.59,92.71,14.58
20,1008,463,FCFS,187.58,476.66,60.65,64.6,50.4
12,1766,875,Reinforcement Learning,244.67,405.65,39.68,81.92,147.17
93,1062,653,Round Robin,415.99,590.63,29.57,79.48,11.42
94,1868,582,QoS Aware Heuristic,395.57,640.94,38.28,93.89,19.87
90,1360,218,Reinforcement Learning,330.63,451.84,26.83,70.99,15.11
35,524,268,Bin Packing,157.91,280.78,43.76,77.05,14.97
14,667,719,Round Robin,421.32,665.14,36.66,84.19,47.64
60,690,246,Round Robin,223.02,305.16,26.92,80.69,11.5
80,311,787,Bin Packing,408.64,664.38,38.49,98.2,3.89
96,1596,536,Round Robin,359.03,565.32,36.49,98.43,16.62
74,211,538,FCFS,205.67,390.44,47.32,63.26,2.85
24,1560,987,Round Robin,184.95,292.23,36.71,71.91,65.0
9,230,288,FCFS,152.36,398.95,61.81,60.3,25.56
27,774,259,Round Robin,196.78,448.02,56.08,76.71,28.67
13,518,913,QoS Aware Heuristic,163.13,333.87,51.14,86.49,39.85
62,1859,959,QoS Aware Heuristic,346.82,494.11,29.81,78.85,29.98
63,70,501,Reinforcement Learning,339.51,451.05,24.73,62.69,1.11
97,1348,685,QoS Aware Heuristic,334.47,573.03,41.63,67.84,13.9
84,309,963,Bin Packing,356.76,566.62,37.04,66.93,3.68
58,1406,117,Reinforcement Learning,425.91,527.57,19.27,80.45,24.24
50,515,239,QoS Aware Heuristic,465.42,714.04,34.82,87.11,10.3
26,1189,214,FCFS,192.15,462.7,58.47,72.65,45.73
68,1486,427,Round Robin,335.11,399.92,16.21,65.22,21.85
12,586,324,QoS Aware Heuristic,131.33,374.44,64.93,91.94,48.83
24,1001,657,FCFS,148.06,411.26,64.0,94.33,41.71
55,1918,538,Reinforcement Learning,361.74,659.62,45.16,71.06,34.87
82,815,649,Round Robin,294.63,404.03,27.08,76.83,9.94
43,1008,817,QoS Aware Heuristic,403.33,546.08,26.14,63.28,23.44
41,1996,485,Reinforcement Learning,270.27,561.82,51.89,69.11,48.68
54,1796,620,QoS Aware Heuristic,151.04,224.54,32.73,90.68,33.26
38,1890,352,Reinforcement Learning,448.82,629.75,28.73,74.61,49.74
79,1906,719,QoS Aware Heuristic,133.16,309.85,57.02,84.19,24.13
37,983,197,FCFS,175.59,377.23,53.45,97.85,26.57
35,900,886,Bin Packing,210.79,343.49,38.63,88.95,25.71
58,1330,170,FCFS,498.11,779.59,36.11,78.14,22.93
48,1241,650,Round Robin,266.74,384.26,30.58,74.68,25.85
38,1922,909,QoS Aware Heuristic,300.68,513.1,41.4,67.62,50.58
75,582,546,Bin Packing,407.88,581.86,29.9,90.25,7.76
66,1671,189,Bin Packing,354.57,471.24,24.76,64.5,25.32
27,64,529,Round Robin,436.57,533.78,18.21,62.46,2.37
50,99,318,Round Robin,294.57,583.71,49.53,64.19,1.98
60,1048,206,Bin Packing,488.87,679.19,28.02,69.72,17.47
11,353,575,Round Robin,418.72,619.77,32.44,85.08,32.09
93,1560,553,Round Robin,260.55,506.27,48.54,94.45,16.77
65,465,707,QoS Aware Heuristic,252.51,322.82,21.78,99.7,7.15
7,354,643,FCFS,471.8,700.24,32.62,89.26,50.57
42,245,225,Reinforcement Learning,373.77,465.06,19.63,65.84,5.83
88,1949,246,Bin Packing,348.57,583.69,40.28,71.11,22.15
38,862,379,Reinforcement Learning,403.13,488.46,17.47,65.28,22.68
48,849,123,Bin Packing,324.33,582.45,44.32,64.62,17.69
34,437,820,Bin Packing,163.67,383.92,57.37,82.71,12.85
21,806,219,FCFS,227.69,374.16,39.15,96.27,38.38
63,1938,885,Bin Packing,323.18,462.89,30.18,87.37,30.76
14,504,751,Bin Packing,107.27,194.51,44.85,92.03,36.0
88,762,396,FCFS,274.94,550.95,50.1,80.32,8.66
22,754,954,Round Robin,402.32,481.95,16.52,79.01,34.27
49,897,181,Reinforcement Learning,165.69,333.71,50.35,97.5,18.31
95,1731,547,Bin Packing,125.82,234.95,46.45,88.88,18.22
63,1383,819,FCFS,434.41,733.49,40.77,78.37,21.95
66,1200,569,Bin Packing,346.91,543.37,36.16,73.3,18.18
63,224,522,FCFS,170.63,258.03,33.87,63.73,3.56
53,1207,644,Reinforcement Learning,422.52,639.41,33.92,92.84,22.77
67,1139,123,QoS Aware Heuristic,363.25,661.15,45.06,66.77,17.0
91,1466,160,Round Robin,233.65,434.91,46.28,80.6,16.11
36,1438,922,QoS Aware Heuristic,250.48,414.82,39.62,85.49,39.94
14,328,800,FCFS,162.36,285.68,43.17,89.76,23.43
15,807,183,Bin Packing,434.1,507.13,14.4,63.33,53.8
74,412,324,Round Robin,303.6,410.66,26.07,60.43,5.57
66,1822,779,Reinforcement Learning,322.81,511.22,36.85,88.24,27.61
51,220,285,Round Robin,453.4,691.85,34.47,78.18,4.31
38,1124,474,Bin Packing,106.33,375.81,71.71,67.25,29.58
21,1401,171,QoS Aware Heuristic,126.77,375.2,66.21,99.28,66.71
58,1944,173,FCFS,164.63,246.0,33.08,91.65,33.52
80,714,996,QoS Aware Heuristic,112.02,355.38,68.48,83.14,8.93
89,641,440,Round Robin,363.26,558.66,34.98,88.08,7.2
44,980,252,Bin Packing,353.55,520.83,32.12,66.2,22.27
23,1218,195,FCFS,184.32,377.51,51.17,98.49,52.96
71,323,664,Bin Packing,159.76,211.78,24.56,99.85,4.55
86,1228,544,Bin Packing,158.27,225.2,29.72,85.94,14.28
57,1984,785,Round Robin,481.3,662.76,27.38,86.73,34.81
68,557,209,QoS Aware Heuristic,377.4,470.8,19.84,88.18,8.19
87,1922,557,Bin Packing,334.17,520.56,35.81,86.63,22.09
51,412,927,Bin Packing,228.99,367.54,37.7,77.54,8.08
10,1398,150,Bin Packing,273.22,550.07,50.33,81.63,139.8
20,897,476,FCFS,135.76,423.18,67.92,71.31,44.85
76,704,864,Bin Packing,499.26,794.21,37.14,77.87,9.26
22,347,172,Bin Packing,402.03,676.76,40.59,77.44,15.77
56,543,311,Round Robin,348.58,645.05,45.96,71.53,9.7
52,595,531,Bin Packing,335.11,561.65,40.33,91.47,11.44
47,353,823,Bin Packing,301.73,591.87,49.02,76.39,7.51
43,1540,862,Round Robin,202.97,413.42,50.9,82.07,35.81
53,953,267,FCFS,190.56,442.86,56.97,66.24,17.98
16,288,874,QoS Aware Heuristic,319.81,402.79,20.6,79.0,18.0
14,699,430,Round Robin,128.08,348.73,63.27,90.46,49.93
75,1839,841,FCFS,129.79,412.57,68.54,77.78,24.52
59,1590,850,QoS Aware Heuristic,324.33,509.34,36.32,82.31,26.95
5,933,886,Bin Packing,467.92,564.62,17.13,88.07,186.6
53,1249,593,Round Robin,465.71,647.43,28.07,75.56,23.57
40,1958,242,Bin Packing,104.33,331.07,68.49,74.13,48.95
25,459,681,Round Robin,142.96,385.41,62.91,63.43,18.36
41,775,544,QoS Aware Heuristic,333.23,514.16,35.19,83.29,18.9
28,1437,923,FCFS,439.39,543.73,19.19,88.28,51.32
59,1096,493,Round Robin,481.78,763.45,36.89,83.25,18.58
29,367,611,FCFS,444.23,687.63,35.4,71.34,12.66
11,574,785,Bin Packing,371.05,488.72,24.08,70.49,52.18
85,954,947,Bin Packing,180.21,433.16,58.4,66.38,11.22
97,1826,720,QoS Aware Heuristic,129.05,266.02,51.49,61.88,18.82
98,1349,814,QoS Aware Heuristic,119.01,247.12,51.84,77.08,13.77
75,1073,796,Reinforcement Learning,344.83,610.6,43.53,66.42,14.31
75,1677,902,Reinforcement Learning,114.48,382.79,70.09,87.63,22.36
28,669,427,QoS Aware Heuristic,395.7,545.32,27.44,98.47,23.89
15,1002,703,Bin Packing,384.99,437.22,11.95,62.94,66.8
77,1302,358,FCFS,131.84,228.48,42.3,95.72,16.91
16,1737,933,QoS Aware Heuristic,462.65,739.97,37.48,86.31,108.56
39,1181,536,FCFS,308.77,583.46,47.08,94.41,30.28
67,850,817,Reinforcement Learning,461.78,625.12,26.13,66.2,12.69
72,965,663,FCFS,460.64,586.67,21.48,96.26,13.4
96,1249,448,QoS Aware Heuristic,178.81,304.5,41.28,98.31,13.01
61,369,792,Bin Packing,252.23,526.53,52.1,96.27,6.05
17,1359,914,QoS Aware Heuristic,153.85,285.03,46.02,91.42,79.94
27,925,614,Round Robin,409.99,587.89,30.26,63.61,34.26
87,378,548,Round Robin,301.65,534.4,43.55,68.83,4.34
43,1950,498,Round Robin,471.52,573.89,17.84,96.53,45.35
92,802,695,Bin Packing,183.29,296.75,38.23,69.18,8.72
84,706,313,QoS Aware Heuristic,375.35,514.87,27.1,73.91,8.4
16,1429,645,Round Robin,495.69,709.25,30.11,62.02,89.31
38,1087,661,QoS Aware Heuristic,366.15,620.52,40.99,85.12,28.61
75,1348,388,Reinforcement Learning,127.51,314.19,59.42,82.53,17.97
79,120,940,Round Robin,335.37,418.6,19.88,98.47,1.52
35,876,358,Round Robin,171.94,333.5,48.44,95.69,25.03
97,1268,357,Bin Packing,112.2,194.12,42.2,80.24,13.07
66,914,487,QoS Aware Heuristic,233.98,306.05,23.55,84.37,13.85
17,1885,883,Bin Packing,206.44,403.84,48.88,76.53,110.88
35,977,793,Bin Packing,415.51,704.56,41.03,65.3,27.91
6,1952,644,QoS Aware Heuristic,249.47,508.87,50.98,94.71,325.33
19,1596,364,Reinforcement Learning,393.18,636.8,38.26,81.98,84.0
61,155,412,QoS Aware Heuristic,106.5,338.26,68.52,77.02,2.54
79,819,139,Reinforcement Learning,105.92,380.2,72.14,62.74,10.37
38,942,919,Bin Packing,111.73,349.94,68.07,86.62,24.79
72,245,309,Reinforcement Learning,187.74,394.46,52.41,75.99,3.4
79,194,371,Reinforcement Learning,249.6,390.77,36.13,70.15,2.46
33,1805,235,Reinforcement Learning,343.14,418.38,17.98,95.07,54.7
70,1423,698,Round Robin,494.37,659.63,25.05,67.35,20.33
20,1497,159,Round Robin,241.76,522.96,53.77,80.6,74.85
43,520,609,Bin Packing,122.26,318.04,61.56,91.83,12.09
81,1759,775,QoS Aware Heuristic,177.96,274.09,35.07,93.96,21.72
41,265,614,Reinforcement Learning,459.14,671.4,31.61,92.75,6.46
85,1166,114,Round Robin,379.75,546.12,30.46,95.87,13.72
25,309,713,QoS Aware Heuristic,416.08,698.93,40.47,65.69,12.36
48,983,354,Reinforcement Learning,149.67,239.9,37.61,97.62,20.48
23,624,836,QoS Aware Heuristic,153.99,381.99,59.69,60.43,27.13
75,1614,821,FCFS,144.9,365.3,60.33,70.24,21.52
12,1860,634,Reinforcement Learning,442.87,738.76,40.05,63.36,155.0
81,1932,334,QoS Aware Heuristic,183.99,375.22,50.96,97.82,23.85
70,334,230,Reinforcement Learning,357.26,625.15,42.85,76.96,4.77
45,533,769,Reinforcement Learning,306.47,362.65,15.49,72.61,11.84
79,421,784,FCFS,317.76,398.48,20.26,66.68,5.33
92,119,116,QoS Aware Heuristic,178.17,314.65,43.38,66.23,1.29
74,428,981,Bin Packing,354.1,558.93,36.65,84.56,5.78
65,1352,925,Round Robin,117.24,279.51,58.06,61.88,20.8
30,1816,977,Reinforcement Learning,497.39,598.06,16.83,83.77,60.53
75,351,284,Reinforcement Learning,110.7,308.0,64.06,90.99,4.68
87,304,490,Reinforcement Learning,120.06,311.73,61.49,84.04,3.49
74,1757,522,Reinforcement Learning,229.86,410.97,44.07,93.06,23.74
33,993,945,Round Robin,432.65,505.29,14.38,70.61,30.09
70,741,541,Bin Packing,202.88,484.64,58.14,63.09,10.59
23,1337,795,FCFS,288.77,486.83,40.68,88.84,58.13
72,1768,754,Bin Packing,107.19,223.19,51.97,93.13,24.56
62,883,655,Round Robin,131.55,353.4,62.78,80.07,14.24
74,766,111,QoS Aware Heuristic,343.19,472.67,27.39,92.82,10.35
61,473,619,FCFS,177.74,354.2,49.82,78.32,7.75
41,1834,179,FCFS,377.7,512.98,26.37,67.94,44.73
65,262,908,QoS Aware Heuristic,414.16,684.26,39.47,78.98,4.03
96,1744,773,Reinforcement Learning,440.13,738.63,40.41,68.64,18.17
34,149,401,Round Robin,153.52,243.82,37.04,78.88,4.38
75,1902,315,QoS Aware Heuristic,282.2,338.09,16.53,65.9,25.36
77,1185,347,Bin Packing,478.83,583.66,17.96,67.42,15.39
29,357,640,Bin Packing,408.83,606.32,32.57,95.32,12.31
69,727,371,QoS Aware Heuristic,146.78,240.27,38.91,64.63,10.54
10,524,232,Round Robin,301.0,553.87,45.66,68.97,52.4
22,1621,104,FCFS,468.95,621.12,24.5,99.82,73.68
14,161,855,FCFS,276.02,478.65,42.33,83.04,11.5
96,1160,641,Reinforcement Learning,434.97,598.87,27.37,83.43,12.08
15,232,728,Round Robin,298.34,574.17,48.04,93.8,15.47
69,646,789,Bin Packing,142.72,201.5,29.17,80.97,9.36
81,1854,872,Bin Packing,159.14,391.47,59.35,68.87,22.89
88,214,846,Reinforcement Learning,118.67,331.71,64.22,76.9,2.43
69,864,240,Bin Packing,178.13,390.51,54.39,90.2,12.52
56,139,582,Reinforcement Learning,457.45,610.95,25.12,94.9,2.48
71,504,404,Reinforcement Learning,360.08,414.0,13.02,70.93,7.1
86,287,444,QoS Aware Heuristic,395.54,617.85,35.98,70.48,3.34
82,583,661,FCFS,348.66,606.03,42.47,73.1,7.11
35,1752,369,Round Robin,254.62,325.93,21.88,83.85,50.06
95,776,207,Round Robin,186.74,347.14,46.21,71.14,8.17
21,107,657,FCFS,470.25,560.9,16.16,95.73,5.1
59,591,573,Round Robin,305.93,508.66,39.86,99.12,10.02
97,1987,181,Bin Packing,292.44,538.84,45.73,87.16,20.48
40,1071,737,Bin Packing,498.44,715.12,30.3,98.81,26.78
30,667,183,Round Robin,253.57,383.09,33.81,71.51,22.23
57,451,389,QoS Aware Heuristic,441.65,526.58,16.13,92.61,7.91
21,1055,170,Round Robin,444.94,693.51,35.84,87.14,50.24
90,891,274,Reinforcement Learning,193.07,324.05,40.42,70.53,9.9
29,1752,927,Reinforcement Learning,137.94,193.47,28.7,72.74,60.41
6,1935,941,FCFS,490.25,683.11,28.23,79.55,322.5
90,1739,562,Bin Packing,270.36,382.03,29.23,91.67,19.32
9,888,948,QoS Aware Heuristic,100.89,361.19,72.07,94.89,98.67
8,568,494,Round Robin,299.61,385.42,22.26,85.36,71.0
40,246,965,Reinforcement Learning,347.72,506.42,31.34,88.86,6.15
10,1906,190,Bin Packing,410.44,523.72,21.63,70.55,190.6
25,95,568,Bin Packing,477.18,699.58,31.79,89.64,3.8
81,579,962,QoS Aware Heuristic,466.07,653.2,28.65,84.2,7.15
93,1470,533,QoS Aware Heuristic,476.05,723.8,34.23,68.92,15.81
30,1738,348,QoS Aware Heuristic,112.85,277.5,59.33,98.01,57.93
59,1049,743,QoS Aware Heuristic,384.71,435.91,11.75,80.51,17.78
43,825,780,Reinforcement Learning,190.34,294.14,35.29,91.78,19.19
88,123,671,QoS Aware Heuristic,175.02,474.81,63.14,81.02,1.4
37,1489,980,Bin Packing,420.13,571.47,26.48,97.32,40.24
18,1730,948,Bin Packing,266.85,471.91,43.45,65.65,96.11
60,1687,340,Round Robin,466.64,742.87,37.18,81.85,28.12
85,384,801,Bin Packing,116.97,172.1,32.03,61.01,4.52
25,1920,595,Bin Packing,420.87,635.77,33.8,67.9,76.8
50,682,439,Reinforcement Learning,154.73,276.82,44.1,71.24,13.64
20,737,892,Bin Packing,170.63,290.44,41.25,78.9,36.85
20,624,843,FCFS,290.94,397.15,26.74,92.81,31.2
88,345,570,Bin Packing,258.24,513.92,49.75,78.67,3.92
33,1157,562,Round Robin,294.47,437.71,32.72,82.45,35.06
96,1088,900,Round Robin,476.01,542.79,12.3,96.96,11.33
12,1940,374,QoS Aware Heuristic,362.96,437.17,16.98,90.26,161.67
92,1207,924,Reinforcement Learning,216.12,303.27,28.74,62.01,13.12
7,527,114,Round Robin,169.16,443.89,61.89,67.06,75.29
93,682,140,FCFS,268.02,424.88,36.92,61.53,7.33
23,368,307,FCFS,280.66,559.67,49.85,62.76,16.0
70,1465,159,QoS Aware Heuristic,340.52,594.89,42.76,73.55,20.93
83,528,464,Reinforcement Learning,206.4,465.87,55.7,89.11,6.36
90,1713,339,Reinforcement Learning,407.0,528.71,23.02,69.77,19.03
78,417,707,Bin Packing,139.38,257.21,45.81,75.69,5.35
86,416,889,FCFS,324.18,514.2,36.95,75.75,4.84
26,1361,259,FCFS,349.41,503.89,30.66,83.61,52.35
50,1886,496,FCFS,182.73,360.0,49.24,95.72,37.72
95,427,893,FCFS,430.4,493.7,12.82,99.33,4.49
17,1765,599,Round Robin,346.17,639.07,45.83,84.18,103.82
37,512,308,Reinforcement Learning,358.29,422.83,15.26,80.2,13.84
9,1667,232,Bin Packing,299.1,393.81,24.05,87.28,185.22
94,62,480,Round Robin,463.84,683.39,32.13,86.72,0.66
81,585,532,Reinforcement Learning,377.57,466.45,19.05,80.96,7.22
31,1241,708,QoS Aware Heuristic,252.73,329.45,23.29,89.48,40.03
82,319,830,FCFS,195.44,283.85,31.15,79.65,3.89
28,1143,488,Bin Packing,128.42,193.9,33.77,99.86,40.82
71,1391,682,Reinforcement Learning,166.14,278.97,40.45,61.96,19.59
67,425,531,QoS Aware Heuristic,497.07,614.85,19.16,77.73,6.34
98,1162,373,FCFS,262.71,437.37,39.93,75.88,11.86
52,1774,450,QoS Aware Heuristic,459.47,619.15,25.79,90.81,34.12
67,306,233,QoS Aware Heuristic,168.23,336.66,50.03,67.63,4.57
82,266,165,Round Robin,270.14,474.15,43.03,77.36,3.24
16,499,738,QoS Aware Heuristic,484.21,591.95,18.2,87.92,31.19
32,943,304,Round Robin,136.45,220.13,38.01,84.13,29.47
48,1617,397,Round Robin,337.59,607.31,44.41,81.8,33.69
97,1214,216,QoS Aware Heuristic,467.67,676.16,30.83,77.4,12.52
47,1234,366,Reinforcement Learning,479.87,545.04,11.96,90.08,26.26
21,81,893,QoS Aware Heuristic,438.4,728.66,39.83,85.86,3.86
44,1897,248,QoS Aware Heuristic,442.37,665.64,33.54,94.99,43.11
53,1225,293,Reinforcement Learning,360.87,448.8,19.59,89.32,23.11
89,1932,779,FCFS,188.17,480.45,60.83,65.62,21.71
61,1333,923,Bin Packing,392.27,533.62,26.49,84.78,21.85
91,1801,985,FCFS,491.35,787.48,37.6,61.78,19.79
88,1352,278,QoS Aware Heuristic,310.37,386.19,19.63,75.49,15.36
68,1358,247,FCFS,204.28,294.27,30.58,76.48,19.97
79,659,564,Bin Packing,329.39,543.74,39.42,94.2,8.34
61,966,668,FCFS,376.24,431.78,12.86,67.21,15.84
78,591,104,Bin Packing,183.31,237.98,22.97,85.74,7.58
78,1675,625,FCFS,387.68,635.68,39.01,67.7,21.47
74,197,379,Round Robin,334.97,426.92,21.54,97.95,2.66
92,705,598,QoS Aware Heuristic,344.94,624.64,44.78,81.18,7.66
80,116,935,Bin Packing,222.4,378.87,41.3,88.33,1.45
47,1942,535,QoS Aware Heuristic,162.11,430.52,62.35,85.86,41.32
27,619,915,Round Robin,349.38,503.82,30.65,72.15,22.93
31,1866,315,FCFS,334.49,517.05,35.31,96.05,60.19
62,1352,786,QoS Aware Heuristic,235.2,364.33,35.44,85.09,21.81
41,797,927,FCFS,218.36,432.88,49.56,80.41,19.44
10,492,614,FCFS,238.9,368.45,35.16,81.13,49.2
69,946,986,QoS Aware Heuristic,295.95,401.74,26.33,95.63,13.71
10,1938,236,Bin Packing,489.93,560.19,12.54,62.36,193.8
54,448,711,Bin Packing,405.43,469.85,13.71,75.56,8.3
26,1201,694,QoS Aware Heuristic,440.7,567.19,22.3,93.67,46.19
92,1410,379,Bin Packing,302.26,536.38,43.65,61.5,15.33
29,531,231,Reinforcement Learning,310.45,411.86,24.62,85.57,18.31
83,1794,492,FCFS,181.73,306.54,40.72,76.13,21.61
94,997,580,QoS Aware Heuristic,388.42,664.71,41.57,68.18,10.61
76,235,612,Round Robin,268.63,478.42,43.85,84.46,3.09
55,218,727,QoS Aware Heuristic,396.98,676.91,41.35,93.24,3.96
92,1757,518,QoS Aware Heuristic,263.62,541.43,51.31,78.69,19.1
52,1333,301,FCFS,143.41,209.26,31.47,65.87,25.63
74,1790,751,Round Robin,169.22,457.97,63.05,72.25,24.19
69,1720,757,FCFS,424.63,487.42,12.88,99.25,24.93
64,1631,561,Bin Packing,203.45,484.85,58.04,64.44,25.48
50,556,877,QoS Aware Heuristic,205.74,392.42,47.57,66.43,11.12
40,570,301,FCFS,471.75,655.05,27.98,99.61,14.25
62,1544,251,Reinforcement Learning,363.05,591.37,38.61,95.28,24.9
80,210,996,QoS Aware Heuristic,145.72,415.52,64.93,88.29,2.62
42,1362,321,Bin Packing,157.43,361.68,56.47,66.04,32.43
15,389,178,FCFS,208.95,365.3,42.8,69.62,25.93
16,1973,299,FCFS,337.6,415.57,18.76,67.21,123.31
46,1906,861,Reinforcement Learning,401.13,648.43,38.14,85.24,41.43
43,1575,198,Bin Packing,209.8,291.87,28.12,75.95,36.63
75,1179,312,Reinforcement Learning,448.26,679.85,34.06,61.91,15.72
15,1875,242,QoS Aware Heuristic,143.67,325.65,55.88,71.65,125.0
40,1548,801,Round Robin,183.04,329.5,44.45,94.43,38.7
56,1926,488,FCFS,488.19,691.44,29.4,91.84,34.39
35,1673,912,Reinforcement Learning,153.9,396.99,61.23,85.72,47.8
37,1536,473,FCFS,455.24,740.52,38.52,63.42,41.51
17,1556,151,FCFS,381.57,497.74,23.34,95.31,91.53
22,753,723,Reinforcement Learning,129.23,416.01,68.94,81.38,34.23
45,1226,234,FCFS,293.48,583.72,49.72,79.78,27.24
62,872,510,Bin Packing,307.59,561.0,45.17,97.36,14.06
60,1722,569,Bin Packing,472.86,743.22,36.38,60.35,28.7
28,834,211,Round Robin,268.44,491.55,45.39,82.24,29.79
77,1222,624,Bin Packing,278.71,338.48,17.66,91.65,15.87
35,1261,884,Reinforcement Learning,144.99,338.76,57.2,62.55,36.03
59,1726,844,Bin Packing,355.67,592.47,39.97,74.29,29.25
14,180,143,Round Robin,184.36,469.79,60.76,99.1,12.86
64,1525,496,QoS Aware Heuristic,131.01,323.62,59.52,68.47,23.83
6,565,684,QoS Aware Heuristic,498.77,747.32,33.26,81.25,94.17
19,1564,360,Reinforcement Learning,207.85,434.11,52.12,89.84,82.32
7,1549,842,Round Robin,156.42,276.62,43.45,75.61,221.29
47,1336,644,Bin Packing,379.8,468.48,18.93,76.31,28.43
35,1611,487,Round Robin,428.67,666.4,35.67,62.53,46.03
74,1532,575,FCFS,125.63,234.07,46.33,67.6,20.7
71,585,509,Round Robin,142.16,253.33,43.88,95.22,8.24
60,1851,679,Bin Packing,136.07,347.06,60.79,92.73,30.85
67,790,115,Reinforcement Learning,118.78,366.05,67.55,72.19,11.79
79,830,761,FCFS,363.78,559.36,34.96,75.27,10.51
19,1710,903,Round Robin,335.33,606.58,44.72,77.62,90.0
96,1757,201,QoS Aware Heuristic,365.12,467.98,21.98,73.84,18.3
14,1819,285,Bin Packing,302.27,415.37,27.23,86.16,129.93
42,1368,124,Reinforcement Learning,427.0,636.24,32.89,60.51,32.57
51,1988,171,Bin Packing,318.67,576.01,44.68,95.21,38.98
61,1508,692,Round Robin,467.5,652.34,28.33,72.03,24.72
54,1348,672,Reinforcement Learning,294.26,346.86,15.16,94.89,24.96
75,637,117,QoS Aware Heuristic,416.26,635.5,34.5,78.18,8.49
19,1381,853,FCFS,262.94,516.34,49.08,91.05,72.68
22,775,669,Round Robin,274.09,393.23,30.3,93.03,35.23
86,992,431,Reinforcement Learning,439.6,503.15,12.63,72.05,11.53
92,1046,988,FCFS,143.06,322.55,55.65,85.61,11.37
6,425,668,Reinforcement Learning,325.97,386.51,15.66,84.3,70.83
88,1231,196,Round Robin,390.53,544.53,28.28,79.04,13.99
47,1887,826,Reinforcement Learning,400.17,454.62,11.98,78.78,40.15
30,253,930,QoS Aware Heuristic,336.6,442.84,23.99,72.21,8.43
75,1038,111,Reinforcement Learning,279.23,426.44,34.52,72.41,13.84
42,710,110,Round Robin,204.31,282.24,27.61,81.93,16.9
98,124,262,Reinforcement Learning,463.77,542.31,14.48,61.29,1.27
46,1453,382,FCFS,247.92,504.69,50.88,97.35,31.59
9,790,828,FCFS,419.6,479.96,12.58,86.0,87.78
15,353,971,Bin Packing,112.67,334.91,66.36,77.74,23.53
69,1135,934,Bin Packing,192.87,446.49,56.8,62.47,16.45
38,619,340,QoS Aware Heuristic,238.23,320.91,25.76,85.2,16.29
5,835,956,FCFS,368.63,467.47,21.14,60.71,167.0
87,1181,144,Bin Packing,227.73,438.1,48.02,87.19,13.57
6,1260,692,Reinforcement Learning,116.55,245.46,52.52,62.9,210.0
89,1036,354,QoS Aware Heuristic,169.55,338.66,49.94,86.24,11.64
24,278,166,Round Robin,203.67,462.67,55.98,76.24,11.58
65,1121,713,Bin Packing,170.42,254.92,33.15,86.51,17.25
91,1904,702,Bin Packing,181.49,386.4,53.03,65.54,20.92
25,317,141,FCFS,407.58,693.18,41.2,64.7,12.68
92,776,887,QoS Aware Heuristic,264.81,329.18,19.55,69.9,8.43
72,851,915,FCFS,262.07,327.07,19.87,76.46,11.82
16,303,885,FCFS,486.64,675.33,27.94,70.12,18.94
26,1006,483,QoS Aware Heuristic,278.68,568.7,51.0,63.28,38.69
24,919,688,Reinforcement Learning,471.06,576.18,18.24,73.0,38.29
86,136,333,Bin Packing,219.63,352.33,37.66,88.23,1.58
5,1254,813,FCFS,260.25,334.91,22.29,83.32,250.8
34,1098,584,Bin Packing,258.51,399.07,35.22,98.53,32.29
28,1461,832,QoS Aware Heuristic,318.43,379.51,16.09,77.44,52.18
18,271,873,Reinforcement Learning,333.7,480.97,30.62,73.31,15.06
40,1039,138,Round Robin,199.25,388.12,48.66,87.75,25.98
73,446,110,Reinforcement Learning,417.43,711.18,41.3,76.48,6.11
79,987,723,QoS Aware Heuristic,298.61,553.21,46.02,84.73,12.49
28,560,508,Reinforcement Learning,102.82,358.34,71.31,97.85,20.0
64,610,207,Round Robin,336.54,443.58,24.13,79.97,9.53
99,895,193,FCFS,419.22,491.03,14.62,79.93,9.04
59,489,922,Reinforcement Learning,200.19,400.96,50.07,91.01,8.29
81,1248,183,QoS Aware Heuristic,115.15,295.43,61.02,90.24,15.41
84,1977,157,Reinforcement Learning,422.87,602.0,29.76,80.65,23.54
28,360,392,Round Robin,490.51,567.76,13.61,62.59,12.86
81,1347,115,QoS Aware Heuristic,130.63,304.1,57.04,99.23,16.63
28,84,576,Reinforcement Learning,475.21,562.8,15.56,75.09,3.0
58,266,937,QoS Aware Heuristic,243.71,399.24,38.96,72.67,4.59
30,770,704,Round Robin,476.58,542.12,12.09,99.26,25.67
70,1745,264,FCFS,359.54,623.76,42.36,94.89,24.93
84,1065,536,Round Robin,456.1,509.4,10.46,73.21,12.68
42,1481,826,FCFS,414.33,699.16,40.74,72.33,35.26
69,568,755,Bin Packing,111.2,376.92,70.5,88.84,8.23
79,318,885,Round Robin,126.18,364.33,65.37,73.37,4.03
55,687,502,FCFS,310.3,605.94,48.79,70.06,12.49
39,524,485,Bin Packing,151.85,215.3,29.47,99.19,13.44
47,1953,237,Bin Packing,284.41,494.81,42.52,82.63,41.55
33,1398,815,Bin Packing,481.85,744.18,35.25,90.5,42.36
41,1429,913,QoS Aware Heuristic,217.9,299.55,27.26,88.52,34.85
85,139,821,Round Robin,295.57,491.76,39.9,90.22,1.64
62,1115,630,Round Robin,253.7,402.18,36.92,96.14,17.98
58,1438,905,Round Robin,351.93,510.89,31.11,80.03,24.79
43,1744,392,Round Robin,177.54,455.67,61.04,90.14,40.56
46,1275,574,QoS Aware Heuristic,203.98,388.64,47.51,91.87,27.72
32,1439,979,Round Robin,443.51,516.83,14.19,97.86,44.97
33,1867,561,FCFS,424.53,708.83,40.11,88.52,56.58
47,1031,912,Bin Packing,415.68,511.98,18.81,95.7,21.94
7,1917,472,QoS Aware Heuristic,408.37,681.53,40.08,63.8,273.86
14,337,261,QoS Aware Heuristic,283.77,576.5,50.78,65.04,24.07
63,1676,741,Round Robin,391.56,661.02,40.76,66.33,26.6
18,530,143,Bin Packing,254.88,474.16,46.25,65.79,29.44
80,686,964,FCFS,140.28,376.17,62.71,63.5,8.57
51,550,182,Bin Packing,257.35,482.32,46.64,64.9,10.78
46,1711,991,Reinforcement Learning,163.47,328.6,50.25,99.84,37.2
98,101,735,Bin Packing,256.34,374.94,31.63,70.89,1.03
36,1989,638,FCFS,218.97,340.22,35.64,79.12,55.25
36,152,915,FCFS,339.66,572.45,40.67,92.86,4.22
46,1434,961,FCFS,244.62,451.13,45.78,64.73,31.17
36,1497,618,QoS Aware Heuristic,382.24,578.46,33.92,72.69,41.58
30,748,510,QoS Aware Heuristic,304.86,518.01,41.15,66.37,24.93
5,1278,440,Reinforcement Learning,467.8,711.5,34.25,62.5,255.6
60,1087,810,Bin Packing,136.41,373.5,63.48,98.43,18.12
6,1689,723,Round Robin,375.08,451.43,16.91,94.33,281.5
85,1702,188,Reinforcement Learning,368.96,509.72,27.62,95.17,20.02
34,519,739,Round Robin,480.25,596.24,19.45,94.75,15.26
75,1539,329,Round Robin,248.62,433.18,42.61,66.18,20.52
56,1377,117,Reinforcement Learning,222.18,287.53,22.73,91.4,24.59
95,1678,900,Bin Packing,168.96,409.58,58.75,89.11,17.66
13,476,772,Round Robin,206.12,282.75,27.1,97.02,36.62
26,1729,963,QoS Aware Heuristic,300.76,418.61,28.15,68.77,66.5
38,159,989,QoS Aware Heuristic,435.09,680.78,36.09,76.56,4.18
53,1748,380,Reinforcement Learning,213.71,276.6,22.74,71.8,32.98
5,1638,521,Round Robin,163.1,378.15,56.87,70.32,327.6
77,564,777,Reinforcement Learning,208.85,489.97,57.37,86.1,7.32
88,117,871,QoS Aware Heuristic,140.37,344.78,59.29,66.56,1.33
57,1319,975,Reinforcement Learning,470.68,698.84,32.65,78.59,23.14
87,438,801,Round Robin,449.05,697.12,35.58,85.87,5.03
44,1723,437,Round Robin,223.4,328.96,32.09,65.21,39.16
49,357,365,QoS Aware Heuristic,198.8,394.04,49.55,70.28,7.29
72,1998,902,FCFS,462.16,589.42,21.59,98.69,27.75
13,1425,454,FCFS,100.71,213.08,52.74,91.82,109.62
26,1872,459,Bin Packing,340.23,438.34,22.38,87.08,72.0
22,1139,890,QoS Aware Heuristic,466.4,662.76,29.63,94.24,51.77
80,509,316,Bin Packing,303.42,552.05,45.04,60.56,6.36
47,396,420,QoS Aware Heuristic,101.19,370.16,72.66,60.24,8.43
43,374,949,Round Robin,187.55,344.7,45.59,66.16,8.7
77,716,818,QoS Aware Heuristic,468.98,612.2,23.39,79.81,9.3
10,1672,764,Reinforcement Learning,106.81,328.64,67.5,82.8,167.2
87,1106,792,Bin Packing,257.91,503.0,48.73,64.55,12.71
52,117,311,QoS Aware Heuristic,415.9,529.23,21.41,62.89,2.25
11,236,884,Bin Packing,435.24,559.56,22.22,93.13,21.45
84,241,302,QoS Aware Heuristic,291.04,474.39,38.65,78.58,2.87
73,1286,816,FCFS,192.99,354.09,45.5,99.7,17.62
20,1673,995,Bin Packing,339.88,566.33,39.99,69.17,83.65
5,477,252,Round Robin,205.51,381.63,46.15,85.89,95.4
41,1424,781,Round Robin,202.11,280.01,27.82,92.18,34.73
87,1181,528,QoS Aware Heuristic,423.04,514.53,17.78,94.91,13.57
41,1313,852,Round Robin,161.71,437.19,63.01,72.25,32.02
85,265,386,Round Robin,102.21,209.06,51.11,67.73,3.12
68,226,856,Bin Packing,234.71,297.23,21.03,69.04,3.32
94,1638,420,QoS Aware Heuristic,296.39,529.25,44.0,86.67,17.43
90,1403,535,Bin Packing,382.03,603.03,36.65,80.89,15.59
66,610,691,QoS Aware Heuristic,412.45,612.47,32.66,83.96,9.24
76,930,595,Round Robin,365.41,540.97,32.45,60.82,12.24
65,675,703,QoS Aware Heuristic,350.6,643.0,45.47,75.64,10.38
37,1523,248,QoS Aware Heuristic,366.3,446.26,17.92,72.41,41.16
70,656,641,Reinforcement Learning,208.61,386.15,45.98,94.55,9.37
34,1520,734,QoS Aware Heuristic,252.94,443.95,43.03,91.05,44.71
24,1610,998,Reinforcement Learning,346.57,402.19,13.83,77.18,67.08
64,1717,581,Bin Packing,126.23,279.23,54.79,85.22,26.83
86,228,425,Reinforcement Learning,218.13,463.83,52.97,61.91,2.65
78,444,128,Bin Packing,262.57,430.34,38.99,85.49,5.69
28,1218,358,QoS Aware Heuristic,313.38,582.2,46.17,63.89,43.5
8,925,797,Bin Packing,294.59,505.79,41.76,88.56,115.62
41,1011,174,Round Robin,387.25,628.77,38.41,82.95,24.66
8,247,656,QoS Aware Heuristic,289.37,540.49,46.46,72.02,30.88
81,1018,680,Reinforcement Learning,461.65,684.03,32.51,74.83,12.57
93,1910,597,FCFS,252.13,489.48,48.49,63.6,20.54
81,1157,515,QoS Aware Heuristic,310.15,533.98,41.92,72.91,14.28
22,718,978,Round Robin,101.28,288.9,64.94,98.67,32.64
92,1158,821,Bin Packing,224.19,415.82,46.08,79.45,12.59
70,506,850,Reinforcement Learning,446.63,544.1,17.91,78.97,7.23
52,1549,439,Reinforcement Learning,233.43,490.29,52.39,85.17,29.79
37,1326,407,Round Robin,201.27,329.3,38.88,79.38,35.84
62,1960,803,Round Robin,317.41,501.34,36.69,74.22,31.61
87,121,983,QoS Aware Heuristic,131.49,243.88,46.08,65.58,1.39
77,272,714,FCFS,312.64,536.61,41.74,85.21,3.53
32,325,340,FCFS,221.47,515.26,57.02,89.96,10.16
39,1868,352,Bin Packing,253.24,503.73,49.73,96.92,47.9
14,1849,319,Reinforcement Learning,416.55,621.32,32.96,60.12,132.07
